name,categ_id,type,detailed_type
Free delivery charges,41,service,service
TAPA GENERAL NEXTRACKER ALTERNO,15,product,product
ANCHO DE MAQUINA 90 AAC TRIPLE ​,15,product,product
ANCHO DE MAQUINA 55 ECT SENCILLO,15,product,product
CHAROLA H STICK ALTERNO,15,product,product
"TAPA PLASTICA 48"" X 45""",33,product,product
FORMIFLEX IC-CONDUCTIVE 150 LV,19,consu,consu
"CINTA DELIMITADORA 2""",19,consu,consu
XLPE 4# BARRA SUDAFRICA,32,product,product
COLOR CAR REMOV. ESPECIAL DE PINT 8350,25,consu,consu
ETIQUETA ESD VARROC,19,consu,consu
ESMALTE AMARILLO CANARIO  DOAL,25,consu,consu
ESMALTE BLANCO MATE DOAL,25,consu,consu
BOLSA  FLOOR CONSOLE,32,product,product
BOLSA DOOR CONSOLE,32,product,product
POLIFOAM DE 1/4 - PISO 22 X 24,15,product,product
CELDA 20X,14,product,product
Service on Timesheet,1,service,service
"NAVAJA 6""",19,consu,consu
SERVICIO LOGISTICO,18,service,service
GRAPA BURBUJA FIFA 58-PFC,19,consu,consu
NEGRO GCMI-34,19,consu,consu
CINTA DE PAPEL,19,consu,consu
223462 CHAROLA GM177,14,product,product
CELDA LINNER,14,product,product
ESQUINERO,14,product,product
PAD.21.5X18.5X.020 CHIP,14,product,product
252422 CAJA CHICA INTER,14,product,product
341332 CELDA - U611 & U625,24,product,product
341332 CHAROLA - U611 & U625,24,product,product
341332 DIVISOR - U611 & U625,24,product,product
357790-CAJA,14,product,product
357790-TAPA,14,product,product
358268-CAJA,14,product,product
358268-TAPA,14,product,product
BX.10X10.5X5 DIECUT,14,product,product
CAJA OUTER TESLA,14,product,product
REJILLA OUTER TESLA,14,product,product
TAPA OUTER TESLA,14,product,product
444816 CHAROLA AUDI Q5,14,product,product
TOLLING CELDA BEZEL G07,18,service,service
"TOOLING TOYOTA COVER 370B, 241B",18,service,service
928069 CHAROLA CHATTANOOGA,14,product,product
PALLET BOX 560249 BMW,23,product,product
BOX 051660 SUNRISE MEDICAL - CAJA HSC,14,product,product
BOX 12*15*07 ALTERNATE FCA - CAJA,14,product,product
BOX 12*15*07 ALTERNATE FCA - TAPA,14,product,product
BOX 143907,14,product,product
TELA NO TEJIDA 50GRS,15,product,product
BOX 2066WT,14,product,product
BOX 3899VH ,14,product,product
BOX 3905VU,14,product,product
"938591   SIZE 16""",14,product,product
"938830 SIZE 24""               ",14,product,product
BOX 5506KR,14,product,product
BOX 755266 MOPAR,14,product,product
BSM OUTER CELDA 10X,23,consu,consu
CAJA 310 VARROC,14,product,product
CAJA 380,14,product,product
"VELCRO AUTO 1"" PARA DUNNAGE 2415",30,product,product
CAJA 396 VARROC,14,product,product
CAJA 397 VARROC,14,product,product
CAJA 695,14,product,product
CAJA 726 VARROC,14,product,product
CAJA 727 VARROC,14,product,product
CAJA 746,14,product,product
CAJA 747,14,product,product
Y0093053 CAJA 760,14,product,product
CAJA 763,14,product,product
CAJA 764,14,product,product
CAJA 768,14,product,product
CAJA 784,14,product,product
CAJA 808 VARROC,14,product,product
CAJA 808 30 CAV,14,product,product
CAJA 809 VARROC,14,product,product
CAJA 810 VARROC,14,product,product
Y0093065,14,product,product
Y0093065/ G906510 EXPENDABLE 989,14,product,product
Y0032851,14,product,product
Y0093051/ G906510 EXPENDABLE CAJA HSG W166,14,product,product
Y101388 CAJA K2XL,14,product,product
CAR818060 ROCKER INDIVIDUAL SERVICIO,23,consu,consu
Y0093070/CAJA MOLDE (48x15x07),14,product,product
Y0093053 CAJA POR 440 OHC,14,product,product
CAJA RSC SHOCK TOWER,14,product,product
Y0093058 CAJA TUNDRA,14,product,product
CAJA VENTILAS Y0032852,14,product,product
CAR818057,23,product,product
CAR818057-CA,14,product,product
CAR818057-CE,14,product,product
CAR818057-TA,14,product,product
CAR818059-CA,14,product,product
CAR818059-CE,14,product,product
CAR818059-TA,14,product,product
CAR818060,14,product,product
/ CAJA INTERMEDIA CORR DOB 21X13X12IN TO,14,product,product
CELDA 310 VARROC,14,product,product
CELDA 380,14,product,product
CELDA 396 VARROC,14,product,product
CELDA 397 VARROC,14,product,product
CELDA 726 VARROC,14,product,product
CELDA 727 VARROC,14,product,product
CELDA 746,14,product,product
DUNNAGE ENDCAP,28,product,product
CELDA 747,14,product,product
CELDA 763,14,product,product
CELDA 764,14,product,product
CELDA 768,14,product,product
CELDA 808 VARROC,14,product,product
CELDA 809 VARROC,14,product,product
CELDA 810 VARROC,14,product,product
CELDA 955061,24,product,product
CELDA AUDI Q5,24,product,product
CELDA B 396,20,product,product
CELDA GM177,24,product,product
G906510 EXPENDABLE CELDA 11X C,14,product,product
CELDA VW CHATTANOOGA,24,product,product
Y0093060 CELDA MAP POCKET FRONT  ,14,product,product
Y0093069/ DS-MAP POCKET REAR CELDA,14,product,product
Y0093076-MAP POCKET UPPER CELDA,14,product,product
Charola 955061,24,product,product
CHAROLA ARMADA 784,14,product,product
CHAROLA AUDI Q5,24,product,product
CHAROLA GM177,24,product,product
CHAROLA VW CHATTANOOGA,24,product,product
CHRYSLER INSERT DJ PART 694087,14,product,product
CELDA A 536,20,product,product
CELDA A 558,20,product,product
CELDA A 589,20,product,product
CELDA A 615,20,product,product
CELDA A 675,20,product,product
CELDA A 694,20,product,product
CELDA A 696,20,product,product
CELDA A 706,20,product,product
CELDA A 735,20,product,product
CELDA B 536,20,product,product
CELDA B 558,20,product,product
CELDA B 589,20,product,product
CELDA B 615,20,product,product
CELDA B 675,20,product,product
CELDA B 694,20,product,product
CELDA B 696,20,product,product
CELDA B 706,20,product,product
CELDA B 735,20,product,product
CELDA C 536,20,product,product
AS PAD ( CELDA ) TAPA,14,product,product
CELDA C 615,14,product,product
CELDA C 706,20,product,product
Y0102008 CUADRADO DE BLOQUEO K2XL   ,14,product,product
CUELLO SHOCK TOWER,14,product,product
DIVISOR AUDI Q5,24,product,product
DIVISOR CON DOBLEZ VW CHATTANOOGA,24,product,product
DIVISOR GM177,24,product,product
DIVISOR ZIGZAG VW CHATTANOOGA,24,product,product
EMPAQUE KIT PARA ROLLOS DE VINIL CERVECE,23,consu,consu
ESQUINERO 747,14,product,product
GSH001,23,consu,consu
GSH001-CA,14,product,product
GSH001-TA,14,product,product
GSH002,23,consu,consu
GSH002-CA,14,product,product
GSH002-CE,14,product,product
GSH002-TA,14,product,product
PIEZA A DUNNAGE ENDCAP,30,product,product
INSERT 642762 ,14,product,product
INSERT 734453 MOPAR,14,product,product
INSERT 755027 MOPAR,14,product,product
INSERT FORD DAMPER ,14,product,product
NEW NEXTRACKER BOX-CELDA,14,product,product
NEW NEXTRACKER BOX-CHAROLA,24,product,product
NEW NEXTRACKER BOX-TAPA,24,product,product
LID CARDBOARD 1120X1165X762MM,14,product,product
CARTON: BP#=48CP302: SHT=1: DETAIL=1: DA,14,product,product
CARTON: BP#=48CP303: SHT=1: DETAIL=1: DA,14,product,product
CARTON: BP#=48CP418: SHT=1: DETAIL=1: DA,23,product,product
CARTON: BP#=48CP419: SHT=1: DETAIL=1: DA,23,product,product
CARTON: BP#=48CP552: SHT=1: DETAIL=1: DA,14,product,product
CARTON: BP#=48CP517: SHT=1: DETAIL=1: DA,23,product,product
CARTON: BP#=48CP588: SHT=1: DETAIL=1: DA,14,product,product
CARTON: BP#=48CP600: SHT=1: DETAIL=1: DA,23,product,product
CARTON: BP#=48CP601: SHT=1: DETAIL=1: DA,23,product,product
CARTON: BP#=48CP615: SHT=1: DETAIL=1: DA,14,product,product
CARTON: BP#=48CP693: SHT=1: DETAIL=1: DA,14,product,product
CARTON: BP#=48CP706: SHT=1: DETAIL=1: DA,14,product,product
CARTON: BP#=48CP718: SHT=1: DETAIL=1: DA,14,product,product
CARTON: BP#=48CP720: SHT=1: DETAIL=1: DA,14,product,product
CARTON: BP#=48CP729: SHT=1: DETAIL=1: DA,14,product,product
CARTON:BP#=48CP732:SHT=1:DETAIL=1:DA,14,product,product
REJILLAVENTILA9X-CELDA A,20,product,product
REJILLAVENTILA9X-CELDA B,20,product,product
REJILLAVENTILA9X-TELA17gr,14,product,product
CARTON:BP#=48CP735:SHT=1:DETAIL=1:DA,14,product,product
CARTON: BP#=48CP739: SHT=1: DETAIL=1: DA,14,product,product
CARTON: BP#=48CP753: SHT=1: DETAIL=1: DA,14,product,product
CARTON: BP#=48CP797: SHT=1: DETAIL=1: DA,14,product,product
CARTON: BP#=48CP801: SHT=1: DETAIL=1: DA,14,product,product
CARTON: BP#=48CP849: SHT=1: DETAIL=1: DA,14,product,product
CARTON: BP#=48CP857: SHT=1: DETAIL=1: DA,14,product,product
CARTON:BP#=48CP876:SHT=1:DETAIL=1:DA,14,product,product
CARTON: BP#=48CP877: SHT=1: DETAIL=1: DA,14,product,product
CARTON: BP#=48CP984: SHT=1:DA,14,product,product
CARTON:BP#=48CP985:SHT=1:DETAIL=1:DA,23,product,product
CARTON: BP#=48CP986: SHT=1: DETAIL=1: DA,14,product,product
CARTON: BP#=48CP987: SHT=1: DETAIL=1: DA,14,product,product
CARTON: BP#=48CP990: SHT=1: DETAIL=1: DA,14,product,product
CARTON: BP#=48CP997: SHT=1: DETAIL=1: DA,14,product,product
KIT: BP#=48CP1028: SHT=1: DETAIL=1: DATE,23,product,product
KIT: BP#=48CP1029: SHT=1: DETAIL=1: DATE,23,product,product
KIT: BP#=48CP1031: SHT=1: DETAIL=1: DATE,23,product,product
KIT:BP=48CO1037:SHT=1:DETAIL=1DATE,14,product,product
EMPAQUE CARTON BODY SIDE,23,product,product
EMPAQUE CARTON LA HEAD LAMP,23,product,product
CAJA DE CARTON 440 X 265X 150M,23,product,product
CAJA DE CARTON 360 X340X145M,23,product,product
CAJA DE CARTON 267X227X117MM,14,product,product
KIT EMPAQUE MERCEDES LPD: JUEGO DE EMPAQ,23,product,product
CARTON:BP#48CP1069,14,product,product
KIT SERVICIO TITAN/ARMADA,23,product,product
Kit CHMSL D544 CARTON BP#48CP2001: SHT=,23,product,product
PIEZA B DUNNAGE ENDCAP,30,product,product
KIT 30 CAV DRAWING/48CP2054,23,product,product
KIT 90 CAV DRAWING/48CP2055,23,product,product
KIT: BP DRAWING/48C P2102,23,product,product
TOOLING PARA DUNNAGE LEXUS ALTERNO,18,service,service
NEW NEXTRACKER BOX-CHAROLA ARMADA,14,product,product
NEW NEXTRACKER BOX-TAPA GNRL,14,product,product
PAD 3894VF MEDIUM,14,product,product
PAD 3895VA LARGE,14,product,product
PAD 6587RJ,14,product,product
PISO CC91 & P8,14,product,product
Y0093054 REJILLA 760,14,product,product
Y0093066 REJILLA 989,14,product,product
Y0093064/ G906510 EXPENDABLE -REJILLA BADGE 28X,14,product,product
Y0093072/G906510 EXPENDABLE -REJILLA BADGE 54X,14,product,product
REJILLA HONDA ,14,product,product
Y0093074/ G906510 EXPENDABLE REJILLA LENTE ROJO,14,product,product
Y0093054 - REJILLA POR 440 OHC,14,product,product
Y0093059 REJILLA TUNDRA,14,product,product
Y0093063/ G906510 EXPENDABLE - REJILLA 9X,14,product,product
GSH001-CE-A,20,product,product
GSH001-CE-B,20,product,product
GSH002-CE-A,20,product,product
GSH002-CE-B,20,product,product
CELDA A 768,20,product,product
CELDA B 768,20,product,product
CELDA C 768,20,product,product
CELDA D 768,20,product,product
CELDA A 763,20,product,product
CELDA B 763,20,product,product
CELDA C 763,20,product,product
CELDA D 763,20,product,product
CELDA A 809,20,product,product
CELDA B 809,20,product,product
EQUIPO DE COMPUTO,18,consu,consu
CELDA A 747,20,product,product
CELDA B 747,20,product,product
CELDA A 396,20,product,product
CELDA A 729,20,product,product
CELDA B 729,20,product,product
CELDA C 729,20,product,product
CELDA D 729,20,product,product
CELDA E 729,20,product,product
CELDA F 729,20,product,product
CELDA G 729,20,product,product
CELDA A 764,20,product,product
CELDA B 764,20,product,product
CELDA C 764,20,product,product
CELDA D 764,20,product,product
CELDA A 380,20,product,product
CELDA B 380,20,product,product
CELDA A 810,20,product,product
CELDA B 810,20,product,product
CELDA A 727,20,product,product
CELDA B 727,20,product,product
CELDA C 727,20,product,product
CELDA A 726,20,product,product
CELDA B 726,20,product,product
CELDA A 746,20,product,product
CELDA B 746,20,product,product
PIEZA C DUNNAGE ENDCAP,30,product,product
PARED 745,20,product,product
CELDA A 397,20,product,product
CELDA B 397,20,product,product
NEW NEXTRACKER BOX-CELDA-A,24,product,product
NEW NEXTRACKER BOX-INSERTO,24,product,product
CAR818057-CE-E,14,product,product
CAR818059-CE-E,14,product,product
CAR818071-BL1,14,product,product
CAR818071-BL1-SE,20,product,product
CAR818071-BL1-CA,20,product,product
CAR818071-CA,14,product,product
CAR818071-BL2,14,product,product
CAR818071-BL3,14,product,product
SEPARADOR 396 VARROC,14,product,product
SEPARADOR 809 VARROC,14,product,product
SEPARADOR 810 VARROC,14,product,product
CELDA 3x3 DJ SERVICIO AIR BOX,14,product,product
Y0102006 SOPORTE K2XL,14,product,product
TAPA 397 VARROC,14,product,product
TAPA 695,14,product,product
TAPA 746,14,product,product
TAPA 747,14,product,product
Y0093067/ G906510 EXPENDABLE TAPA PARA PROGRAMA 96,14,product,product
Y0093067 TAPA 989,14,product,product
TAPA CC91 & P8,14,product,product
Y0032859,14,product,product
Y0102003 TAPA K2XL,14,product,product
Y0093055 TAPA POR 440 OHC,14,product,product
G906510 EXPENDABLE TAPA 46 X 49 C,14,product,product
TAPA/CHAROLA SHOCK TOWER,14,product,product
Y0093052 /G906510 EXPENDABLE TAPA W166,14,product,product
DS-MAP POCKET UPPER TAPA Y0093077,14,product,product
TESLA BOX TMC 150,14,product,product
TESLA INSERT TMC 150,14,product,product
Y102007 TRIANGULO K2XL ,14,product,product
U 745,20,product,product
BX.RSC 42 ECT 22X22X8,14,product,product
PAD CHIP 12.75X21.1250,14,product,product
CAR818057,14,product,product
Y0093055 TAPA TUNDRA,14,product,product
Y0093075/DS-MAP POCKET UPPER CAJA,14,product,product
TOOLING BMW EXPORTACIÓN SLEEVE DOBLE,18,service,service
TOOLING CAJA BEZEL/CARRIER G,18,service,service
TOOLING CELDA CARRIER,18,service,service
TOOLING FOR INSERT DJ 694087,18,service,service
TOOLING INSERT 241B,18,service,service
TOOLING INSERT 370B,18,service,service
TOOLING PARA CAJA LEXUS ALTERNO,18,service,service
INSERT 4151ZP                    ,14,product,product
LINER 200  14PE EN 68 X 57 CMS,15,product,product
LINER 200 14PE EN 58 X 33.5 CMS,15,product,product
NEXTRACKER TARIMA   40X40,15,product,product
TARIMA DUCTO / PARA CC91 & P8,15,product,product
CHAROLA 955961,15,product,product
"ESQUINERO 2.75"" x 2.75"" x 27.5"" Cal. 190",15,product,product
ESQUINERO 2.75” x 2.75” x 40” CAL. 225,15,product,product
MICROALAMBRE AINOX,15,product,product
PIEZA D DUNNAGE ENDCAP,30,product,product
WOVEN ADHESIVO   / TELA NO TEJIDA ADHESIVA,27,product,product
ESQUINERO IZQ Y DER,27,product,product
PLASTILONA INCOLORA,27,product,product
ROD GIR 4X2 FENOLICA,15,product,product
PERFIL 10MM,27,product,product
VELCRO AUTOADHERIBLE,27,product,product
COROPLAST 4.0 MM 122X244 NEGRO,15,product,product
755AY / 757AY / 769AY,23,consu,consu
ANCHO DE MAQUINA VERMONT SENCILLO 44,15,product,product
QTR 5PZS GARNISH,14,product,product
SPACER LOAD FLOOR,23,consu,consu
CHAROLA SPACER LOAD FLOOR,14,product,product
CELDA SPACER LOAD FLOOR,14,product,product
CELDA A SPACER LOAD FLOOR,20,product,product
CELDA B SPACER LOAD FLOOR,20,product,product
CAJA HSC INLET SERVICIO,14,product,product
TAPA INLET SERVICIO,14,product,product
PAD INLET SERVICIO,14,product,product
"BOX 939069 34""",14,product,product
TAPA PARA TARIMA DE CARTÓN,20,product,product
TAPA PARA TARIMA DE CARTÓN 73381,20,product,product
TACÓN BAJO,20,product,product
LAMINA PARA CELDA TUNDRA,24,product,product
MITAD DE CUELLO SHOCK TOWER,20,product,product
LAMINA PARA CELDA 989,20,product,product
"939308 SIZE 48"" - MITAD SIN SELLO",24,product,product
"CAJA INDUSTRIAL 48"" CON SELLO",24,product,product
KIT WOM FRONT,14,product,product
KIT WOM REAR,14,product,product
CAJA A HSC QTR LOWER,20,product,product
CAJA PIEZA B HSC QTR LOWER,20,product,product
CAJA HSC QTR LOWER,20,product,product
CELDA A QTR LOWER,20,product,product
CELDA B QTR LOWER,20,product,product
CELDA QTR LOWER,20,product,product
TAPA QTR LOWER,20,product,product
SERVICIO,18,service,service
CELDA C&D 768,20,product,product
CELDA A 378,20,product,product
CELDA B 378,20,product,product
"CAJA INDUSTRIAL 16"" CON SELLO",24,product,product
"CAJA INDUSTRIAL 16"" SIN SELLO",24,product,product
"CAJA INDUSTRIAL 24"" CON SELLO",24,product,product
"CAJA INDUSTRIAL 24"" SIN SELLO",24,product,product
LAMINA VENTILA LAMINADA,20,product,product
LAMINA LENTE ROJO LAMINADA,20,product,product
CORTE CAJA 440,20,product,product
CORTE CAJA VENTILA,20,product,product
CORTE PARA CAJA TRASERO,31,product,product
SERVICE PACKING CARGO BOX (DIVIDER)12X,23,consu,consu
Etiqueta Ropack Material Estireno Cal.20 Medida 171mm X 114mm,25,product,product
ROPAK AUTOMOTRIZ SEMINUEVO CLASE A CON 5 SEPARADORES DE PLASTICO CORRUGADO 4MM SUJETOS AL CONTENEDOR CON TIRA DE NYLON,28,product,product
EQUINERO PARA 746,14,product,product
GUA-KNEC102,28,product,product
GUA-KNET002,28,product,product
GUA-KNEU002,28,product,product
GUA-KNEV002,28,product,product
GUA-KNEW002,28,product,product
CAJA PARA ROLLOS DE VINIL CERVECE,14,product,product
INSERTO PARA ROLLOS DE VINIL CERVECE,14,product,product
CAJA RSC 2415-11 BACK UP,14,product,product
SBW SUBETINA STICKER,28,product,product
ICP DUNNAGE TELA NO TEJIDA,28,product,product
ICP DUNNAGE 2MM DUBETINA STICKER + TAPA TRANSFLEX,28,product,product
CAJA HSC CARGO BOX (DIVIDER) Q1,20,product,product
CAJA HSC CARGO BOX (DIVIDER) Q2,20,product,product
TAPA CARGO BOX (DIVIDER),14,product,product
KIT OUTER ETAPA VFF VW316,23,product,product
CAJA RSC OUTER ETAPA VFF VW316,14,product,product
CELDA OUTER ETAPA VFF VW316,14,product,product
CELDA A OUTER ETAPA VFF VW316,20,product,product
CELDA B OUTER ETAPA VFF VW316,20,product,product
CELDA C OUTER ETAPA VFF VW316,20,product,product
KIT INNER ETAPA VFF VW316,23,product,product
CAJA RSC INNER ETAPA VFF VW316,14,product,product
CELDA INNER ETAPA VFF VW316,14,product,product
CELDA A INNER VFF VW316,20,product,product
CELDA B INNER VFF VW316,20,product,product
CELDA C INNER VFF VW316,20,product,product
KIT COVER SIDE VFF VW316,23,product,product
CAJA RSC COVER SIDE VFF VW316,14,product,product
CELDA COVER SIDE VFF VW316,14,product,product
CELDA A COVER SIDE VFF VW316,20,product,product
CELDA B COVER SIDE VFF VW316,20,product,product
PAD COVER SIDE VFF VW316,14,product,product
"CORNER BOARD 22.5""",32,product,product
"CORNER BOARD 33""",14,product,product
"CAJA INDUSTRIAL 16"" ROTATIVA",24,product,product
LAMINA PARA LENTE ROJO,20,product,product
CAJA DE CARTÓN BACK UP CANASTILLA GRIS- P3,14,product,product
CAJA PARA CABLE SET,20,product,product
TAPA TARIMA 42*48,20,product,product
BASE TARIMA 42*48,20,product,product
TACON ESPIRAL ALTO,20,product,product
TAPA ROTOR,28,product,product
Esquinero Kraft 2.75” x 2.75” x 57cm Cal .225,32,product,product
CD211321,14,product,product
ESQUINERO CARGO BOX (DIVIDER),14,product,product
REMACHE NO. 37,17,consu,consu
PORTA ETIQUETA 180 X 60,25,consu,consu
ETIQUETA VINIL ADHESIVO 2 X 6CMS,17,consu,consu
NAVAJA REPUESTO RX-110  C/5,19,consu,consu
DESHEBRADOR PLASTICO - 480PCTC800-Y,17,consu,consu
CINTA MET PROF DFV 19MM CM/PLG79202,17,consu,consu
755AY / 757AY / 769AY CAJA,14,product,product
A24 BLACK CORRUGATED PLASTIC TOTE,28,product,product
"BLISTER TAPA A-24 PET CAL 0.025""",17,product,product
IP SKIN VAC FORM,18,service,service
CHAROLA A24,20,product,product
CELDAS Y PORTA-FICHA A24,30,product,product
CELDA A - A24,20,product,product
CELDA B - A24,20,product,product
CELDA C - A24,20,product,product
PORTA-FICHAS - A24,20,product,product
CANALETA 460mm - A24,20,product,product
CANALETA 56mm - A24,20,product,product
DISCO CORTE 4 1/2  ACERO INOXIDABLE,17,consu,consu
DISCO LAMINADO 4 1/2 TENAZIT,25,consu,consu
"PIJA PUNTA DE BROCA 8 X 1/2"" ZINC",17,consu,consu
KOLA LOKA 3.5GMS. GOTERITO,19,consu,consu
PAPEL HIGIENICO JUMBO C/12,19,consu,consu
DETERGENTE LIQUIDO LAVALOZA 4LTS,19,consu,consu
CLORO 4LTS,19,consu,consu
SARRICIDA 4LTS,19,consu,consu
FABULOSO 4LTS,19,consu,consu
PLASTIGANCHO WIESE 60GMS,19,consu,consu
PLEDGE,19,consu,consu
VASO CONICO C/250 PZAS,19,consu,consu
GLADE 400ML,19,consu,consu
SHAMPOO P/MANOS 4LTS.,19,consu,consu
TOALLA INT. FAPSA BLANCA C/2000,19,consu,consu
TRAPEADO ALGODON 1KG,19,consu,consu
BOLSA 70 X 90CMS NEGRA,19,consu,consu
FUNDA P/MOP 90CMS,19,consu,consu
TELA MAGITEL  C/ 5,19,consu,consu
ETIQUETAS DE 6 X 2 CMS - WINDOW PLATE HIGH,17,consu,consu
ETIQUETAS DE 6 X 2 CMS - WINDOW PLATE MID_LOW,17,consu,consu
ETIQUETA NUMEROS - WINDOW PLATE,17,consu,consu
CASE 500B,28,product,product
CHAROLA CASE,30,product,product
PARED CASE,30,product,product
CHAROLA SUB,30,product,product
CASE CELDA A,30,product,product
CASE CELDA B,30,product,product
CASE CELDA C,30,product,product
CASE TAPA PANEL A,20,product,product
CASE TAPA PANEL B,20,product,product
CASE TAPA ARMADA,30,product,product
CASE CELDA ARMADA,30,product,product
CASE PISO,30,product,product
CASE CHAROLA SUB ARMADA,30,product,product
SUPERLONA,17,product,product
"SOLERA 3/8 X 2"" X 6.10MTS",27,product,product
CONO PLASTICO CORRUGADO AZUL,28,product,product
"PUNTAS PHILLIPS #2, LARGO 2"" C/5",25,consu,consu
BISAGRA TUBULAR 3/4,25,consu,consu
PRODUCTOS DE OFICINA PAPELERIA,18,service,service
ACEITE DE PINO 4LTS,19,consu,consu
GUANTE DE LATEX DESECHABLE C/100,19,consu,consu
BOLSA 90 X 120 CMS,19,consu,consu
CUBREBOCAS C/ 150 PZAS,19,consu,consu
COFIA DESECHABLE C/ 100 PZAS,19,consu,consu
SERVILLETA TRAD. C/ 500 PZAS,19,consu,consu
TOALLA ROLLO FAPSA BCA C/ 6 ROLLOS,19,consu,consu
GUA-VELC010,25,service,service
"ARANDELA PLANA DE 4.8MM 3/16"" ZINC",25,product,product
WINDOW PLATE 500B,28,product,product
CUERPO CHAROLA,14,product,product
CUERPO CHAROLA WINDOW PLATE,30,product,product
PARED CHAROLA WINDOW PLATE,30,product,product
CELDA A WINDOW PLATE,30,product,product
CELDA B WINDOW PLATE,30,product,product
TAPA PANEL A WINDOW PLATE,20,product,product
TAPA PANEL B WINDOW PLATE,20,product,product
CHAROLA WINDOW PLATE,30,product,product
CELDA ARMADA WINDOW PLATE,30,product,product
PISO WINDOW PLATE,30,product,product
CHAROLA ARMADA,30,product,product
TAPA,20,product,product
TAPA ARMADA,30,product,product
TAPA ARMADA WINDOW PLATE,30,product,product
CHAROLA ARMADA WINDOW PLATE,30,product,product
SUAJES,18,service,service
MEDICAMENTOS Y CURACION,18,service,service
REPUESTO P/NAVAJA CUT6/6X TRUPER,19,consu,consu
AFLOJATODO AEROSOL WD 40 11OZ 310GR,19,consu,consu
"BROCA THUNDERBOLT TITANIUM 3/8"" MILWAUKEE 48-89-2221",19,consu,consu
REFACCIONES PAILERA,17,consu,consu
REFACCIONES ROTATIVA,19,consu,consu
CONSUMIBLES CABINA DE PINTURA,25,consu,consu
"REGLA XLPE 4# ESPESOR 1"" (45CM X 1CM)",27,product,product
ALTERNO INNER 6 CAVIDADES CX727,14,product,product
EMPAQUE TIPO CELDADO CON INSERTOS DE 6 CAVIDADES,14,product,product
CONSUMIBLES SEGURIDAD E HIGIENE,18,consu,consu
BOLSA 500G CAFE ORGANICO DE CHIAPAS,18,consu,consu
AZUCAR,18,consu,consu
CONSUMIBLES MAQUINA ROTATIVA,19,consu,consu
"TOTE 24"" x 15"" x 9"" FONDO REFORZADO",27,product,product
CAJA RSC COVER SIDE VFF VW316 (copia),14,product,product
HERRAMENTAL CAJA SOLAR,18,service,service
PRISMA CUERPO CAJA,20,product,product
PRISMA PARED DE CAJA,20,product,product
PRISMA PISO,20,product,product
PRISMA CAJA ENSAMBLE,20,product,product
PRISMA CELDA A,14,product,product
PRISMA CELDA B,14,product,product
PRISMA CELDA C,14,product,product
PRISMA CELDA D,14,product,product
PRISMA CELDA ENSAMBLADA,20,product,product
PRISMA TAPA PANEL A,14,product,product
PRISMA TAPA PANEL B,14,product,product
PRISMA TAPA ENSAMBLE,20,product,product
PRISMA ENSAMBLE,28,product,product
PRISMA SUAJE 1,18,service,service
PRISMA SUAJE 2,18,service,service
PRISMA PARA SUAJE 3,18,service,service
XLPE 2# NGO/ADHESIVO 8302 - 535MM x 49MM x 25.4MM,27,product,product
TOOLING,25,consu,consu
COROPLAST 4.0 MM 1.40 X 2.44MTS NEGRO CONDUCTIVO,27,product,product
Esquinero Kraft 2.75” x 2.75” x 7.5cm Cal .200,15,product,product
TARJETAS DE PRESENTACION,18,service,service
Herramental Nextracker Mejora de Diseño,18,service,service
REJILLA SASM-CELDA A,20,product,product
REJILLA SASM-CELDA B,20,product,product
REJILLA SASM-CELDA C,20,product,product
PETG MX 0.5 MM 122 X 244,27,product,product
CAJA PARA CAJA 5,14,product,product
TOOLING TESLA EXPORT,18,service,service
FOTOPOLIMERO 0.25 (GRABADO),18,consu,consu
"TUBO ACERO 1"" CAL.18",27,product,product
ESCOBA PEÑOLERA DE ESPIGA,19,consu,consu
ARMAZON P/ MOP DE 90 CMS,19,consu,consu
TELA CELTEX C/ 20 PZAS,19,consu,consu
CUBETA DE PLASTICO 20 LTS,19,consu,consu
GUANTE DE LATEX P/LIMPIEZA,19,consu,consu
EVOLON 240G,27,product,product
FLETE,18,service,service
ETIQUETAS COSTURA FORM,25,consu,consu
TORNILLO ALLEN CABEZA PLANA M.M. 10 x 40,19,consu,consu
KIT SOLARES,14,product,product
CHAROLA SOLARES,20,product,product
CHAROLA SOLARES (copia),20,product,product
TAPA SOLARES (copia),20,product,product
CELDA SOLARES (copia),20,product,product
"FRENO DE PISO 4""",27,product,product
"RODAJA GIRATORIA 3 1/2"" X 1 1/4""",27,product,product
PLASTILONA ANTI STAT  (ESD),27,product,product
"CHAROLA DE PLASTICO CORRUGADO VERDE 4 MM, CELDA 5 CAVIDADES + BASE DE CAJA CON DOBLE PISO PARA FACILITAR LA LIMPIEZA DE CAJA + TAPA DE PLASTICO",28,product,product
X247 NOZZLE DUNNAGE,28,product,product
X247 GLOVE BOX COVER OUTER DUNNAGE,28,product,product
X247 IP LOWER DUNNAGE,28,product,product
TEMPORARY EXPENDABLE PACKAGING,18,service,service
ESMALTE COMEX 100 TOTAL GALON,25,consu,consu
PTR 1 1/2 CAL. 12,27,product,product
"PTR 2"" CAL. 12",27,product,product
"SOLERA 1 1/2""  GROSOR 1/8""",27,product,product
"SOLERA 1 1/2""  GROSOR 5/16""",27,product,product
RIEL 1400 CAL. 18,27,product,product
"SOLERA DE 1 1/2"" GROSOR 3/8",27,product,product
"PLACA 20CM X 25CM 3/16""",27,product,product
"PLACA 15CM X 20CM 3/16""",27,product,product
RESISTOL 5000 DE 4LTO.,25,consu,consu
BROCA RECTA AV ZANCO REDUCIDO C/COBALTO 3/4 SURTEK,25,consu,consu
ARRENDAMIENTO AUTOMOTRIZ,18,service,service
GASTOS DE VENTA,1,product,product
RECOLECCIÓN DE RESIDUOS,1,service,service
CAFETERIA,1,service,service
INTERNET,1,service,service
NOMINA CARTÓN,1,service,service
REPARACIÓN DE SUAJES,18,service,service
SERVICIO MEDICO,1,service,service
SEGUROS Y FIANZAS,1,service,service
GRATIFICACIÓN A EMPLEADOS,1,service,service
CAPACITACIÓN Y ADIESTRAMIENTO,1,service,service
SERVICIO DE ENERGÍA ELÉCTRICA,1,service,service
RENTA DE IMPRESORAS,1,service,service
CONSULTORIA,1,service,service
RENTA DE GPS DE FLOTILLAS,1,service,service
COMBUSTIBLE,1,service,service
PAQUETERIA EXPRES,1,service,service
DUNNAGE FOAM,28,product,product
DUNNAGE LOWER COVER,28,product,product
DUNNAGE LOWER COVER CLOSEOUT,28,product,product
EQUIPO DE SEGURIDAD,1,service,service
PRODUCTOS INDIRECTOS DE FABRICACION,1,service,service
MAQUILA,1,service,service
DUNNAGE E SHIFTER TOP FINISH PANEL,28,product,product
NOMINA RETORNABLE,1,service,service
AGUA,18,service,service
RENTA DE BODEGA,1,service,service
DUNNAGE 22X24-10X,28,product,product
FLETES CARTON,1,service,service
MANTENIMIENTO DE SISTEMAS COMPUTACIONALES,1,service,service
PROYECTO DE ERP ODOO,1,service,service
DUNNAGE PIVOT CAP,28,product,product
DUNNAGE PNL CNSL REAR PANEL,28,product,product
FLETE RETORNABLE,1,service,service
DUNNAGE PARA RACK,14,product,product
MATERIAL Y EQUIPO DE LIMPIEZA,1,service,service
MANTENIMIENTO DE MAQUINARIA,1,service,service
SERVICIOS PROFESIONALES,1,service,service
ACCESORIOS EQUIPO DE TRANSPORTE,18,service,service
MANTENIMIENTO AUTOMOTRIZ,1,service,service
EQUIPO DE MANTENIMIENTO,1,service,service
PAPELERIA Y EQUIPO DE OFICINA,1,service,service
RENTA DE INMUEBLE,1,service,service
SERVICIOS DE TELEFONÍA,1,service,service
COMUNICACIÓN,1,service,service
PRUEBAS DE RESISTENCIA,1,service,service
INSERTO DE PLÁSTICO PAR BINS DE CABLE SET,28,product,product
Descuento,1,service,service
"CAJA INDUSTRIAL 24"" ROTATIVA COMPLETA",24,product,product
"RODAJA GIRATORIA 6"" X 2",27,product,product
"RODAJA FIJA 6"" X 2",27,product,product
LAMINA DE CARTON,15,product,product
SWD,23,consu,consu
SWD CAJA,14,product,product
SWD CELDA,14,product,product
SWD CELDA A,20,product,product
SWD CELDA B,20,product,product
CORTES BLANKETS HIBRIDA,18,service,service
CELDA CHATTANOOGA G4 (STAB 1),24,product,product
776AY - CENTER STACK,23,consu,consu
776AY - CENTER STACK CAJA,14,product,product
776AY - CENTER STACK CELDA,14,product,product
776AY - CENTER STACK CELDA A,20,product,product
776AY - CENTER STACK CELDA B,20,product,product
780-AY CAJA,14,product,product
DUNNAGE PARA RACK (copia),14,product,product
DUNNAGE PARA RACK (copia),14,product,product
DUNNAGE 22X24-10X (copia),28,product,product
DUNNAGE FOAM (copia),14,product,product
DUNNAGE 22X24-10X (copia),28,product,product
CHEVY MID PANEL,23,consu,consu
CHEVY MID PANEL TAPA,14,product,product
CHEVY MID PANEL CAJA,14,product,product
CHEVY MID PANEL CELDA 5X,14,product,product
CHEVY MID PANEL CELDA A,20,product,product
CHEVY MID PANEL CELDA B,20,product,product
CHEVY MID PANEL CELDA C,20,product,product
CHEVY MID PANEL CELDA D,20,product,product
KIT B02A ALTERNO,23,product,product
CAJA RSC B02A,14,product,product
CELDA B02A,14,product,product
CELDA B02A - CELDA A,20,product,product
CELDA B02A - CELDA B,20,product,product
CELDA B02A - CELDA C,20,product,product
CELDA B02A - CELDA D,20,product,product
CELDA B02A - CELDA E,20,product,product
CELDA B02A - CELDA F,20,product,product
CHEVY MID PANEL CELDA,14,product,product
CHEVY MID PANEL INDIVIDUAL CELDA A,20,product,product
CHEVY MID PANEL INDIVIDUAL CELDA B,20,product,product
CHEVY MID PANEL INDIVIDUAL CELDA C,20,product,product
T7 DIAL / BOLSA TELA NO TEJIDA,14,product,product
T7 PRISMA BOLSA DE TELA NO TEJIDA,14,product,product
UPPER PANEL HOOD DENALI,23,consu,consu
UPPER PANEL HOOD DENALI CAJA,14,product,product
UPPER PANEL HOOD DENALI CELDA,14,product,product
UPPER PANEL HOOD DENALI CELDA A,20,product,product
UPPER PANEL HOOD DENALI CELDA B,20,product,product
UPPER PANEL HOOD DENALI TAPA,14,product,product
IP UPPER INDIVIDUAL CAJA,14,product,product
IP UPPER INDIVIDUAL INSERTO ENSAMBLADO,14,product,product
IP UPPER INDIVIDUAL INSERTO,20,product,product
CELDADO CORRUGADO BLANCO 5MM,28,product,product
CELDADO UPPER PANEL FRAME - CELDA A,20,product,product
CELDADO UPPER PANEL FRAME - CELDA B,20,product,product
MID BOLSTER,23,consu,consu
MID BOLSTER CAJA,14,product,product
MID BOLSTER CELDA,14,product,product
MID BOLSTER CELDA A,20,product,product
MID BOLSTER CELDA B,20,product,product
AS PAD ( CELDA ) CAJA,14,product,product
AS PAD ( CELDA ) CELDA,14,product,product
AS PAD ( CELDA ) CELDA A,20,product,product
AS PAD ( CELDA ) CELDA B,20,product,product
755AY / 757AY / 769AY CELDA,14,product,product
755AY / 757AY / 769AY CELDA A,20,product,product
755AY / 757AY / 769AY CELDA B,20,product,product
755AY / 757AY / 769AY CAJA,14,product,product
785AY,23,consu,consu
785AY CAJA,14,product,product
785AY CELDA,14,product,product
785AY CELDA A,20,product,product
785AY CELDA B,20,product,product
803AY / 805AY,23,consu,consu
803AY / 805AY CAJA,14,product,product
803AY / 805AY TAPA,14,product,product
803AY / 805AY CELDA,14,product,product
803AY / 805AY CELDA A,20,product,product
803AY / 805AY CELDA B,20,product,product
IP EXTENSION INDIVIDUAL,14,product,product
IP EXTENSION INDIVIDUAL CELDA,14,product,product
IP EXTENSION INDIVIDUAL CELDA A,20,product,product
IP EXTENSION INDIVIDUAL CELDA B,20,product,product
753AY / 759AY,23,consu,consu
753AY / 759AY CAJA,14,product,product
753AY / 759AY CELDA,14,product,product
753AY / 759AY CELDA A,20,product,product
753AY / 759AY CELDA B,20,product,product
779-AY,23,consu,consu
779-AY CAJA,14,product,product
779-AY CELDA,14,product,product
779-AY CELDA A,20,product,product
779-AY CELDA B,20,product,product
DUNNAGE ARMADO ENDCAP,30,product,product
DOOR UPPER,23,consu,consu
DOOR UPPER CAJA,14,product,product
DOOR UPPER CELDA,14,product,product
DOOR UPPER TAPA,14,product,product
DOOR UPPER CELDA A,20,product,product
DOOR UPPER CELDA B,20,product,product
[CMP-0086] POLIFOAM DE 1/4 DE 2X2.1 MTS con corte a 59.5CCMS,15,product,product
DRIVER OB,23,consu,consu
DRIVER OB CAJA,14,product,product
DRIVER OB CELDA,14,product,product
DRIVER OB CELDA A,20,product,product
DRIVER OB CELDA B,20,product,product
PASS MID PANEL,23,consu,consu
PASS MID PANEL CAJA,14,product,product
PASS MID PANEL CELDA,14,product,product
PASS MID PANEL CELDA A,20,product,product
PASS MID PANEL CELDA B,20,product,product
PASS MID PANEL TAPA,14,product,product
PAB,23,consu,consu
PAB CAJA,14,product,product
PAB CELDA,14,product,product
PAB CELDA A,20,product,product
PAB CELDA B,20,product,product
PAB TAPA,14,product,product
CHEVY STRAP,23,consu,consu
CHEVY STRAP CAJA,14,product,product
CHEVY STRAP CELDA,14,product,product
CHEVY STRAP CELDA A,20,product,product
CHEVY STRAP CELDA B,20,product,product
Dunnage CX430 FG,28,product,product
UPPER PANEL HOOD DENALI INDIVIDUAL,14,product,product
RH/LH SIDE PANEL CONSOLE INDIVIDUAL,14,product,product
RH/LH SIDE PANEL CONSOLE,23,consu,consu
RH/LH SIDE PANEL CONSOLE CAJA,14,product,product
RH/LH SIDE PANEL CONSOLE CELDA,14,product,product
RH/LH SIDE PANEL CONSOLE CELDA A,20,product,product
RH/LH SIDE PANEL CONSOLE CELDA B,20,product,product
RH/LH APPLIQUE CONSOLE INDIVIDUAL,14,product,product
RH/LH APPLIQUE CONSOLE,23,consu,consu
RH/LH APPLIQUE CONSOLE CAJA,14,product,product
RH/LH APPLIQUE CONSOLE CELDA,14,product,product
RH/LH APPLIQUE CONSOLE CELDA A,20,product,product
RH/LH APPLIQUE CONSOLE CELDA B,20,product,product
RACK WIP UPPER (SPOILER) CX727,28,product,product
RH CONSOLE EXTENSION PANEL LH INDIVIDUAL,14,product,product
RH CONSOLE EXTENSION PANEL LH,23,consu,consu
ENCAPS SOLIDO,27,product,product
RH CONSOLE EXTENSION PANEL LH CAJA,14,product,product
RH CONSOLE EXTENSION PANEL LH CELDA,14,product,product
RH CONSOLE EXTENSION PANEL LH CELDA A,20,product,product
RH CONSOLE EXTENSION PANEL LH CELDA B,20,product,product
PENNISULA CONSOLE INDIVIDUAL,14,product,product
PASS MID PANEL INDIVIDUAL,14,product,product
PAB INDIVIDUAL,14,product,product
MID BOLSTER INDIVIDUAL,14,product,product
"MAP POCKET 30""",23,consu,consu
"MAP POCKET 30"" CAJA",14,product,product
"MAP POCKET 30"" CELDA",14,product,product
"MAP POCKET 30"" CELDA A",20,product,product
"MAP POCKET 30"" CELDA B",20,product,product
"MAP POCKET 24""",23,consu,consu
"MAP POCKET 24"" CAJA",14,product,product
"MAP POCKET 24"" CELDA",14,product,product
"MAP POCKET 24"" CELDA A",20,product,product
"MAP POCKET 24"" CELDA B",20,product,product
EQUIPO DE TRANSPORTE,18,service,service
LH DRIVER MID PANEL INDIVIDUAL,14,product,product
LH DRIVER MID PANEL,23,consu,consu
LH DRIVER MID PANEL CAJA,14,product,product
LH DRIVER MID PANEL CELDA,14,product,product
LH DRIVER MID PANEL CELDA A,20,product,product
LH DRIVER MID PANEL CELDA B,20,product,product
IP TOPPER INDIVIDUAL,14,product,product
IP TOPPER INDIVIDUAL CAJA,20,product,product
IP TOPPER INDIVIDUAL CELDA,20,product,product
IP TOPPER INDIVIDUAL CELDA A,20,product,product
IP TOPPER INDIVIDUAL CELDA B,20,product,product
IP RH/LH END CAP,14,product,product
IP RH/LH END CAP,23,consu,consu
IP RH/LH END CAP CAJA,14,product,product
IP RH/LH END CAP CELDA,14,product,product
IP RH/LH END CAP CELDA A,20,product,product
IP RH MID PANEL,14,product,product
IP RH MID PANEL CAJA,20,product,product
IP RH MID PANEL CELDA,20,product,product
IP RH MID PANEL CELDA A,20,product,product
IP KNEE BOLSTER INDIVIDUAL,14,product,product
IP KNEE BOLSTER,23,consu,consu
IP KNEE BOLSTER CAJA,14,product,product
IP KNEE BOLSTER CELDA,14,product,product
IP KNEE BOLSTER CELDA A,20,product,product
IP KNEE BOLSTER CELDA B,20,product,product
IP HOOD INDIVIDUAL,14,product,product
IP HOOD,23,consu,consu
IP HOOD CAJA,14,product,product
IP HOOD CELDA,14,product,product
IP HOOD CELDA A,20,product,product
IP HOOD CELDA B,20,product,product
IP GLOVE BOX SURROUND INDIVIDUAL,14,product,product
IP GLOVE BOX DOOR INDIVIDUAL,14,product,product
IP GLOVE BOX DOOR,14,product,product
IP GLOVE BOX DOOR CAJA,20,product,product
IP GLOVE BOX DOOR CELDA,20,product,product
IP GLOVE BOX DOOR CELDA A,20,product,product
GLOVE BOX ASSAMBLY INDIVIDUAL,14,product,product
END CAP CONSOLE INDIVIDUAL,14,product,product
END CAP CONSOLE,23,consu,consu
END CAP CONSOLE CAJA,14,product,product
END CAP CONSOLE CELDA,14,product,product
END CAP CONSOLE CELDA A,20,product,product
DRIVER OB INDIVIDUAL,14,product,product
DRAWER CONSOLE INDIVIDUAL,14,product,product
3206268 BX.22X36X20 HSC,18,service,service
PAPER BMW LHD TOP DR,18,consu,consu
PAPER BMW LHD TOP PS,18,service,service
CAJA TAPA REJILLA TUNDRA,18,service,service
CAJA TAPA REJILLA TUNDRA,18,service,service
CAJA TAPA REJILLA TUNDRA,18,service,service
[CL12-1] ,1,consu,consu
DOOR UPPER INDIVIDUAL,14,product,product
[C-0587] [CL12-1] ,18,service,service
DOOR LOWER CARRIER,23,consu,consu
DOOR LOWER CARRIER CAJA,14,product,product
DOOR LOWER CARRIER CELDA,14,product,product
DOOR LOWER CARRIER CELDA A,20,product,product
DOOR LOWER CARRIER CELDA B,20,product,product
CHEVY STRAP INDIVIDUAL,14,product,product
CADILLAC UPPER,23,consu,consu
CADILLAC UPPER CAJA,14,product,product
CADILLAC UPPER CELDA,14,product,product
CADILLAC UPPER CELDA A,20,product,product
CADILLAC UPPER CELDA B,20,product,product
CADILLAC UPPER individual,14,product,product
ARMREST CONSOLE ( LID CONSOLE ) INDIVIDUAL,14,product,product
ARMREST CONSOLE ( LID CONSOLE ),23,consu,consu
ARMREST CONSOLE ( LID CONSOLE ) CAJA,14,product,product
ARMREST CONSOLE ( LID CONSOLE ) CELDA,14,product,product
ARMREST CONSOLE ( LID CONSOLE ) CELDA A,20,product,product
803AY / 805AY INDIVIDUAL,14,product,product
788 / 791,23,consu,consu
788 / 791 CAJA,14,product,product
788 / 791 CELDA,14,product,product
788 / 791 CELDA A,20,product,product
788 / 791 CELDA B,20,product,product
788 / 791 INDIVIDUAL,14,product,product
787 / 792,23,consu,consu
787 / 792 CAJA,14,product,product
787 / 792 CELDA,14,product,product
787 / 792 CELDA A,20,product,product
787 / 792 CELDA B,20,product,product
787 / 792 INDIVIDUAL,14,product,product
785AY INDIVIDUAL,14,product,product
780-AY INDIVIDUAL,14,product,product
779-AY INDIVIDUAL,14,product,product
776AY - CENTER STACK INDIVIDUAL,14,product,product
764AY,23,consu,consu
764AY CAJA,14,product,product
764AY CELDA,14,product,product
764AY CELDA A,20,product,product
764AY CELDA B,20,product,product
764AY INDIVIDUAL,14,product,product
762AY,23,consu,consu
762AY CAJA,14,product,product
762AY CELDA,14,product,product
762AY CELDA A,20,product,product
762AY CELDA B,20,product,product
762AY INDIVIDUAL,14,product,product
761AY,23,consu,consu
761AY CAJA,14,product,product
761AY CELDA,14,product,product
761AY CELDA A,20,product,product
761AY CELDA B,20,product,product
761AY INDIVIDUAL,14,product,product
PZA A DUNNAGE SWITCH BEZEL,30,product,product
755AY / 757AY / 769AY INDIVIDUAL,14,product,product
CELDA A 808 VARROC,20,product,product
CELDA B 808 VARROC,20,product,product
COSTURA CONSOLA 26/17/22 INDIVIDUAL,14,product,product
COSTURA CONSOLA 24/22/14 INDIVIDUAL,14,product,product
2X DOOR UPPER,23,consu,consu
2X DOOR UPPER CAJA,14,product,product
2X DOOR UPPER CELDA,14,product,product
2X DOOR UPPER TAPA,14,product,product
2X DOOR UPPER CELDA A,20,product,product
2X DOOR UPPER CELDA B,20,product,product
KIT REFLEX,23,product,product
CAJA RSC REFLEX,14,product,product
CELDA A REFLEX,20,product,product
CELDA B REFLEX,20,product,product
DIVISOR REFLEX,14,product,product
CELDA ARMADA REFLEX,14,product,product
DR PAD 18 CAV,23,consu,consu
DR PAD 18 CAV CAJA,14,product,product
DR PAD 18 CAV CELDA,14,product,product
DR PAD 18 CAV CELDA A,20,product,product
DR PAD 18 CAV CELDA B,20,product,product
DR PAD 24 CAV,23,consu,consu
DR PAD 24 CAV CAJA,14,product,product
DR PAD 24 CAV CELDA,14,product,product
DR PAD 24 CAV CELDA A,20,product,product
DR PAD 24 CAV CELDA B,20,product,product
927838,14,product,product
TESLA XDA90 CHAROLA ENSAMBLADA,20,product,product
TESLA XDA90 CHAROLA SUAJADA,20,product,product
TESLA XDA90 CELDA A,20,product,product
TESLA XDA90 CELDA B,20,product,product
"CHAROLA DE PLASTICO CORRUGADO VERDE 4MM, CELDA 5 CAVIDADES + BASE DE CAJA CON DOBLE PISO PARA FACILITAR LA LIMPIEZA DE CAJA + TAPA DE PLASTICO",28,product,product
793,23,consu,consu
793 CAJA,14,product,product
793 CELDA,14,product,product
793 CELDA A,20,product,product
793 CELDA B,20,product,product
793 INDIVIDUAL,14,product,product
739AY / 743AY,23,consu,consu
739AY / 743AY CAJA,14,product,product
739AY / 743AY CELDA,14,product,product
739AY / 743AY CELDA A,20,product,product
739AY / 743AY CELDA B,20,product,product
739AY / 743AY INDIVIDUAL,14,product,product
740AY,23,consu,consu
740AY CAJA,14,product,product
740AY CELDA,14,product,product
740AY CELDA A,20,product,product
740AY CELDA B,20,product,product
740AY INDIVIDUAL,14,product,product
751AY / 754AY,23,consu,consu
751AY / 754AY CAJA,14,product,product
751AY / 754AY CELDA,14,product,product
751AY / 754AY CELDA A,20,product,product
751AY / 754AY CELDA B,20,product,product
751AY / 754AY INDIVIDUAL,14,product,product
753AY / 759AY INDIVIDUAL,14,product,product
T1XX,23,consu,consu
T1XX CAJA,14,product,product
T1XX CELDA,14,product,product
T1XX CELDA A,20,product,product
T1XX CELDA B,20,product,product
Venta de Dólares,18,service,service
"ETIQUETA U725 IC WINDOW PLATE 3.52 X 1.375""",25,consu,consu
CHEVY MID PANEL INDIVIDUAL,23,consu,consu
WL FRONT REFLECTOR PACKAGES,28,product,product
WL REAR REFLECTOR PACKAGES,28,product,product
N61506401 CELDA A,20,product,product
N61506401 CELDA B,20,product,product
TAPA RETORNABLE NEXTRACKER,28,product,product
Tesla Armrest,14,product,product
Facturas 2018,18,service,service
RACK BODY,28,product,product
Dunnage Switch bezel assembly,28,product,product
"ST95CD-G8VTA CD4 FORD 5 CELL CORRUGATED BLACK PLASTIC, DUNNAGE WITH WHITE TYVEK 2473-L",28,product,product
3921156 BX.48X15X7 RSC,18,service,service
N61506825 CAJA,14,product,product
N61506825 SEPARADOR,14,product,product
N61506825 CELDADO,14,product,product
N61506825 CELDA A,20,product,product
N61506825 CELDA B,20,product,product
N61506825 CELDA C,20,product,product
N61506825 CELDA D,20,product,product
N61506825 CELDA E,20,product,product
N61506825 CELDA F,20,product,product
N61506825 CELDA G,20,product,product
N61506825 CELDA H,20,product,product
APPLIQUE ALTERNO,23,consu,consu
Caja para applique alterno,14,product,product
Celda a Applique alterno,20,product,product
celda b applique alterno,20,product,product
celda applique alterno,14,product,product
tapa applique alterno,14,product,product
divisor applique alterno,14,product,product
SEPARADOR PARA RACK,28,product,product
SEPARADOR PARA RACK (COROPLAST),30,product,product
SEPARADOR PARA RACK (CANALETA),30,product,product
SEPARADOR PARA RACK (CANALETA B),30,product,product
SEPARADOR PARA RACK (TIRA),30,product,product
739AY PARA RETONABLE CELDA A,20,product,product
739AY PARA RETONABLE CELDA B,20,product,product
740AY PARA RETORNABLE,14,product,product
740AY PARA RETORNABLE CELDA A,20,product,product
740AY PARA RETORNABLE CELDA B,20,product,product
753AY / 759AY PARA RETORNABLE,14,product,product
753AY / 759AY PARA RETORNABLE CELDA A,20,product,product
753AY / 759AY PARA RETORNABLE CELDA B,20,product,product
754AY PARA RETORNABLE,14,product,product
739AY PARA RETONABLE CELDA A,20,product,product
754AY PARA RETONABLE CELDA B,20,product,product
755AY / 757AY / 769AY PARA RETORNABLE,14,product,product
755AY / 757AY / 769AY PARA RETORNABLE CELDA A,20,product,product
755AY / 757AY / 769AY PARA RETORNABLE CELDA B,20,product,product
761AY PARA RETORNABLE,14,product,product
761AY PARA RETORNABLE CELDA A,20,product,product
761AY PARA RETORNABLE CELDA B,20,product,product
767AY PARA RETORNABLE,14,product,product
764AY PARA RETORNABLE CELDA A,20,product,product
764AY PARA RETORNABLE CELDA B,20,product,product
776AY PARA RETORNABLE CELDA A,20,product,product
776AY PARA RETORNABLE CELDA B,20,product,product
779AY PARA RETORNABLE,14,product,product
779AY PARA RETORNABLE CELDA A,20,product,product
779AY PARA RETORNABLE CELDA B,20,product,product
780AY PARA RETORNABLE,14,product,product
780AY PARA RETORNABLE CELDA A,20,product,product
780AY PARA RETORNABLE CELDA B,20,product,product
785AY PARA RETORNABLE CELDA A,20,product,product
803AY / 805 PARA RETORNABLE CELDA A,20,product,product
803AY / 805 PARA RETORNABLE CELDA B,20,product,product
SEPARADOR DE COROPLAST BLANCO 3/16 (5MM) CON MEDIDAS 21 3/8 x 12 7/8,28,product,product
Empaque,18,service,service
3663785 LAMINA IMPRESA,20,product,product
BOX 237811 IMPRESA,20,product,product
Charola Arrey,28,product,product
TR8276 Charola de 21.5x15x9.5 TMMGT,28,product,product
Dunnage Switch bezel assembly,28,product,product
Dunnage Speaker Grille Surround,28,product,product
Dunnage Arm rest FRT,28,product,product
Dunnage Arm rest RR,28,product,product
Media manga (cx727),30,product,product
Piso (cx727),30,product,product
Piso armado (cx727),30,product,product
Pared (cx727),30,product,product
Pared armada (cx727),30,product,product
Correa izq (cx727),30,product,product
Correa iza (cx727),30,product,product
Piso DPE (cx727),30,product,product
BARRAS ALEMANIA (STMX/STDE),23,product,product
CHAROLA BARRAS ALEMANIA,14,product,product
TAPA AUTOENSAMBLE BARRAS ALEMANIA,14,product,product
CAJA DE PLASTICO CORRUGADO 4MM VERDE BOTELLA C/ ACCESORIOS DE ESTIBA CON PERFORACIONES PARA LIEMPIEZA Y PISO DESLIZABLE + CELDADO 5X PLASTILONA ANTIESTATICA CON ALMA DE PLASTICO CORRUGADO 4MM + TAPA DE TRANSFLEX C/ INSERTO DE PC 4MM,28,product,product
CAJA PLASTICO CORRUGADO 4MM VERDE BOTELLA,30,product,product
CELDADO 5X PLASTILONA ANTIESTATICA CON ALMA DE PLASTICO CORRUGADO 4MM,30,product,product
A GLASS FRONT,30,product,product
B GLASS FRONT 500B,30,product,product
C GLASS FRONT 500B,30,product,product
D GLASS FRONT 500B,30,product,product
E GLASS FRONT 500B,30,product,product
F GLASS FRONT 500B,30,product,product
G GLASS FRONT 500B,30,product,product
H GLASS FRONT 500B,30,product,product
I GLASS FRONT 500B,30,product,product
J GLASS FRONT 500B,30,product,product
MEDIA TAPA DE TRANSFLEX C/ INSERTO DE PC 4MM,30,product,product
PISO DESLIZABLE GLASS FRONT 500B,30,product,product
EMPAQUE TOYOTA JAPAN,23,product,product
CUELLO TOYOTA JAPAN,14,product,product
TAPA TOYOTA JAPAN,14,product,product
CHAROLA DE PLASTICO CORRUGADO VERDE 4 MM - WINDOW PLATE CX430,30,product,product
CELDA 5 CAVIDADES - WINDOW PLATE CX430,30,product,product
BASE DE CAJA CON DOBLE PISO PARA FACILITAR LA LIMPIEZA DE CAJA - WINDOW PLATE CX430,30,product,product
TAPA DE PLASTICO - TAPA WINDOW PLATE CX430,30,product,product
CHAROLA - WINDOW PLATE CX430,30,product,product
PARED - WINDOW PLATE CX430,30,product,product
A COROPLAST - WINDOW PLATE CX430,30,product,product
B COROPLAST - WINDOW PLATE CX430,30,product,product
C COROPLAST - WINDOW PLATE CX430,30,product,product
D COROPLAST - WINDOW PLATE CX430,30,product,product
A+B ESD - WINDOW PLATE CX430,30,product,product
B ESD - WINDOW PLATE CX430,30,product,product
C ESD - WINDOW PLATE CX430,30,product,product
D ESD - WINDOW PLATE CX430,30,product,product
F ESD - WINDOW PLATE CX430,30,product,product
A+B - WINDOW PLATE CX430,30,product,product
C - WINDOW PLATE CX430,30,product,product
D - WINDOW PLATE CX430,30,product,product
E COROPLAST - WINDOW PLATE CX430,30,product,product
H TRANSFLEX - WINDOW PLATE CX430,30,product,product
F COROPLAST - WINDOW PLATE CX430,30,product,product
DRIVER OB - FG,23,consu,consu
HSC DRIVER OB - FG,14,product,product
TAPA DRIVER OB - FG,14,product,product
CELDADO 40X DRIVER OB - FG,14,product,product
CELDA A DRIVER OB - FG,20,product,product
CELDA B DRIVER OB - FG,20,product,product
HSC DRIVER OB - FG (copia),14,product,product
KIT SWD - FG,23,consu,consu
TAPA DRIVER OB - FG (copia),14,product,product
CELDADO 24X  SWD - FG,14,product,product
CELDA A  SWD - FG,20,product,product
CELDA B  SWD - FG,20,product,product
CELDA A - SWITCH BEZEL 780 TACOMA,30,product,product
CELDA B - SWITCH BEZEL 780 TACOMA,30,product,product
CELDA C - SWITCH BEZEL 780 TACOMA,30,product,product
CELDA D - SWITCH BEZEL 780 TACOMA,29,product,product
LAMINA 2MM + DUBETINA STICKER,30,product,product
LENTE OUTER 00216087-02-000 LH,28,product,product
PIEZA A LENTE OUTER,30,product,product
PIEZA B LENTE OUTER,30,product,product
PIEZA C LENTE OUTER,30,product,product
PIEZA D LENTE OUTER,30,product,product
DUNNAGE LENTE OUTER,30,product,product
LENTE OUTER 00216088-02-0000 RH,28,product,product
PIEZA A LENTE INNER,30,product,product
PIEZA B LENTE INNER,30,product,product
PIEZA C LENTE INNER,30,product,product
DUNNAGE LENTE INNER,30,product,product
LENTE INNER 00216458-02-0000 RH,28,product,product
HOUSING OUTER 002149192-02-0000 LH,28,product,product
HOUSING INNER 00219194-01-0000 L,28,product,product
REFLECTOR OUTER 00219191-02-0000 RH,28,product,product
REFLECTOR INNER 00219197-01-0000 RH,28,product,product
BEZEL INNER 00219198-01-0000 LH,28,product,product
BEZEL OUTER 00219188-01-0000 LH,28,product,product
HOUSING OUTER 00219193-02-0000 RH,28,product,product
HOUSING INNER 00219195-01-0000 RH,28,product,product
REFLECTOR OUTER 00219190-02-0000 LH,28,product,product
REFLECTOR INNER 00219196-01-0000 LH,28,product,product
BEZEL INNER 00219199-01-0000 RH,28,product,product
BEZEL OUTER 00219189-01-0000 RH,28,product,product
Front and Rear Reflector lid change of package,28,product,product
Tira para tapa front and rear,30,product,product
Lona tapa front and rear,30,product,product
Tapa armada front and rear,30,product,product
PIEZA A BEZEL OUTER,30,product,product
PIEZA B BEZEL OUTER,30,product,product
PIEZA C BEZEL OUTER,30,product,product
PIEZA D BEZEL OUTER,30,product,product
DUNNAGE ARMADO BEZEL OUTER,30,product,product
"CAJA INDUSTRIAL 16"" FLEXO",24,product,product
OHC RSC,38,product,product
"CAJA INDUSTRIAL 24"" FLEXO",24,product,product
"CAJA INDUSTRIAL 34"" FLEXO",24,product,product
"CAJA INDUSTRIAL 48"" FLEXO",24,product,product
"CAMBIO DE TAPAS ACTUALES, SE COLOCAN TAPAS DE TRANSFLEX",28,product,product
"CAMBIO DE TAPAS ACTUALES, SE COLOCAN TAPAS DE TRANSFLEX",28,product,product
643920 STABOMAT CAJA,20,product,product
CAJA V96066 FLEXO,20,product,product
BEZEL INNER PIEZA A,30,product,product
BEZEL INNER PIEZA B,30,product,product
BEZEL INNER PIEZA C,30,product,product
BEZEL INNER PIEZA D,30,product,product
BEZEL INNER PIEZA E,30,product,product
DUNNAGE ARMADO BEZEL INNER,30,product,product
785AY PARA RETORNABLE CELDA A (copia),20,product,product
P702 SWB PALANCA,14,product,product
P702 ICP HSC,14,product,product
P702 ICP LID,14,product,product
CUERPO CAJA WL REAR REFLECTOR,30,product,product
CUERPO ARMADO WL REAR REFLECTOR,30,product,product
PARED CHAROLA WL REAR REFLECTOR,30,product,product
PARED ARMADA WL REAR REFLECTOR,30,product,product
CHAROLA ARMADA WL REAR REFLECTOR,30,product,product
PISO WL REAR REFLECTOR,30,product,product
CELDA A WL REAR REFELCTOR,30,product,product
CELDA B WL REAR REFLECTOR,30,product,product
CELDA C WL REAR REFLECTOR,30,product,product
CELDA ARMADA WL REAR REFLECTOR,30,product,product
TIRA WL REAR REFLECTOR,30,product,product
LONA TAPA WL REAR REFLECTOR,30,product,product
TAPA ARMADA WL REAR REFLECTOR,30,product,product
CUERPO CAJA WL FRONT REFLECTOR,30,product,product
CUERPO ARMADO WL FRONT REFLECTOR,30,product,product
PARED CHAROLA WL FRONT REFLECTOR,30,product,product
PARED ARMADA WL FRONT REFLECTOR,30,product,product
CHAROLA ARMADA WL FRONT REFLECTOR,30,product,product
PISO WL FRONT REFLECTOR,30,product,product
CELDA A WL FRONT REFLECTOR,30,product,product
CELDA B WL FRONT REFLECTOR,30,product,product
CELDA C WL FRONT REFLECTOR,30,product,product
CELDA ARMADA WL FRONT REFLECTOR,30,product,product
TIRA WL FRONT REFELCTOR,30,product,product
LONA WL FRONT REFLECTOR,30,product,product
TAPA ARMADA WL FRONT REFLECTOR,30,product,product
ALTERNO DE ROPACK RETORNABLE CAJA,14,product,product
ALTERNO DE ROPACK RETORNABLE PAD,14,product,product
ALTERNO DE ROPACK RETORNABLE TAPA,14,product,product
LAMINA PARA CELDA APPLIQUE,20,product,product
CELDA LAMINADA APPLIQUE,20,product,product
CD FORD CELDA A,30,product,product
CD FORD CELDA B,30,product,product
CD FORD CELDA C,30,product,product
CD FORD CELDA D,30,product,product
CD FORD CELDA E,30,product,product
CD FORD CELDA F,30,product,product
CD FORD LONA PERFIL A,30,product,product
CD FORD LONA PERFIL B,30,product,product
CD FORD CUNA LARGA,30,product,product
CD FORD CUNA CORTA,30,product,product
CD FORD LONA PERFIL C,30,product,product
CD FORD LONA PERFIL D,30,product,product
PIEZA A HOUSING OUTER,30,product,product
PIEZA B HOUSING OUTER,30,product,product
PIEZA C HOUSING OUTER,30,product,product
PIEZA D HOUSING OUTER,30,product,product
DUNNAGE ARMADO HOUSING OUTER,30,product,product
CHAROLA DE PLASTICO CORRUGADO VERDE 4MM,30,product,product
CELDA 5 CAVIDADES,30,product,product
PISO PARA FACILITAR LA LIMPIEZA DE CAJA,30,product,product
TAPA DE PLASTICO,30,product,product
CHAROLA WINDOW PLATE U725,30,product,product
PARED WINDOW PLATE U725,30,product,product
A COROPLAST WINDOW PLATE U725,30,product,product
B COROPLAST WINDOW PLATE U725,30,product,product
C COROPLAST WINDOW PLATE U725,30,product,product
D COROPLAST WINDOW PLATE U725,30,product,product
E COROPLAST WINDOW PLATE U725,30,product,product
F COROPLAST WINDOW PLATE U725,30,product,product
A+B ESD WINDOW PLATE U725,30,product,product
B ESD WINDOW PLATE U725,30,product,product
C ESD WINDOW PLATE U725,30,product,product
D ESD WINDOW PLATE U725,30,product,product
F ESD WINDOW PLATE U725,30,product,product
G TRANSFLEX WINDOW PLATE U725,30,product,product
A+B WINDOW PLATE U725,30,product,product
B WINDOW PLATE U725,30,product,product
C WINDOW PLATE U725,30,product,product
D WINDOW PLATE U725,30,product,product
TAPA VOLKSWAGUEN,14,product,product
DUNNAGE SPEAKER GRILLE,28,product,product
DUNNAGE CLUSTER BEZEL,28,product,product
DUNNAGE CLUSTER CAP IP MCA,28,product,product
DUNNAGE DECO ASSY DRIVER MP552_MCA,28,product,product
DUNNAGE DECO ASSY PASSENGER MCA,28,product,product
DUNNAGE PARA BOLSTER DRIVER MCA,28,product,product
DUNNAGE SHIFTER BEZEL MCA,28,product,product
SWITCH BEZEL CORTE 2MM,30,product,product
CELDA A DUNNAGE SPEAKER GRILLE,30,product,product
CELDA B SPEAKER GRILLE,30,product,product
CELDA C DUNNAGE SPEAKER GRILLLE,30,product,product
PIEZA C DUNNAGE SPEAKER GRILLE,30,product,product
PIEZA D DUNNAGE SPEAKER GRILLE,30,product,product
PIEZA A CLUSTER BEZEL IP MCA,30,product,product
PIEZA B CLUSTER BEZEL IP MCA,30,product,product
PIEZA C CLUSTER BEZEL IP MCA,30,product,product
PIEZA D CLUSTER BEZEL IP MCA,30,product,product
S1B1,30,product,product
SWITCH BEZEL SUAJE CELDA A Y B,30,product,product
LAMINA CLUSTER CAP IP MCA,30,product,product
CHAROLA CLUSTER CAP IP MCA,30,product,product
CELDA A CLUSTER CAP IP MCA,30,product,product
CELDA B CLUSTER CAP IP MCA,30,product,product
PIEZA A BOLSTER DRIVER,30,product,product
PIEZA B BOLSTER DRIVER,30,product,product
CELDA C BOLSTER DRIVER,30,product,product
CELDA D BOLSTER DRIVER,30,product,product
PIEZA A REFLECTOR INNER,30,product,product
PIEZA B REFLECTOR INNER,30,product,product
PIEZA C REFLECTOR INNER,30,product,product
PIEZA D REFLECTOR INNER,30,product,product
DUNNAGE ARMADO REFLECTOR INNER,30,product,product
PIEZA A REFLECTOR OUTER,30,product,product
TAPA PARA CAJA 5,14,product,product
PIEZA B REFLECTOR OUTER,30,product,product
PIEZA C REFLECTOR OUTER,30,product,product
PIEZA D REFLECTOR OUTER,30,product,product
DUNNAGE ARMADO REFLECTOR OUTER,30,product,product
W04003-C,28,product,product
Herramental para tapa,18,service,service
PISO DECO ASSY DRIVER,30,product,product
ANGULO DECO ASSY PASSENGER,30,product,product
TUBO DECO ASSY PASSENGER,30,product,product
PISO SHIFTER BEZEL MCA,30,product,product
DUNNAGE SHROV LOWER,28,product,product
CAJA PLASTICO CORRUGADO 23” X 54” X 5”,30,product,product
PISO PARA REFUERZO,30,product,product
TAPA CON SUJECIÓN,30,product,product
CORTE CHAROLA PLASTICO 5MM,30,product,product
REFUERZO,30,product,product
TAPA Y PISO BMW IP PIELES W04003-C,30,product,product
CINRO GANCHO,30,product,product
CINTO FELPA,30,product,product
CHAROLA BMW IP PIELES W04003-C,30,product,product
SOLERA B BMW IP PIELES W04003-C,30,product,product
TOOLING FOR CORRUGATED CONTAIN,18,service,service
CORRUG CONTAINER 47.7 X 25 X 14,28,product,product
"CORTE NYLON 2""",30,product,product
CORTE CANALETA 10 MM BMW IP PIELES W04003-C,30,product,product
CORTE CANALETA 5 MM BMW IP PIELES W04003-C,30,product,product
CORTE NYLON 650 MM BMW IP PIELES W04003-C,30,product,product
CORTE VELCRO 500 MM BMW IP PIELES W04003-C,30,product,product
CORTE VELCRO 150 MM BMW IP PIELES W04003-C,30,product,product
CORTE NYLON 600 MM BMW IP PIELES W04003-C,30,product,product
VELCRO FELPA DUNNAGE BOLSTER DRIVER,30,product,product
Test ISTA Box 734949 (GM),18,service,service
VELCRO AUTO DUNNAGE BOLSTER DRIVER,30,product,product
DUNNAGE ARMADO BOLSTER DRIVER,30,product,product
TAPA ARMADA BOLSTER DRIVER,30,product,product
TRANSFLEX TAPA BOLSTER DRIVER,30,product,product
"VELCRO 2"" GANCHO PARA BOLSTER DRIVER",30,product,product
"VELCRO 1"" GANCHO PARA TAPA BOLSTER DRIVER",30,product,product
"VELCRO 1"" FELPA PARA TAPA BOLSTER DRIVER",30,product,product
"NYLON 1"" PARA TAPA BOLSTER DRIVER",30,product,product
"VELCRO AUTO 1"" FELPA PARA TAPA BOLSTER DRIVER",30,product,product
PISO ESM BMW IP PIELES W04003-C,30,product,product
CHAROLA CORRUG CONTAINER 47.7 X 25 X 14,29,product,product
PISO CORRUG CONTAINER 47.7 X 25 X 14,30,product,product
CORTE CANALETA 10 MM CORRUG CONTAINER 47.7 X 25 X 14,30,product,product
CORTE CANALETA 5 MM CORRUG CONTAINER 47.7 X 25 X 14,30,product,product
BOX 755266 MOPAR FLEXO,20,product,product
Herramental kit Toyota Japon,18,service,service
3957142 - PTN.DT APLR ITB 60 CELL,14,product,product
3957150 - PTN.DT B UPR ITB 52 CELL,14,product,product
DUNNAGE ARMADO SPEAKER GRILLE,30,product,product
"VELCRO AUTOADHERIBLE 1"" PARA DUNNAGE SPEAKER GRILLE",30,product,product
VELCRO FELPA PARA DUNNAGE SPEAKER GRILLE,30,product,product
VELCRO LARGO PARA DUNNAGE SPEAKER GRILLE,30,product,product
FOAM PISO DUNNAGE SPEAKER GRILLE,30,product,product
TAPA ARMADA PARA SPEAKER GRILLE,30,product,product
TRANSFELX TAPA SPEAKER GRILLE,30,product,product
"VELCRO 2"" TAPA SPEAKER GRILLE",30,product,product
"VELCRO 2"" GANCHO TAPA SPEAKER GRILLE",30,product,product
"VELCRO 1"" FELPA TAPA SEPAKER GRILLE",30,product,product
"NYLON 1"" TAPA SPEAKER GRILLE",30,product,product
VELCRO AUTOADHERIBLE FELPA PARA TAPA SPEAKER GRILLE,30,product,product
DUNNAGE ARMADO CLUSTER BEZEL,30,product,product
VELCRO AUTO DUNNAGE CLUSTER BEZEL,30,product,product
VELCRO FELPA CORTO DUNNAGE CLUSTER BEZEL,30,product,product
VELCRO LARGO FELPA DUNNAGE CLUSTER BEZEL,30,product,product
TRANSFLEX TAPA CLUSTER BEZEL,30,product,product
"VELCRO 2"" GANCHO TAPA CLUSTER BEZEL",30,product,product
"VELCRO 1"" GANCHO TAPA CLUSTER BEZEL",30,product,product
"VELCRO 1"" FELPA TAPA CLUSTER BEZEL",30,product,product
"NYLON 1"" TAPA CLUSTER BEZEL",30,product,product
VELCRO FELPA AUTO TAPA CLUSTER BEZEL,30,product,product
TAPA ARMADA CLUSTER BEZEL,30,product,product
FOAM PISO CLUSTER BEZEL,30,product,product
DUNNAGE ARMADO CLUSTER CAP,30,product,product
TAPA ARMADA CLUSTER CAP,30,product,product
TRANSFLEX TAPA CLUSTER CAP,30,product,product
"VELCRO 2"" GANCHO TAPA CLUSTER CAP",30,product,product
"VELCRO LARGO 2"" GANCHO TAPA CLUSTER CAP",30,product,product
"NYLON 1"" TAPA CLUSTER CAP",30,product,product
"VELCRO 1"" AUTO FELPA TAPA CLUSTER CAP",30,product,product
COROPLAST SOPORTE INFERIOR DECO ASSY DRIVER,30,product,product
SOPORTE INFERIOR DECO ASSY DRIVER,30,product,product
COROPLAST SOPORTE SUPERIOR DECO ASSY DRIVER,30,product,product
SOPORTE SUPERIOR DECO ASSY DIRVER,30,product,product
"NYLON 1"" DUNNAGE DECO ASSY DRIVER",30,product,product
DUNNAGE ARMADO DECO ASSY DRIVER,30,product,product
TRANSFLEX DECO ASSY DRIVER,30,product,product
"VELCRO 2"" TAPA DECO ASSY DRIVER",30,product,product
"VELCRO 1"" FELPA DECO ASSY DRIVER",30,product,product
"VELCRO 1"" GANCHO DECO ASSY DRIVER",30,product,product
"NYLON 1"" TAPA DECO ASSY DRIVER",30,product,product
VELCRO AUTO TAPA DECO ASSY DRIVER,30,product,product
ALMA PLASTICO TAPA DECO ASSY DRIVER,30,product,product
TAPA ARMADA DECO ASSY DRIVER,30,product,product
NIVEL ARMADO SHIFTER BEZEL,30,product,product
DUNNAGE ARMADO SHIFTER BEZEL,30,product,product
"NYLON 1"" DUNNAGE SHIFTER BEZEL",30,product,product
"VELCRO GANCHO 2"" TAPA SHIFTER BEZEL",30,product,product
"VELCRO 1"" FELPA TAPA SHIFTER BEZEL",30,product,product
"VELCRO 1"" GANCHO TAPA SHIFTER BEZEL",30,product,product
"NYLON 1"" TAPA SHIFTER BEZEL",30,product,product
"VELCRO AUTO 1"" TAPA SHIFTER BEZEL",30,product,product
TAPA ARMADA SHIFTER BEZEL,30,product,product
TRANSFLEX TAPA SHIFTER BEZEL,30,product,product
ALMA TAPA SHIFTER BEZEL,30,product,product
ENSAMBLE RIEL A1 DECO ASSY PASSENGER,30,product,product
"NYLON 1"" PEINE XLINK",30,product,product
ENSAMBLE RIAL A2 DECO ASSY PASSENGER,30,product,product
ENSAMBLE RIEL B1 DECO ASSY PASSENGER,30,product,product
ENSAMBLE RIEL B2 DECO ASSY PASSENGER,30,product,product
DUNNAGE ARMADO DECO ASSY PASSENGER,30,product,product
"VELCRO GANCHO 2"" TAPA 4548 PASSENGER",20,product,product
"VELCRO FELPA 1"" TAPA 4548 PASSENGER",30,product,product
"VELCRO GANCHO 1"" TAPA 4548 PASSENGER",30,product,product
"NYLON 1"" TAPA 4545 PASSENGER",30,product,product
"VELCRO AUTO 1"" TAPA 4548 PASSENGER",30,product,product
ALAMA PLASTICO TAPA 4548 PASSENGER,30,product,product
TAPA ARMADA 4548 PASSENGER,30,product,product
TRANSFLEX TAPA 4548 PASSENGER,30,product,product
"VELCOR CORTO 1"" LENTE INNER",30,product,product
"VELCOR LARGO 1"" LENTE INNER",30,product,product
"VELCRO AUTO 1"" LENTE INNER",30,product,product
FOAM PISO LENTE INNER,30,product,product
RIEL A ARMADO BOLSTER PASSENGER,30,product,product
RIEL B ARMADO BOLSTER PASSENGER,30,product,product
DUNNAGE ARMADO BOLSTER PASSENGER,30,product,product
BOLSTER PASSENGER COMPLETO,28,product,product
MITAD CUBREBOCAS,30,product,product
ELÁSTICO CUBREBOCAS,30,product,product
CUBREBOCAS ARMADO,28,product,product
AS PAD CAJA MITAD A,20,product,product
AS PAD CAJA MITAD B,20,product,product
EMPAQUE PINTADO,28,product,product
DUNNAGE ARMADO PINTADO,30,product,product
VELCRO AUTO GANCHO TOTE 2415,30,product,product
VELCRO 1 CORTO PARA DUNNAGE 2415,30,product,product
VELCRO 1 LARGO PARA DUNNAGE 2415,30,product,product
PIEZA A DUNNAGE PINTADO,30,product,product
PIEZA B DUNNAGE PINTADO,30,product,product
PIEZA C DUNNAGE ARMADO,30,product,product
PIEZA D DUNNAGE PINTADO,30,product,product
TAPA ARMADA 2415,30,product,product
"VELCRO 2"" PARA TAPA 2415",30,product,product
"VELCRO 1"" GANCHO PARA TAPA ARMADA 2415",30,product,product
"VELCRO 1"" FELPA PARA TAPA ARMADA 2415",30,product,product
"NYLON 1"" PARA TAPA ARMADA 2415",30,product,product
TRANSFLEX PARA TAPA ARMADA 2415,30,product,product
FOAM PISO TOTE 2415,30,product,product
DUNNAGE ARMADO SHROV LOWER,30,product,product
PIEZA A SHROV LOWER,30,product,product
PIEZA B SHROV LOWER,30,product,product
PIEZA C DUNNAGE SHROV LOWER,30,product,product
PIEZA D DUNNAGE SHROV LOWER,30,product,product
DUNNAGE SHROV UPPER,28,product,product
DUNNAGE ARMADO SHROV UPPER,30,product,product
PIEZA A SHROV UPPER,30,product,product
PIEZA B SHROV UPPER,30,product,product
PIEZA C SHROV UPPER,30,product,product
PIEZA D SHROV UPPER,30,product,product
PTN.U502 RR UPR,18,service,service
DUNNAGE IGNITION RING,28,product,product
DUNNAGE BEZEL ENDCAP,28,product,product
DUNNAGE ARMADO BEZEL ENDCAP,30,product,product
PISO DUNNAGE BEZEL ENDCAP,30,product,product
Handle T1XX- KIT,23,consu,consu
CARETA SANITARIA USO MÉDICO,28,product,product
Gestión y Administración de Software Fase I de Encuestas Telefónicas,18,service,service
Gestión y Administración Fase I de Software Financiero,18,service,service
Gestión y Administración Fase I Software de Manejo de Bases de Datos,18,service,service
LENTE INNER 00216457-02-0000 LH,28,product,product
CAJA CAR818437,20,product,product
CELDA 818437,20,product,product
CELDA A 818437,20,product,product
CELDA B 818437,20,product,product
HSC P702 ICP,20,product,product
P702 SBW RSC,20,product,product
PAQUETE DE CUBRE BOCAS,26,product,product
CHAROLA HOUSING INNER,30,product,product
"NYLON 1"" HOUSING INNER",30,product,product
DUNNAGE HOUSING INNER ARMADA,30,product,product
PZA A DUNNAGE ARM REST FRONT,30,product,product
PZA B DUNNAGE ARM REST FRONT,30,product,product
PZA C DUNNAGE ARM REST FRONT,30,product,product
PZA D DUNNAGE ARM REST FRONT,30,product,product
DUNNAGE ARM REST FRONT ARMADO,28,product,product
PZA B DUNNAGE SWITCH BEZEL,30,product,product
PZA C DUNNAGE SWITCH BEZEL,30,product,product
PZA D DUNNAGE SWITCH BEZEL,20,product,product
PZA E DUNNAGE SWITCH BEZEL,30,product,product
DUNNAGE ARMADO SWITCH BEZEL,28,product,product
TRANSFELX TAPA 2224,30,product,product
"VELCRO 2"" TAPA 224",30,product,product
"VELCRO FELPA 1"" TAPA 2224",30,product,product
"VELCRO GANCHO 1"" TAPA 2224",30,product,product
"NYLON 1"" TAPA 2224",30,product,product
VELCRO FELPA TAPA 2224,30,product,product
TAPA 2224 ARMADA,30,product,product
PZA A SEPAKER GRILLE SURROUND,30,product,product
PZA B SEPAKER GRILLE SURROUND,30,product,product
PZA C SEPAKER GRILLE SURROUND,30,product,product
PZA D SEPAKER GRILLE SURROUND,30,product,product
DUNNAGE ARMADO SEPAKER GRILLE SURROUND,28,product,product
TUBO BRAZO RACK BODY,30,product,product
PLACA BRAZO RACK BODY,30,product,product
ANGULO BRAZO RACK BODY,30,product,product
PTR BRAZO RACK BODY,30,product,product
BRAZO ARMADO RACK BODY,30,product,product
LATERLAES RACK BODY,30,product,product
ESTRUCTURA BODY ARMADA,30,product,product
048541 IMC 120 LAMINA PARA FLEXO,20,product,product
048541 IMC 120 CORTE DE LAMINA,20,product,product
CELDA A E SHIFTER TOP FINISH PANEL,30,product,product
CELDA B E SHIFTER TOP FINISH PANEL,30,product,product
CELDA D E SHIFTER TOP FINISH PANEL,30,product,product
CELDA D E SHIFTER TOP FINISH PANEL,30,product,product
CELDA E E SHIFTER TOP FINISH PANEL,30,product,product
DUNNAGE ARMADO E SHIFTER TOP FINISH PANEL,30,product,product
FOAM E SHIFTER TOP FINISH PANEL,30,product,product
FG 779 MAC 42733,23,consu,consu
HSC - FG 779 MAC 42733,14,product,product
18X - FG 779 MAC 42733,14,product,product
TAPA - FG 779 MAC 42733,14,product,product
A - FG 779 MAC 42733,20,product,product
B - FG 779 MAC 42733,20,product,product
TAPA WOM REAR SERVICIO,14,product,product
Maniobras,18,service,service
EXP-MAC42743,23,consu,consu
TAPA - EXP-MAC42743,14,product,product
56X - EXP-MAC42743,14,product,product
HSC - EXP-MAC42743,14,product,product
A - EXP-MAC42743,20,product,product
B - EXP-MAC42743,20,product,product
180302840,14,product,product
180020690,14,product,product
180100790,14,product,product
CELDA A 180302970,20,product,product
CELDA B 180302970,20,product,product
180302970,14,product,product
EXP-MAC43142,23,product,product
TAPA - EXP-MAC43142,14,product,product
HSC - EXP-MAC43142,14,product,product
14X - EXP-MAC43142,14,product,product
A - EXP-MAC43142,20,product,product
B - EXP-MAC43142,20,product,product
C - EXP-MAC43142,20,product,product
D - EXP-MAC43142,20,product,product
184003040,14,product,product
180100800,14,product,product
180300810,14,product,product
"PTR 2"" X 1"" CAL 14",27,product,product
AC PANEL LEXUS ALTERNO,14,product,product
CAJA HSC AC PANEL LEXUS,20,product,product
PAD AC PANEL LEXUS,20,product,product
CELDA ARMADA AC PANEL LEXUS,20,product,product
CELDA A AC PANEL LEXUS,20,product,product
CELDA B AC PANEL LEXUS,20,product,product
CELDA C AC PANEL LEXUS,20,product,product
CELDA D AC PANEL LEXUS,20,product,product
CELDA E AC PANEL LEXUS,20,product,product
CELDA F AC PANEL LEXUS,20,product,product
CELDA G AC PANEL LEXUS,20,product,product
PLASTIC CONTAINER 67X17X11 BLUE PLASTIC CONTAINER,28,product,product
CHAROLA PLASTIC CONTAINER 67X17X11 BLUE PLASTIC CONTAINER,30,product,product
PISO PLASTIC CONTAINER 67X17X11 BLUE PLASTIC CONTAINER,30,product,product
CORTE CANALETA 10 MM PLASTIC CONTAINER 67X17X11 BLUE PLASTIC CONTAINER,30,product,product
CORTE CANALETA 5 MM PLASTIC CONTAINER 67X17X11 BLUE PLASTIC CONTAINER,30,product,product
KIT IMC 070,23,product,product
CELDA A KIT IMC 070,20,product,product
CELDA B KIT IMC 070,20,product,product
CELDA ARMADA IMC 070,14,product,product
180100320,14,product,product
180100330,14,product,product
CELDA A 180100330,20,product,product
CELDA B 180100330,20,product,product
CHAROLA ESD,28,product,product
ESQUINERO 2X2 PRUEBA,20,product,product
CHAROLA ESD CORTE,30,product,product
180022260,14,product,product
CALAVERA 4548 BMW G01 LCI,14,product,product
TAPA / BASE CALAVERA 4548 BMW G01 LCI,20,product,product
SEPARADOR CALAVERA 4548 BMW G01 LCI,20,product,product
CHAROLA 7X CALAVERA 4548 BMW G01 LCI,20,product,product
CUELLO SENCILLO CALAVERA 4548 BMW G01 LCI,20,product,product
CUELLO DOBLE CALAVERA 4548 BMW G01 LCI,20,product,product
AUMENTO CALAVERA 4548 BMW G01 LCI,20,product,product
CH-3 CALAVERA 4548 BMW G01 LCI,20,product,product
CH-3X CALAVERA 4548 BMW G01 LCI,20,product,product
PISO 4X CALAVERA 4548 BMW G01 LCI,20,product,product
PISO 3X CALAVERA 4548 BMW G01 LCI,20,product,product
CELDA A-3X CALAVERA 4548 BMW G01 LCI,20,product,product
CELDA B-4X CALAVERA 4548 BMW G01 LCI,20,product,product
CELDA C-4X CALAVERA 4548 BMW G01 LCI,20,product,product
CORTE PARA CHAROLA 3X,31,product,product
CORTE PARA CHAROLA 4X BMW G01 LCI,31,product,product
TOOLING PARA KIT INSERTO FORD CHINA,18,service,service
Inserto FORD China - 500033,14,product,product
TMC 045,14,product,product
180022270,14,product,product
DUNNAGE ARMADO RING,30,product,product
CELDA A RING,30,product,product
CHAROLA RING,30,product,product
CELDA B RING,30,product,product
LAMINA LAMINADA DUBETINA 2C,30,product,product
LAMINA LAMINADA DUBETINA 1C,30,product,product
CUBIERTA SHIFTER BEZEL CELDA,30,product,product
CUBIERTA SHIFTER BEZEL CHAROLA,30,product,product
SHIFTER BEZEL CEL,30,product,product
SHIFTER BEZEL CHAROLA,30,product,product
CHAROLA ARMADA SHIFTER BEZEL,30,product,product
CAJA COMPUTER ASSY,28,product,product
NEW NEXTRACKER BOX-CHAROLA ARMADA (copia),14,product,product
NEW NEXTRACKER BOX-CELDA-A (copia),24,product,product
180203000,14,product,product
180203010,20,product,product
180203020,14,product,product
180203020-A,20,product,product
180203030,14,product,product
KNEE BLOCKER,28,product,product
DUNNAGE KNEE BLOCKER,30,product,product
PIEZA A KNEE BLOCKER,30,product,product
PIEZA B KNEE BLOCKER,30,product,product
PIEZA C KNEE BLOCKER,30,product,product
PIEZA D KNEE BLOCKER,30,product,product
PIEZA E KNEE BLOCKER,30,product,product
PIEZA F KNEE BLOCKER,30,product,product
DUNNAGE ARMADO SHROUD UPPER,30,product,product
PIEZA A SHROUD UPPER,30,product,product
PIEZA B SHROUD UPPER,30,product,product
PIEZA C SHROUD UPPER,30,product,product
PIEZA D SHROUD UPPER,30,product,product
PIEZA E SHROUD UPPER,30,product,product
363010580 DUNNAGE SHROUD LOWER,28,product,product
363010610 DUNNAGE CUBBY BIN,28,product,product
361010540 DUNNAGE GLOBE BOX,28,product,product
DUNNAGE SHROUD LOWER,30,product,product
CELDA A DUNNAGE SHROUD LOWER,30,product,product
CELDA B SHROUD LOWER,30,product,product
CELDA C SHROUD LOWER,30,product,product
CELDA D SHROUD LOWER,30,product,product
CELDA E SHROUD LOWER,30,product,product
U725 DP - HSC,20,product,product
U725 DP - HSC + Micro RR,23,consu,consu
DUNNAGE ARMADO CUBBY BIN,30,product,product
CELDA A CUBBY BIN,30,product,product
CELDA B CUBBY BIN,30,product,product
CELDA C CUBBY BIN,30,product,product
CELDA D CUBBY BIN,30,product,product
CHAROLA DECO ASSY DRIVER,30,product,product
CELDA ARMADA DECO ASSY DRIVER,30,product,product
CELDA A DECO ASSY DRIVER,30,product,product
CELDA B DECO ASSY DRIVER,30,product,product
PAD DECO ASSY DRIVER,30,product,product
CHAROLA ARMADA DECO ASSY DRIVER,30,product,product
DUNNAGE ARMADO GLOBE BOX,30,product,product
CELA A GLOBE BOX,30,product,product
CELDA B GLOBE BOX,30,product,product
CELDA C GLOBE BOX,30,product,product
CELDA D GLOBE BOX,30,product,product
CELDA E GLOBE BOX,30,product,product
CELDA F GLOBE BOX,30,product,product
RACK BOLSTER PASSENGER,28,product,product
RACK ARMADO BOLSTER PASSENGER,30,product,product
PTR RACK BOLSTER PASSENGER,30,product,product
SOLERA RACK BOLSTER PASSENGER,30,product,product
TUBO RACK BOLSTER PASSENGER,30,product,product
CELDA A BOLSTER PASSENGER,30,product,product
CELDA B BOLSTER PASSENGER,30,product,product
CELDA C BOLSTER PASSENGER,30,product,product
CELDA D BOLSTER PASSENGER,30,product,product
PAD PARA SOPORTE CALAVERA 4548 BMW G01 LCI,20,product,product
SOPORTE LAMINADO PAD PARA SOPORTE CALAVERA 4548 BMW G01 LCI,20,product,product
REFUERZO PLASTIC CONTAINER 67X17X11 BLUE PLASTIC CONTAINER,30,product,product
SOLERA A REFUERZO PLASTIC CONTAINER 67X17X11 BLUE PLASTIC CONTAINER,30,product,product
SOLERA B REFUERZO PLASTIC CONTAINER 67X17X11 BLUE PLASTIC CONTAINER,30,product,product
CAJA RSC 180003720,14,product,product
180301660,14,product,product
180203000,14,product,product
180201590,14,product,product
180302560,14,product,product
180201580,14,product,product
180201620,14,product,product
180201610,14,product,product
180201610,20,product,product
180201610,20,product,product
180301670,14,product,product
180301670,20,product,product
180301670,20,product,product
180100830,14,product,product
CELDA DOOR UPPER ARMREST (MUESTRA),23,consu,consu
180100830,30,product,product
180100830,30,product,product
HSC DOOR UPPER ARMREST (MUESTRA),14,product,product
CELDA DOOR UPPER ARMREST (MUESTRA),14,product,product
TAPA DOOR UPPER ARMREST (MUESTRA),14,product,product
CELDA A DOOR UPPER ARMREST (MUESTRA),20,product,product
CELDA B DOOR UPPER ARMREST (MUESTRA),20,product,product
180111940,14,product,product
180111990,14,product,product
180111990,20,product,product
180111990,20,product,product
80112040,14,product,product
180304200,14,product,product
180304210,14,product,product
180304210,20,product,product
180304210,20,product,product
180302860,14,product,product
"SOLERA 2"" X 1/4"" GROSOR",27,product,product
32001 CAJA 1,28,product,product
32001 CAJA 2,28,product,product
32001 CAJA 3,28,product,product
32001 CAJA 4,28,product,product
Re trabajo en racks de body side CX727,28,product,product
Re trabajo tiron rack body side,30,product,product
Re trabajo rodajas rack body,30,product,product
SOLERA RACK BODY,30,product,product
"21,283 (copia)",18,service,service
U725 DP - RR,14,product,product
BSUV GP KIT,14,product,product
BSUV GP TAPA GENERAL,20,product,product
BSUV GP CUELLO GENERAL A,20,product,product
BSUV GP CUELLO GENERAL B,20,product,product
BSUV GP CHAROLA GENERAL TROQ,20,product,product
BSUV GP CUELLO INDIVIDUAL,20,product,product
BSUV GP CHAROLA IND TROQ,20,product,product
BSUV PAD IND TROQ,20,product,product
BSUV GP INSERTO CHICO,20,product,product
BSUV GP INSERTO GRANDE,20,product,product
BSUV GP TAPA LATERAL,20,product,product
Dunnage CX430 FG (copia),28,product,product
U553 ALTERNO KIT,23,product,product
U553 ALTERNO RSC,14,product,product
U553 ALTERNO CELDA ARMADA,14,product,product
U553 ALTERNO CELDA A,20,product,product
U553 ALTERNO CELDA B,20,product,product
U553 ALTERNO CELDA C,20,product,product
U553 ALTERNO CELDA D,20,product,product
U553 ALTERNO CELDA E,20,product,product
180010240,14,product,product
180010240 CELDA A,20,product,product
180010240 CELDA B,20,product,product
180060490 CELDA ARMADA,14,product,product
180060490 CELDA A,20,product,product
180060490 CELDA B,20,product,product
DR PAD 18 CAV PAD,20,product,product
180100820,14,product,product
U553 ALTERNO CELDA F,20,product,product
U 553 ALTERNO CELDA G,20,product,product
CELDA HOUSING INNER,30,product,product
U725 DUNNAGE CELDA A,30,product,product
U725 DUNNAGE CELDA B,30,product,product
U725 DUNNAGE CELDA C,30,product,product
U725 DUNNAGE CELDA D,30,product,product
U725 DUNNAGE CELDA E,30,product,product
U725 DUNNAGE CELDA F,30,product,product
U725 DUNNAGE PERFIL CORTO,30,product,product
U725 DUNNAGE PERFIL LARGO,30,product,product
U725 DUNNAGE CUNA CORTA,30,product,product
U725 DUNNAGE CUNA LARGA,30,product,product
U725 DUNNAGE TAPA CORTA,30,product,product
U725 DUNNAGE TAPA LARGA,30,product,product
DUNNAGE GLASS FRONT,28,product,product
DUNNAGE GLASS FRONT CHAROLA,30,product,product
DUNNAGE GLASS FRONT CELDA,30,product,product
DUNNAGE GLASS FRONT LONA,30,product,product
"Cargo, Gastos efectuados por un tercero",18,service,service
TR10985 KIT 780 SHIFT LEVER,23,product,product
HSC - TR10985 KIT 780 SHIFT LEVER,14,product,product
5X - TR10985 KIT 780 SHIFT LEVER,14,product,product
CELDA A - TR10985 KIT 780 SHIFT LEVER,20,product,product
DR PAD POLIFOAM,14,product,product
AS PAD FOAM,14,product,product
180400020,14,product,product
CHIMPSON KIT,23,product,product
CHIMPSON RSC,14,product,product
CHIMPSON CELDA ARMADA,14,product,product
CHIMPSON CELDA A,20,product,product
CHIMPSON CELDA B,20,product,product
550B HSC,14,product,product
550B TAPA,14,product,product
552B CELDA ARMADA,14,product,product
550B CELDA A,30,product,product
550B CELDA B,14,product,product
180111970 HSC,14,product,product
180111980 HSC,14,product,product
180020760 RSC,14,product,product
HERRAMENTAL PARA CAJA PEQUEÑA DE KIT HANDLE T1XX,18,product,product
RIVIAN BODY SIDE RSC,14,product,product
RIVIAN BODY SIDE CELDA A,20,product,product
RIVIAN BODY SIDE CELDA B,20,product,product
RIVIAN BODY SIDE CELDA ARMADA,14,product,product
RIVIAN BODY SIDE LH (copia),14,product,product
RIVIAN LIFTGATE INSERTO,20,product,product
RIVIAN LIFTGATE CELDA B,20,product,product
RIVIAN LIFTGATE CELDA A,20,product,product
RIVIAN LIFTGATE CELDA ARMADA,14,product,product
RIVIAN LIFTGATE TAPA,20,product,product
RIVIAN LIFTGATE HSC,14,product,product
RIVIAN LIFTGATE KIT,23,product,product
FLOOR CONSOL HSC A,20,product,product
FLOOR CONSOL HSC B,20,product,product
FLOOR CONSOL HSC ARMADA,20,product,product
FLOOR CONSOL CELDA A,20,product,product
FLOOR CONSOL CELDA B,20,product,product
FLOOR CONSOL CELDA ARMADA,20,product,product
FLOOR CONSOL TAPA,20,product,product
FLOOR CONSOL FOAM,20,product,product
SUAJE CELDADO AS PAD,18,service,service
DUNNAGE ARMADO SPEAKER GRILLE PUERTAS,28,product,product
DUNNAGE ARMADO SPEAKER GRILLE PUERTAS CHAROLA EVOLON,30,product,product
DUNNAGE SPEAKER GRILLE PUERTAS CHAROLA PLASTICO,30,product,product
DUNNAGE SPEAKER GRILLE PUERTAS CHAROLA + EVOLON,30,product,product
DUNNAGE SPEAKER GRILLE PUERTAS CELDA EVOLON,30,product,product
DUNNAGE SPEAKER GRILLE PUERTAS CELDA PLASTICO,30,product,product
CHAROLA DU (copia),18,service,service
DUNNAGE SPEAKER GRILLE PUERTAS CELDA PLASTICO + EVOLON,30,product,product
DUNNAGE ARMADO APPLIQUE FRONTAL,30,product,product
DUNNAGE APPLIQUE FRONTAL CHAROLA EVOLON,30,product,product
DUNNAGE APPLIQUE FRONTAL CHAROLA PLASTICO,30,product,product
DUNNAGE APPLIQUE FRONTAL CHAROLA PLASTICO + EVOLON,30,product,product
DUNNAGE APPLIQUE FRONTAL CELDA EVOLON,30,product,product
DUNNAGE APPLIQUE FRONTAL CELDA PLASTICO,30,product,product
DUNNAGE APPLIQUE FRONTAL CELDA PLASTICO + EVOLON,30,product,product
DUNNAGE ARMADO APPLIQUE REAR,30,product,product
DUNNAGE APPLIQUE REAR CHAROLA PLASTICO + EVOLON,30,product,product
DUNNAGE APPLIQUE REAR CELDA EVOLON,30,product,product
DUNNAGE APPLIQUE REAR CELDA PLASTICO + EVOLON,30,product,product
DUNNAGE GLASS FRONT LONA PIEZA B,30,product,product
H STICK KIT,23,consu,consu
H STICK TAPA,14,product,product
H STICK CHAROLA,14,product,product
H STICK CELDA ARMADA,14,product,product
H STICK CEL A,20,product,product
H STICK CEL B,20,product,product
H STICK CEL C,20,product,product
H STICK CEL D,20,product,product
c5200,26,product,product
DUNNAGE ARMADO UPPER REAR,28,product,product
DUNNAGE UPPER REAR PZA A,30,product,product
DUNNAGE UPPER REAR PZA B,30,product,product
DUNNAGE UPPER REAR PZA C,30,product,product
DUNNAGE UPPER REAR PZA D,30,product,product
DUNNAGE ARMADO ARMREST RR & FRT,28,product,product
DUNNAGE ARMREST RR & FRT PZA A,30,product,product
DUNNAGE ARMREST RR & FRT PZA B,30,product,product
DUNNAGE ARMREST RR & FRT PZA C,30,product,product
DUNNAGE ARMREST RR & FRT PZA D,30,product,product
DUNNAGE REINFORCEMENT ARMADO,28,product,product
DUNNAGE REINFORCEMENT PZA A,30,product,product
DUNNAGE REINFORCEMENT PZA B,30,product,product
DUNNAGE REINFORCEMENT PZA C,30,product,product
DUNNAGE REINFORCEMENT PZA D,30,product,product
DUNNAGE FINISHER ARMADO,28,product,product
DUNNAGE FINISHER PZA A,30,product,product
DUNNAGE FINISHER PZA B,30,product,product
DUNNAGE FINISHER PZA C,30,product,product
DUNNAGE FINISHER PZA D,30,product,product
DUNNAGE FINISHER PZA E,30,product,product
DUNNAGE FINISHER PZA F,30,product,product
DUNNAGE FINISHER PZA G,30,product,product
DUNNAGE FINISHER PZA H,30,product,product
DUNNAGE FINISHER PZA I,30,product,product
DUNNAGE FINISHER PZA J,30,product,product
DUNNAGE FINISHER PZA K,30,product,product
CAJA CX482,20,product,product
KIT CX482,23,product,product
Tooling para caja IMC070,18,consu,consu
180111960,14,product,product
184003140,14,product,product
184002850 CELDA ARMADA,14,product,product
184002850 CEL A,20,product,product
184002850 CEL B,20,product,product
180112030 CELDA ARMADA,14,product,product
180112030 CEL A,20,product,product
180112030 CEL B,20,product,product
"Dollies para contenedor de 45"" x 48""",28,product,product
H STICK CELDA E,20,product,product
POLIFOAM H STICK,14,product,product
TELA CHICA H STICK,20,product,product
21507,18,service,service
TELA GRANDE H STICK,20,product,product
KIT FUSE ACCESS STORAGE BIN,23,product,product
CAJA FUSE ACCESS STORAGE BIN,14,product,product
CELDA A FUSE ACCESS STORAGE BIN,20,product,product
CELDA B FUSE ACCESS STORAGE BIN,20,product,product
CELDA ARMADA FUSE ACCESS STORAGE BIN,14,product,product
180204710,14,product,product
"TFT 500B 4.2""",28,product,product
"CAHROLA TFT 500B 4.2""",30,product,product
"INSERTO TFT 500B 4.2""",30,product,product
"CELDA TFT 500B 4.2""",30,product,product
"TAPA TFT 500B 4.2""",30,product,product
"NYLON TFT 500B 4.2""",30,product,product
"CORTE CANALETA 10 MM TFT 500B 4.2""",30,product,product
"CORTE CANALETA 5 MM TFT 500B 4.2""",30,product,product
"TFT 500B 7""",28,product,product
"CHAROLA TFT 500B 7""",30,product,product
"INSERTO TFT 500B 7""",30,product,product
"TAPA TFT 500B 7""",30,product,product
"CORTE CANALETA 10 MM TFT 500B 7""",30,product,product
"CORTE CANALETA 5 MM TFT 500B 7""",30,product,product
TFT CX430,28,product,product
CHAROLA TFT CX430,30,product,product
CELDA TFT CX430,30,product,product
TAPA TFT CX430,30,product,product
NYLON TFT CX430,30,product,product
CAJA ESD,28,product,product
CELDA A CAJA ESD,30,product,product
CELDA B CAJA ESD,30,product,product
CAHROLA CAJA ESD,30,product,product
180302850,14,product,product
180302850 CELDA A,20,product,product
180302850 CELDA B,20,product,product
180204660,14,product,product
180204720,14,product,product
180204690 CELDA ARMADA,14,product,product
180204690 CELDA A,20,product,product
180204690 CELDA B,30,product,product
180204730,14,product,product
180204670 CELDA ARMADA,14,product,product
180204670 CELDA A,20,product,product
180204670 CELDA B,30,product,product
TAPA DE PLÁSTICO CORRUGADO CON REFUERZOS Y 2 ETIQUETAS TIPO KENEDY,28,product,product
Productos Varios,18,service,service
CORTE PARA TAPA PIELES,20,product,product
REFUERZO PARA TAPA PIELES,30,product,product
"SOLERA ""A"" PARA REFUERZO PARA TAPA PIELES",30,product,product
"SOLERA ""B"" PARA REFUERZO PARA TAPA PIELES",30,product,product
H STICK CHAROLA,20,product,product
180204700 CELDA ARMADA,14,product,product
180204700 CELDA A,20,product,product
180204700 CELDA B,20,product,product
TOOLING INSERTO TAILGATE,18,consu,consu
TAPA RETORNABLE NEXTRACKER (copia),28,product,product
180201580,14,product,product
180303320,14,product,product
180100650 CELDA ARMADA,14,product,product
180100650 CELDA A,20,product,product
180100650 CELDA B,20,product,product
180100840,14,product,product
180100850,14,product,product
180100660,14,product,product
RU CAMARA CELDA ARMADA,14,product,product
RU CAMARA CELDA A,20,product,product
RU CAMARA CELDA B,20,product,product
WL CAMARA CELDA ARMADA,14,product,product
WL CAMARA CELDA A,20,product,product
WL CAMARA CELDA B,20,product,product
WL CAMARA CELDA C,20,product,product
CAMARA BEZEL CELDA ARMADA,14,product,product
CAMARA BEZEL CELDA A,20,product,product
CAMARA BEZEL CELDA B,20,product,product
FUSE ACCESS - CAJA DE CARTON CORRUGADO DOBLE MEDIDAS GENE,14,product,product
Desechos de Papel,18,service,service
362720 SPEAKER GRILLE MP552 PUERTAS,28,product,product
"CORTE DE VELCRO 2"" AUTOADHERIBLE",30,product,product
"CORTE NYLON 1""",30,product,product
362722 APPLIEQUE FORNTAL MP552 PUERTAS,28,product,product
180060190,14,product,product
TESLA NV26 FRL CONL END ITEM,23,product,product
TESLA NV26 FRL CONL END ITEM HSC,14,product,product
HSC - A TESLA NV26 FRL CONL END ITEM,20,product,product
B - HSC TESLA NV26 FRL CONL END ITEM,20,product,product
CELDA ARMADA - TESLA NV26 FRL CONL END ITEM,14,product,product
CELDA A - TESLA NV26 FRL CONL END ITEM,20,product,product
CELDA B - TESLA NV26 FRL CONL END ITEM,20,product,product
TAPA AUTOENSAMBLE TESLA NV26,14,product,product
CAJA CARTON WL,14,product,product
CAJA CARTON RU,14,product,product
RETRABAJO GLASS FRONT CX430,28,product,product
180020780 L02D WIP,14,product,product
A - 180020780 L02D WIP,20,product,product
B - 180020780 L02D WIP,20,product,product
CAJA MEZCAL,14,product,product
MEZCAL KIT,23,consu,consu
CELDA MEZCAL,14,product,product
A - MEZCAL,20,product,product
B - MEZCAL,20,product,product
WS CAJA,14,product,product
WS CELDA ARMADA,14,product,product
WS CELDA A,20,product,product
WS CELDA B,20,product,product
TESLA NV26 KIT PARA DOOR PANEL,23,product,product
HSC - TESLA NV26 KIT PARA DOOR PANEL,14,product,product
CELDA - TESLA NV26 KIT PARA DOOR PANEL,14,product,product
CORTE FOAM P/ PISO 4548,14,product,product
A - TESLA NV26 KIT PARA DOOR PANEL,20,product,product
B - TESLA NV26 KIT PARA DOOR PANEL,20,product,product
C - TESLA NV26 KIT PARA DOOR PANEL,20,product,product
D - TESLA NV26 KIT PARA DOOR PANEL,20,product,product
TESLA NV26 FLR CNSL END PANEL,23,product,product
HSC - TESLA NV26 FLR CNSL END PANEL,14,product,product
HSC A - TESLA NV26 FLR CNSL END PANEL,20,product,product
HSC B - TESLA NV26 KIT PARA DOOR PANEL,20,product,product
CELDA  - TESLA NV26 FLR CNSL END PANEL,14,product,product
A - TESLA NV26 FLR CNSL END PANEL,20,product,product
B - TESLA NV26 FLR CNSL END PANEL,20,product,product
KIT ICP,23,product,product
CELDA ARMADA - ICP CD539 MICRO,14,product,product
CORTE AB - ICP CD539 MICRO,20,product,product
CORTE PISO - ICP CD539 MICRO,20,product,product
CELDA A  -  ICP CD539 MICRO,20,product,product
CELDA B  - ICP CD539 MICRO,20,product,product
PISO - ICP CD539 MICRO,20,product,product
CELDA A - SEPARADOR WS,20,product,product
CELDA B - SEPARADOR WS,20,product,product
Manga Array,14,product,product
Tapa Array,14,product,product
Esquinero Array,14,product,product
Tapa base Array,14,product,product
Dunnage Array,14,product,product
"TORNILLO ALLEN STD. 3/8-16 X 1 1/2""",19,consu,consu
CAJA DE PLASTICO CORRUGADO 4MM VERDE BOTELLA + DUNNAGE 6X PLASTILONA ESD C/ ALMA DE COROPLAST + PISO DESLIZABLES + ACCESORIOS DE ESTIBA,28,product,product
CAJA - GLASS FRONT 780B IC,28,product,product
CELDA 6X - GLASS FRONT 780B IC,28,product,product
MEDIA TAPA - GLASS FRONT 780B IC,28,product,product
PISO - GLASS FRONT 780B IC,28,product,product
CORTE TRANSFLEX - MEDIA TAPA - GLASS FRONT 780B IC,30,product,product
CP - MEDIA TAPA - GLASS FRONT 780B IC,30,product,product
A CP + ESD - CELDA 6X - GLASS FRONT 780B IC,30,product,product
B CP + ESD - CELDA 6X - GLASS FRONT 780B IC,30,product,product
CHAROLA  - GLASS FRONT 780B IC,30,product,product
PARED - GLASS FRONT 780B IC,30,product,product
CORTE CANALETA 5MM  - GLASS FRONT 780B IC,30,product,product
CORTE CANALETA 10  MM  - GLASS FRONT 780B IC,30,product,product
CORTE ESD - A - GLASS FRONT 780B IC,30,product,product
CP -  A - GLASS FRONT 780B IC,30,product,product
CORTE ESD - B - GLASS FRONT 780B IC,30,product,product
CP -  B - GLASS FRONT 780B IC,30,product,product
CORTE ESD - PISO - GLASS FRONT 780B IC,30,product,product
C CP -  PISO - GLASS FRONT 780B IC,30,product,product
21165,18,service,service
TR11390 TAPA ICP 539,14,product,product
CONTENEDOR PLASTICO (copia),33,product,product
CONTENEDOR PLASTICO (copia),33,product,product
CAJA - STANCHION  COVER,38,product,product
PAD - STANCHION COVER,38,product,product
362390 - DUNNAGE ARMREST FRONT MP552 PUERTAS,28,product,product
362390 - DUNNAGE ARMREST FRONT MP552 PUERTAS (copia),28,product,product
362390 /362391 DUNNAGE ARMREST FRT & RR,30,product,product
A - 362390 /362391 DUNNAGE ARMREST FRT & RR,30,product,product
A - 362390 /362391 DUNNAGE ARMREST FRT & RR (copia),30,product,product
B - 362390 /362391 DUNNAGE ARMREST FRT & RR (copia),30,product,product
C - 362390 /362391 DUNNAGE ARMREST FRT & RR (copia),30,product,product
D - 362390 /362391 DUNNAGE ARMREST FRT & RR (copia),30,product,product
E - 362390 /362391 DUNNAGE ARMREST FRT & RR (copia),30,product,product
F - 362390 /362391 DUNNAGE ARMREST FRT & RR (copia),30,product,product
G - 362390 /362391 DUNNAGE ARMREST FRT & RR (copia),30,product,product
WS IP BEZEL OC LOWER,14,product,product
WS IP KIN Bezel,14,product,product
WS FC 2ND ROW BASE CARRIER,14,product,product
TUNDRA TOYOTA,35,product,product
TAPA TUNDRA TOYOTA,38,product,product
SEPARADOR TUNDRA TOYOTA,38,product,product
CELDA 6X TUNDRA TOYOTA,38,product,product
HSC TUNDRA TOYOTA,38,product,product
A CELDA 6X TUNDRA TOYOTA,39,product,product
TOOLING,18,service,service
"CORTE VELCRO 2"" - MEDIA TAPA 4548 ROPACK",30,product,product
"CORTE VELCRO 2"" - MEDIA TAPA 4548 ROPACK (copia)",30,product,product
"VELCRO FELPA 1"" - MEDIA TAPA 4548 ROPACK (copia)",30,product,product
"VELCRO GANCHO 1"" - MEDIA TAPA 4548 ROPACK (copia)",30,product,product
"NYLON1"" - MEDIA TAPA 4548 ROPACK (copia)",30,product,product
"VELCRO 1"" AUTO - MEDIA TAPA 4548 ROPACK (copia)",30,product,product
PLASTIFICADO,19,consu,consu
CLUSTER U725 - CX430,28,product,product
362388 REINFORCEMENT MCA MP552 PUERTAS,28,product,product
362388 REINFORCEMENT MCA MP552 PUERTAS (copia),28,product,product
362718 UPPER REAR MP552 PUERTAS,28,product,product
362718 UPPER REAR MP552 PUERTAS (copia),28,product,product
CHAROLA - GLASS FRONT U725,30,product,product
CELDA - GLASS FRONT U725,30,product,product
"Servicios de planeación, búsqueda e identificación y administración en la implementación de nuevos proyectos oct'2020",18,service,service
CELDA A - DUNNAGE CLUSTER,30,product,product
CELDA A - DUNNAGE CLUSTER (copia),30,product,product
CELDA B - DUNNAGE CLUSTER (copia),30,product,product
CELDA C - DUNNAGE CLUSTER (copia),30,product,product
CELDA D - DUNNAGE CLUSTER (copia),30,product,product
CELDA E - DUNNAGE CLUSTER (copia),30,product,product
SUDAFRICA BMW G01 LCI,14,product,product
A - CELDA SUDAFRICA BMW G01 LCI,20,product,product
A - CELDA SUDAFRICA BMW G01 LCI (copia),20,product,product
B - CELDA SUDAFRICA BMW G01 LCI (copia),20,product,product
C - CELDA SUDAFRICA BMW G01 LCI (copia),20,product,product
D - CELDA SUDAFRICA BMW G01 LCI (copia),20,product,product
E - CELDA SUDAFRICA BMW G01 LCI (copia),20,product,product
F - CELDA SUDAFRICA BMW G01 LCI (copia),14,product,product
CAJA ALABAMA,14,product,product
TAPA ALABAMA,14,product,product
A - 362388 REINFORCEMENT MCA MP552 PUERTAS,30,product,product
A - 362388 REINFORCEMENT MCA MP552 PUERTAS (copia),30,product,product
B - 362388 REINFORCEMENT MCA MP552 PUERTAS (copia),30,product,product
C - 362388 REINFORCEMENT MCA MP552 PUERTAS (copia),30,product,product
A - 362718 UPPER REAR MP552 PUERTAS,30,product,product
A - 362718 UPPER REAR MP552 PUERTAS (copia),30,product,product
21299,28,product,product
B - 362718 UPPER REAR MP552 PUERTAS (copia),30,product,product
C - 362718 UPPER REAR MP552 PUERTAS (copia),30,product,product
CORTE CHICO- CELDA SUDAFRICA BMW G01 LCI,20,product,product
CORTE CHICO- CELDA SUDAFRICA BMW G01 LCI (copia),20,product,product
DUNNAGE CLUSTER,30,product,product
CAJA - STANCHION  COVER (copia),38,product,product
PAD - STANCHION COVER (copia),38,product,product
180205170,14,product,product
180205170 (copia),20,product,product
180205170 - A (copia),20,product,product
180205170 - A (copia),20,product,product
TMC XXX - RSC,14,product,product
Console lower - TMC 050,14,product,product
N61506697 (copia),20,product,product
N61506697 - A (copia),20,product,product
Console cell,14,product,product
Console cell A,20,product,product
Console cell B,20,product,product
Armrest cell,14,product,product
Armrest cell A,20,product,product
Inteva DA90,14,product,product
Inteva DA90 - tray,20,product,product
Inteva DA90 - part 1,20,product,product
Inteva DA90 - part 2,20,product,product
ANCHO DE MAQUINA 51 ECT,15,product,product
CORTE NYLON P/ INGITION RING,30,product,product
IP EXTENSION INDIVIDUAL,23,consu,consu
CHAROLA CON DIVISOR ITB U725 DMS (copia),20,product,product
DECKLIND REAL LAMP ASSEMBLY CX727,38,product,product
Backframe 60% - base lid,14,product,product
Backframe 60% - top lid,14,product,product
Backframe 60% - cell,14,product,product
Backframe 60% - cell A,20,product,product
Backframe 60% - cell B,20,product,product
Backframe 60% - cell C,14,product,product
Backframe 60%,23,product,product
CONSOLA V363,38,product,product
CX727 LIFTGATE,38,product,product
WS DP,28,product,product
WS DP (copia),30,product,product
WS DP - DUNNAGE (copia),30,product,product
"CORTE 1045MM VELCRO AUTO 1"" P/ ROPACK",30,product,product
A WS DP DUNNAGE,30,product,product
A WS DP DUNNAGE (copia),30,product,product
B WS DP DUNNAGE (copia),30,product,product
C WS DP DUNNAGE (copia),30,product,product
D WS DP DUNNAGE (copia),30,product,product
E WS DP DUNNAGE (copia),30,product,product
F WS DP DUNNAGE (copia),30,product,product
F WS DP DUNNAGEG (copia),30,product,product
H WS DP DUNNAGE (copia),30,product,product
180204680,14,product,product
180204680 (copia),20,product,product
A - 180204680 (copia),20,product,product
CONTENEDOR PLASTICO (copia),33,product,product
CONTENEDOR PLASTICO (copia),33,product,product
CONTENEDOR PLASTICO (copia),33,product,product
CONTENEDOR PLASTICO (copia),33,product,product
TESLA NV26 ESQUINEROS DOOR PANEL,38,product,product
TESLA NV26 ESQUINEROS DOOR PANEL (copia),38,product,product
TESLA NV26 ESQUINEROS FLOOR CONSOLE (copia),38,product,product
BARROTE 1450,38,product,product
BARROTE 1450 (copia),38,product,product
BARROTE 325 (copia),38,product,product
Backframe 60% - cornerback,14,product,product
CELDA ARMADA - ICP CD539 MICRO (copia),20,product,product
TR11590 - CAJA ICP 539,14,product,product
TR11590 - CAJA ICP 539 (copia),14,product,product
TR11591 - TAPA ICP 539 (copia),14,product,product
DUNNAGE 40X,28,product,product
DUNNAGE 40X (copia),30,product,product
W04002 - DUNNAGE 40X (copia),30,product,product
W04002 - DUNNAGE 40X (copia),30,product,product
CELDA A - DUNNAGE 40X (copia),30,product,product
CELDA B - 2 LADOS (copia),30,product,product
CELDA B - 1 LADO (copia),30,product,product
CELDA C - 2 LADO - DUNNAGE 40X + TAPA (copia),30,product,product
3 MM LAMINADA 2 LADOS,30,product,product
3 MM LAMINADA 2 LADOS (copia),30,product,product
WS Passanger - Viniles,28,product,product
CELDA C - 2 LADO - DUNNAGE 40X (copia),30,product,product
TAPA - DUNNAGE 40X (copia),30,product,product
TRANSFLEX TAPA - DUNNAGE 40X (copia),30,product,product
FELPA TAPA - DUNNAGE 40X (copia),30,product,product
GANCHO TAPA - DUNNAGE 40X (copia),30,product,product
NYLON TAPA - DUNNAGE 40X (copia),30,product,product
FELPA AUTO - DUNNAGE 40X (copia),30,product,product
"CORTE 1"" VELCRO GANCHO - 22""",30,product,product
362034860-Rack Bolster Passenger,28,product,product
363010570- PALLET 48*45,28,product,product
363010570- TAPA 48*45,28,product,product
DUNNAGE PARA RACK LONA COATING,18,service,service
PINTURA DE ESTRUCTURA,18,service,service
MQ4A-Dunnage-tray,20,product,product
MQ4A-Dunnage-part1,20,product,product
MQ4A-Dunnage-part2,20,product,product
DUNNAGE AMBULANCIA,28,product,product
Customer Spartanburg - Cardboard Cell Divider for P2,14,product,product
Customer Spartanburg - Cardboard Cell Divider for P2 (copia),14,product,product
Customer OES - Cardboard Cell Divider for P1 (copia),14,product,product
Customer Spartanburg - Cardboard Cell Divider for P1,14,product,product
A - SPARTANBURG P1,20,product,product
A - SPARTANBURG P1 (copia),20,product,product
B - SPARTANBURG P1 (copia),20,product,product
C - SPARTANBURG P1 (copia),20,product,product
D - SPARTANBURG P1 (copia),20,product,product
E - SPARTANBURG P1 (copia),20,product,product
F - SPARTANBURG P1 (copia),20,product,product
A - SPARTANBURG P2,20,product,product
A - SPARTANBURG P2 (copia),20,product,product
B - SPARTANBURG P2 (copia),20,product,product
C - SPARTANBURG P2 (copia),20,product,product
A - SERVICIO P1,20,product,product
A - SERVICIO P1 (copia),20,product,product
B - SERVICIO P1 (copia),20,product,product
C - SERVICIO P1 (copia),20,product,product
D - SERVICIO P1 (copia),20,product,product
E - SERVICIO P1 (copia),20,product,product
A - SERVICIO P2 (copia),20,product,product
B - SERVICIO P2 (copia),20,product,product
C - SERVICIO P2 (copia),20,product,product
ESD - A 1000 MM X L 1250 MM,20,product,product
ESD - A 1000 MM X L 1250 MM (copia),20,product,product
D - SPARTANBURG P2 (copia),20,product,product
E - SPARTANBURG P2 (copia),20,product,product
ESD - SERVICIO,20,product,product
Customer South Africa - XLINK Packaging Support,14,product,product
Herrramental 1,18,service,service
Herrramental 1 (copia),18,service,service
Herrramental 1 (copia) (copia),18,service,service
Herrramental 1 (copia) (copia) (copia),18,service,service
Herrramental 1 (copia) (copia) (copia) (copia),18,service,service
Herrramental 1 (copia) (copia) (copia) (copia) (copia),18,service,service
"MEDIA TAPA 45""",30,product,product
CAR818062 HARD TRIM SERVICIO (copia),18,service,service
CAR818062 HARD TRIM SERVICIO (copia) (copia),18,service,service
CAR818062 HARD TRIM SERVICIO (copia) (copia) (copia),18,service,service
"VELCRO FELPA 2"" - MEDIA TAPA 45""",30,product,product
"VELCRO FELPA 2"" - MEDIA TAPA 45"" (copia)",30,product,product
"VELCRO FELPA 1"" - MEDIA TAPA 45"" (copia)",30,product,product
"VELCRO GANCHO 1"" - MEDIA TAPA 45"" (copia)",30,product,product
"NYLON 1"" - MEDIA TAPA 45"" (copia)",30,product,product
"CORTE 1045MM VELCRO AUTO 1"" P/ ROPACK (copia)",30,product,product
"1100 MM VELCRO AUTO 1"" ROPACK (copia)",30,product,product
"1035 VELCRO 1"" DUNNAGE ROPACK (copia)",30,product,product
Remplazo para orden de compra 55078212,18,service,service
Remplazo para orden de compra 55078212 (copia),18,service,service
Remplazo para orden de compra 55078212 (copia) (copia),18,service,service
Remplazo para orden de compra 55078212 (copia) (copia) (copia),18,service,service
Remplazo para orden de compra 55078212 (copia) (copia) (copia) (copia),18,service,service
Rack Armrest FR LH SUBSTRATE - YF G42,28,product,product
Rack Armrest FR RH SUBSTRATE - YF G42,28,product,product
Rack Armrest FR LH FIP - YF G42,28,product,product
Rack Armrest FR RH FIP - YF G42,28,product,product
Rack Armrest RR LH SUBSTRATE - YF G42,28,product,product
Rack Armrest RR RH SUBSTRATE - YF G42,28,product,product
Packaging Lab Tests for South Africa,18,service,service
Packaging Lab Tests for South Africa (copia),18,service,service
Packaging Lab Tests for South Africa (copia) (copia),18,service,service
"MEDIA TAPA 45"" (copia)",30,product,product
"NYLON 1"" - MEDIA TAPA 45"" (copia)",30,product,product
"TRANSFLEX - MEDIA TAPA 45"" + ALMA (copia)",30,product,product
DUNNAGE 16X ON EVOLON 100,28,product,product
Door carrier FR  - Interplants P2,28,product,product
Door carrier RR RH - Interplants P2,28,product,product
Door carrier RR LH - Interplants P2,28,product,product
EMS SHIELD,28,product,product
EMS SHIELD (copia),28,product,product
TAPA EMC SHIELD FRAME 780B,30,product,product
TAPA EMC SHIELD FRAME 780B (copia),30,product,product
TAPA EMC SHIELD FRAME 780B (copia) (copia),30,product,product
CHAROLA EMC SHIELD FRAME 780B (copia),30,product,product
CHAROLA RANURADA EMC SHIELD FRAME 780B (copia),30,product,product
CHAROLA - EMC SHIELD FRAME 780B (copia),30,product,product
DUNNAGE 5X - EMC SHIELD FRAME 780B (copia),30,product,product
TAPA - EMC SHIELD FRAME 780B (copia),30,product,product
TRAMO 10 - EMC SHIELD FRAME 780B (copia),30,product,product
TAPA - EMC SHIELD FRAME 780B (copia),30,product,product
A TRANSFLEX TAPA - EMC SHIELD FRAME 780B (copia),30,product,product
B TRANSFLEX TAPA - EMC SHIELD FRAME 780B (copia),30,product,product
120 NYLON TAPA -  780B (copia),30,product,product
Map pocket bin RR - Interplants P2,28,product,product
DUNNAGE PARA WINDOW PLATE,28,product,product
TAPA - WINDOWPLATE 780B,30,product,product
TAPA - WINDOWPLATE 780B (copia),30,product,product
DUNNAGE 5X - WINDOWPLATE 780B (copia),30,product,product
CAJA - WINDOWPLATE 780B (copia),30,product,product
A TAPA - WINDOWPLATE 780B (copia),30,product,product
CHAROLA RANURADA - WINDOWPLATE 780B (copia),30,product,product
A - WINDOWPLATE 780B (copia),30,product,product
CHAROLA - WINDOWPLATE 780B (copia),30,product,product
TRAMO 10 - WINDOWPLATE 780B (copia),30,product,product
TRAMO 5 - WINDOWPLATE 780B (copia),30,product,product
DUNNAGE LOWERCASE,28,product,product
DUNNAGE LOWERCASE (copia),30,product,product
TAPA - LOWERCASE 780B (copia),30,product,product
DUNNAGE 5X - LOWERCASE 780B (copia),30,product,product
CAJA - LOWERCASE 780B (copia),30,product,product
A TRANSFLEX - LOWERCASE 780B (copia),30,product,product
CHAROLA - LOWERCASE 780B (copia),30,product,product
CHAROLA RANURADA - LOWERCASE 780B (copia),30,product,product
CHAROLA - LOWERCASE 780B (copia),30,product,product
10 TRAMO - LOWERCASE 780B (copia),30,product,product
TRAMO 5 - LOWERCASE 780B (copia),28,product,product
DUNNAGE HEAT SINK (copia),30,product,product
TAPA - HEAT SINK 780B (copia),30,product,product
DUNNAGE 5X - HEAT SINK 780B (copia),30,product,product
CAJA - HEAT SINK 780B (copia),30,product,product
A TRANSFLEX - HEAT SINK 780B (copia),30,product,product
CHAROLA RANURADA - HEAT SINK 780B (copia),30,product,product
A - HEAT SINK 780B (copia),30,product,product
CHAROLA - HEAT SINK 780B (copia),30,product,product
TRAMO 10 - HEAT SINK 780B (copia),30,product,product
Tapa A WS Central,30,product,product
Tapa B WS Central,30,product,product
Charola de plástico corrugado,28,product,product
Soporte frontal S1,28,product,product
Soporte Trasero S2,28,product,product
Base SDD2,28,product,product
SDD2,30,product,product
SDD2 FI,30,product,product
S1B3,30,product,product
HDPE S1,30,product,product
S2B1,30,product,product
S2B2,30,product,product
S2B3,30,product,product
HDPE S2,30,product,product
HDPE2 S2,30,product,product
Charola de plastico corrugado DS,26,product,product
W04002 CONTENEDOR 480X305X155,28,product,product
W04002 CONTENEDOR 480X305X155 (copia),30,product,product
CHAROLA - CONTENEDOR 480X305X155 (copia),30,product,product
300 MM TRAMO 10 MM  - CONTENEDOR 480X305X155 (copia),30,product,product
CAJAS DE PLASTICO,28,product,product
CAJAS DE PLASTICO CORRUGADO (copia),30,product,product
"CHAROLA - CAJA DE PLASTICO CORRUGADO 43"" X 17"" X 14"" (copia)",30,product,product
PISO - CAJA DE PLASTICO CORRUGADO 43X17X14 (copia),30,product,product
1085 MM TRAMO 10 - CAJA DE PLASTICO CORRUGADO 43X17X14 (copia),30,product,product
415 MM TRAMO 5 - CAJA DE PLASTICO CORRUGADO 43X17X14 (copia),30,product,product
REFUERZO - CAJA DE PLASTICO CORRUGADO 43X17X14 (copia),30,product,product
A REFUERZO - CAJA DE PLASTICO CORRUGADO 43X17X14 (copia),30,product,product
CAJA HSC DK 48 ECT CAJA VOLVO,14,product,product
TAPA CK 32 ECT TAPA VOLVO,14,product,product
DUNNAGE 16X EVOLON WITH TOTE 22 X 24 X 9,26,product,product
PLASTIC PALLET / COVER PT,28,product,product
723022 Caja Backup P8,23,product,product
PANEL P8,14,product,product
CUELLO EXTERIOR P8,14,product,product
CUELLO INTERIOR P8,14,product,product
Speaker mesh FRT - Interplants P2,28,product,product
8060705 EMP,23,product,product
Speaker mesh RR - Interplants P2,28,product,product
Door armrest MS RR FIP RACK,28,product,product
Door armrest MS FR FIP RACK,28,product,product
Charola plastica case 780B HUD,30,product,product
Bastidor plastico case 780B HUD,30,product,product
Dunnage case 780B HUD,30,product,product
Charola plastica cover 780B & U554,30,product,product
Bastidor plastico cover 780B & U554,30,product,product
Dunnage cover 780B & U554 HUD,30,product,product
Window plate 780B & U554,28,product,product
HERRAMENTAL PARA CAJA PEQUEÑA DE KIT HANDLE T1XX (copia),18,service,service
Rack Backframe 60% YF-CG,28,product,product
Backframe 60% - sleeve  laminated,14,product,product
647713 CAJA SERVICIO,14,product,product
647713 CAJA SERVICIO (copia),14,product,product
Kit Armrest - Yanfeng CF,23,consu,consu
Kit Console - Yanfeng CF,23,product,product
Nylon extra m s complemento de aumento en plastico corrugado para Dunnage para window plate,18,service,service
Nylon extra m s complemento de aumento en plastico corrugado para Dunnage EMS SHIEL,18,service,service
Nylon extra m s complemento de aumento en plastico corrugado para Dunnage FRAME,18,service,service
Nylon extra m s complemento de aumento en plastico corrugado para Dunnage Lower Case,18,service,service
Nylon extra m s complemento de aumento en plastico corrugado para Dunnage Heat Sink + CAMBIO DE INGENIERA,18,service,service
KIT 330 MCA,23,product,product
KIT 330 MCA (copia),20,product,product
CUELLO - KIT 330 MCA (copia),20,product,product
TAPA / BASE - KIT 330 MCA (copia),20,product,product
PAD - KIT 330 MCA (copia),14,product,product
CAJA - KIT 330 MCA (copia),20,product,product
CAJA HSC - KIT 330 MCA (copia),20,product,product
PAD C/ CHAFLAN - KIT 330 MCA (copia),20,product,product
PAD INNER - KIT 330 MCA (copia),20,product,product
BARROTE - KIT 330 MCA (copia),20,product,product
BARROTE CENTRAL - KIT 330 MCA (copia),20,product,product
SEPARADOR CENTRAL - KIT 330 MCA (copia),20,product,product
"ROPACK 45"" X 48"" X34""",14,product,product
TR12437 CAJA ICP 539,14,product,product
TR12438 TAPA ICP 539,14,product,product
CELDA ARMADA - ICP CD539 MICRO (copia),20,product,product
CELDA A - ICP  MICRO,20,product,product
CELDA A - ICP  MICRO (copia),20,product,product
CELDA B - ICP  MICRO KRAFT (copia),20,product,product
TR12439 CELDA ARMADA - P558 MICRO,20,product,product
PISO - ICP P558 MICRO,20,product,product
P8 - Stabilus 1,23,product,product
Separadores de cajas flocking,14,product,product
"CAJA TRIANGULAR 15""",14,product,product
"CAJA TRIANGULAR 15"" (copia)",14,product,product
362034860-Rack Bolster Passenger (copia),28,product,product
ETRUCTURA METALICA RACK BOLSTER (copia),28,product,product
BOLSA 13X - BOLSTER PASSENGER (copia),28,product,product
HERRAMENTAL PARA CAJA PEQUEÑA DE KIT HANDLE T1XX (copia),18,service,service
HERRAMENTAL PARA CAJA PEQUEÑA DE KIT HANDLE T1XX (copia) (copia),18,service,service
"HERRAMENTAL PARA CAJA DE 24"" (copia)",18,service,service
Par de peines XLINK para empaques de glass front,18,service,service
ll,23,product,product
Cup Holder,28,product,product
Celda Audi coupe,20,product,product
TARIMA DUCTO / PARA CC91 & P8 (copia),15,product,product
750484 CAJA PARA ECU,14,product,product
SEPARADOR KIT RETEINER,14,product,product
CELDA A KIT RETEINER,20,product,product
CELDA B KIT RETEINER,20,product,product
CAJA KIT RETEINER,14,product,product
CELDADO KIT RETEINER,14,product,product
ESQUINERO KIT RETEINER,14,product,product
KIT RETEINER,23,product,product
CAJA KIT RESERVOIR,14,product,product
ESQUINERO KIT RESERVOIR,14,product,product
KIT RESERVOIR,23,product,product
Caja telescópica Backframe 60%,14,product,product
SOPORTE SUPERIOR EN LAMINA NEGRA CAL 16 SEGUN DIBUJO,27,product,product
"SOPORTE PARA PINES EN PLACA DE A36 DE 3/16"" ESPESOR, SEGUN DIBUJO",27,product,product
CELDA GLASS FRONT U725,30,product,product
CHAROLA GLASS FRONT U725,30,product,product
CONTENEDOR PARA CELDA SUDAFRICA,20,product,product
CONTENEDOR PARA CELDA SUDAFRICA (copia),20,product,product
"CUELLO ""C"" - CONTENEDOR SUDAFRICA (copia)",20,product,product
TAPA - CONTENEDOR SUDAFRICA (copia),20,product,product
PARED - CONTENEDOR SUDAFRICA (copia),20,product,product
Dunnage for DT Hard Trim Suede WIP Packaging,28,product,product
"SOPORTE PARA PINES EN PLACA DE A36 DE 3/16"" ESPESOR, SEGUN DIBUJO (copia)",27,product,product
RODAPIE 45 X 10 (copia),27,product,product
DIVISOR BASE (copia),27,product,product
ETIQUETA ESTIRENO 171MM X 114MM CAL.20 (copia),15,product,product
CELDA RECORTADA GLASS FRONT U725,30,product,product
Dunnage 780B - YFAI,28,product,product
467.416-19 COMPARTIMENT INSERT 1150X1100X225MM ESD,14,product,product
467.416-20 COMPARTIMENT INSERT 1150X1100X160MM ESD,14,product,product
Caja RSC Inteva DA90,14,product,product
VELCRO PARA HT B-PILLAR,28,product,product
Charola coroplast PC 220,30,product,product
Kit Armrest (copia),23,product,product
Kit Armrest (copia),23,consu,consu
CORTE DE CHAROLA PE 237,30,product,product
CORTE CELDAS PE 237,30,product,product
HERRAMENTAL PARA TAPA NEXTRACKER (copia),18,service,service
Nextracker 3.0,23,product,product
Tapa superior Nextracker 3.0,14,product,product
Tapa base Nextracker 3.0,14,product,product
Cuello Nextracker 3.0,14,product,product
Inserto Nextracker 3.0,14,product,product
Sobrante de Microcorrugado 32,15,product,product
K2XL,15,product,product
3957150 - PTN.DT B UPR ITB 52 CELL (copy),14,product,product
CAJA GMT 625,14,product,product
CELDA GMT 625,14,product,product
CELDA A GMT 625,20,product,product
CELDA B GMT 625,20,product,product
SEPARADOR GMT 625,14,product,product
BASE INFERIOR GMT 625,14,product,product
TOYOTA MASTERPACK 3088,14,product,product
"ESQUINERO 57""",18,service,service
CUELLO EXTERIOR AQ450,14,product,product
CUELLO INTERIOR AQ 450,14,product,product
TAPA AQ 450,14,product,product
CELDADO AQ450,14,product,product
CELDA A AQ450,20,product,product
CELDA B AQ450,20,product,product
SEPARADOR A450,14,product,product
ESQUINERO AQ450,14,product,product
TARIMA AQ450,14,product,product
KIT AQ450,23,product,product
CELDADO TGTX,20,product,product
CELDA A TGTX,20,product,product
CAJA RSC TGTX,20,product,product
CAJA AVANZAR,20,product,product
PAD AVANZAR,20,product,product
TAPA AVANZAR,20,product,product
CELDA C TGTX,20,product,product
Caja #1 common HUD,28,product,product
CELDA A REFACCIONES P1,20,product,product
CELDA B REFACCIONES P1,20,product,product
CELDA C REFACCIONES P1,20,product,product
CELDA D REFACCIONES P1,20,product,product
CELDA A REFACCIONES P2,20,product,product
CELDA B REFACCIONES P2,20,product,product
CELDA C REFACCIONES P2,20,product,product
CELDA D REFACCIONES P2,20,product,product
Caja #2 common HUD,28,product,product
95-075,14,product,product
GSH001-CE,14,product,product
Sleeve laminated Backframe 60% - A,20,product,product
Sleeve laminated Backframe 60% - B,20,product,product
180020760 RSC (copia),18,service,service
Caja #1 common HUD,28,product,product
Caja #2 common HUD,28,product,product
Caja #1 common HUD,28,product,product
Caja #2 common HUD,28,product,product
Caja #1 common HUD,28,product,product
Caja #2 common HUD,28,product,product
KIT BRAZIL,23,product,product
CAJA BRAZIL,14,product,product
INSERTO BRAZIL,14,product,product
CELDADO BRAZIL,14,product,product
CELDA A BRAZIL,20,product,product
CELDA B BRAZIL,20,product,product
CELDA C BRAZIL,20,product,product
PAD BRAZIL,14,product,product
CAJA BRAZIL (copia),14,product,product
BASE BRAZIL,14,product,product
HERRAMENTAL CHAROLA NEXTRACKER (copia),18,service,service
Retrabajo Antolin (copia),18,service,service
HERRAMENTAL TRMX-1,18,service,service
Retrabajo Charola 780B IC EMC Shield,28,product,product
Charola 780B IC - Lower Case,28,product,product
Charola texas,14,product,product
Charola base texas,20,product,product
CELDAS CHAROLA TEXAS,20,product,product
19109,23,consu,consu
ancho maquina ,1,product,product
Separador AQ450,23,product,product
Celda AQ450,14,product,product
Celda A AQ450,20,product,product
Celda B AQ450,20,product,product
PAD AQ450,14,product,product
Inserto G09,14,product,product
Divisor G09,20,product,product
Separador G09,20,product,product
CAJA TR 13775,14,product,product
CAJA TR 13776,14,product,product
CAJA TR 13773,14,product,product
BEZEL-FWD COLLISION,28,product,product
PLATE ASM IP CSTR TR PAINTED -A,28,product,product
ARMREST OUTTER,28,product,product
CONSOLE ARMREST,28,product,product
CONSOLE END PANEL,28,product,product
B88  [CMP-C32-0257],1,product,product
"[BOX 938591 SIZE 16""] CAJA INDUSTRIAL 16""",1,product,product
357790-TA,1,product,product
AGUAS,1,consu,consu
4506,1,consu,consu
lona trna,1,product,product
Kit armrest,23,product,product
TMC 110,14,product,product
Separador,14,product,product
Celda Armrest,14,product,product
Celda A Armrest,20,product,product
Celda B Armrest,20,product,product
CAJA TMC 100 LUMBAR,14,product,product
CELDADO LUMBAR,14,product,product
CELDA A LUMBAR,20,product,product
CELDA B LUMBAR,20,product,product
Kit FRT - HEADREST,23,product,product
TMC 095,14,product,product
Celda FRT - Headrest,14,product,product
Celda A FRT - Headrest,20,product,product
Celda B FRT - Headrest,20,product,product
TMC 4548 HSC Lid,14,product,product
Celda SIDE,14,product,product
Celda A SIDE,20,product,product
Celda B SIDE,20,product,product
KIT CTR,23,product,product
Celda CTR,14,product,product
Celda A CTR,20,product,product
Celda B CTR,20,product,product
IVA DE IMPORTACIÓN,40,service,service
TAPA ROPAK 4845,30,product,product
POLIFOAM DE 1/4,1,product,product
DUNNAGE P375,28,product,product
CELDAS Y PORTAFICHAS MATERIAL A LA,1,product,product
DCAB MIDBD MLD 780B,28,product,product
DCAB MIDBD MLD 780B (copia),28,product,product
rtm-0036,1,product,product
G07/G09 | CAJA PIELES,28,product,product
MOLDE DE MADERA PARA PROTO,18,service,service
"TAPA DE TERMOORMADO PARA A24 EN LA COMPRA MINIMA DE 3000 TAPAS, PRECIO OTORGADO SI SE RECIBE PO DESPUES DEL 22 DE SEPTIEMBRE DE 2021 PARA ENTREGAR 15 DE NOVIEMBRE",28,product,product
1282,1,consu,consu
dunnage mcv assembly,28,product,product
DUNNAGE PARA APPLIQUE REAR 40X EN EVOLON CON ALMA DE COROPLAST + TAPAS DE PVC (copia),18,service,service
DUNNAGE PARA APPLIQUE FRONT 30X EN EVOLON CON ALMA DE COROPLAST + TAPAS DE PVC (copia),18,service,service
CELDADO ISRINGHAUSEN,28,product,product
Charola B16,28,product,product
Charola FPI 16,28,product,product
SEPARADOR COROPLAST BLANCO 1.02 X 1.11,30,product,product
"ROPACK SEMINUEVO 45"" X 48"" X 34"", + 5 SEPARADORES DE PLASTICO CORRUGADO DE 4 MM",28,product,product
RETRABAJO DE 19 CHAROLAS (diferentes isuues),28,product,product
KIT MOTOR GEARBOX,23,product,product
Charola +celdado +pad + tapa Motor Gearbox,14,product,product
Celda A Motor Gearbox,20,product,product
Celdado B Motor Gearbox,20,product,product
Tapa Motor Gearbox,14,product,product
PAD Motor Gearbox,14,product,product
Tapa general Motor Gearbox,14,product,product
922 FC AR LATCH,28,product,product
922 FC ARTMREST LATCH,28,product,product
CHAROLA MOTORGEAR ARMADA,14,product,product
CELDA ARMADA MOTOR GEAR,14,product,product
TAPA CARTON NEXTRACKER,14,product,product
TAPA PLASTICO NEXTRACKER,14,product,product
INSERTO NEXTRACKER,14,product,product
"Separador de cartón para Seat Back RH y LH  17"" x 42""",14,product,product
"Esquinero KRAFT 2"" X 2""X 35.8CM CAL. 250",14,product,product
HERRAMENTAL CHAROLA NEXTRACKER (copia),18,service,service
CONTENCION CARTON PARA MCV,14,product,product
CELDADO ISRINGHAUSEN 40 PZ,28,product,product
Caja Seat Back HSC 1/2,14,product,product
TAPA SEAT BACK,14,product,product
CELDA A SEAT BACK,20,product,product
celda b seat back,20,product,product
19246,1,product,product
CELDADO SEAT BACK,14,product,product
"SEPARADOR 41"" X 44"" PARA PIVOTE Y SEAT BACK DE MTM A PPG",14,product,product
CELDA A PARA DUNNAGE DE PIVOTE,20,product,product
MOLDE DE MADERA PARA PROTO (copia),18,service,service
CELDA B PARA DUNNAGE PIVOTE,20,product,product
CAJA HSC PARA KIT PIVOTE,14,product,product
TAPA PARA KIT PIVOTE,14,product,product
CELDA A PARA KIT PIVOTE,20,product,product
CELDA B PARA KIT PIVOTE,20,product,product
PAD PARA KIT PIVOTE,14,product,product
KIT PARA PIVOT TESLA MODEL Y INCLUYE TARIMA,23,product,product
CELDADO PARA KIT PIVOTE,14,product,product
"MCV CARTON, CAJA+ TAPA + CELDA +INSERTO POLIFOAM",23,product,product
CAJA PARA KIT MCV CARTON,14,product,product
CELDA A PARA KIT MCV CARTON,20,product,product
CELDA B PARA KIT MCV CARTON,20,product,product
CELDADO PARA KIT MCV CARTON,14,product,product
TAPA PARA KIT MCV CARTON,14,product,product
PISO POLIFOAM MCV CARTON,30,product,product
TAPAS PARA CAJAS PARA EMPAQUE U625,28,product,product
CAJA PARA EMPAQUE U625,28,product,product
CHAROLA PARA U625,30,product,product
PISO PARA CHAROLA U625,30,product,product
TAPA PARA CHAROLA  U625,30,product,product
TAPA GENERAL PARA CAJA U625,30,product,product
REFUEZO DE SOLERA PARA CAJA U625,30,product,product
0093,1,consu,consu
CAJA DE CARTON N 2415-9 HSC CON SOLAPA SUPERIOR DE MM Y PARA DE CARTON SENCILLO TIPO PAD,14,product,product
CAJA HSC 2415-9,20,product,product
TAPA TIPO PAD PARA CAJA 2415-9 HSC,20,product,product
"TOTE COROPLAST 15"" X 24"" X 9""",30,product,product
DUNNAGE EN CORTILONA 30AA OUTER CASE,30,product,product
TAPA LONA CRISTAL CAL 40,30,product,product
30 AA OUTER CASE CHAROLA DE PLASTICO CORRUGADO VERDE 4MM CON DUNNAGE DE CORTILONA GRIS ANTIESTATICA CON ALMA DE PLASTICO CORRUGADO Y TAPA LONA CRISTAL,28,product,product
"TOTE DE 14""X 19"" X 9"" EN PLASTICO CORRUGADO 4 MM NEGRO",30,product,product
DUNNAGE EN CORTILONA ANTIESTATICA CON ALMAS DE COROPLAST,30,product,product
TAPA DE LONA CRISTAL,28,product,product
30AA WINDOW PLATE CHAROLA DE PLASTICO CORRUGADO VERDE 4 MM CON DUNNAGE DE CORTILONA GRIS ANTIESTATICA CON ALMA DE PLASTICO CORRUGADO Y TAPA LONA CRISTAL,28,product,product
TAPA LONA CRISTAL CAL 40 30 AA OUTER CASE (copia),30,product,product
[RTM-1722] CORTILONA ANTIDUST 13 BLANCA,27,product,product
bezel,1,consu,consu
DUNNAGE PARA AR YO264007 EN LONA 18 OZ BI COLOR,28,product,product
DUNNAGE PARA AR YO264007 EN LONA 18 OZ BI COLOR (copia),28,product,product
922 FC AR LATCH,28,product,product
[RTM-0093] NYLON ( CINTA DE POLIPROPILENO) 25 MM,1,product,product
INTERNE,1,consu,consu
DUNNAGE DE CORTILONA 2 COLORES CON 72 CAVIDADES PARA MONTAR EN ROPAK 45*48*50,28,product,product
DUNNAGE DE CORTILONA 2 COLORES CON 198 CAVIDADES 45*48*50 Y0392180,28,product,product
DUNNAGE DE CORTILONA 2 COLORES CON 72 CAVIDADES PARA MONTAR EN ROPAK 45*48*50 Y0392179 (copia),28,product,product
BACKFRAME 60% KIT (copia),23,product,product
PART#: DUNNAGE P/N MX082750 - 0190 SUB- ASSY TERMO. CHAROLA EN TRMOFORMADO 12 CAVIDADES.,28,product,product
8001,1,product,product
BOLSA EVOLON 340MM X 745MM 487.203-74,28,product,product
"PART#: ML2 LOWERCASE Y MC SHIELD  DUNNAGE WIP ANTIESTATICO CON TAPA DE VINIL ANTIESTATICO, INCLUYE ESQUINEROS Y CANALETA",28,product,product
CHAROLA ML,1,product,product
CHAROLA ML2,30,product,product
"PART# DUNNAGE ML7 FLAT MIRROR DUNNAGE WIP ANTIESTATICO CON TAPA DE VINIL ANTIESTATICO, INCLUYE ESQUINEROS Y CANALETA",38,product,product
Patin para manejo de pallets,28,product,product
celdado 615,14,product,product
PROTECCION U CUPRUM,14,product,product
"CHAROLA DIAL 143D, CHAROLA EN COROPLAST 4 MM + INSERTO EN XLINK PARA TOTE 1215-7",28,product,product
CHAROLA DIAL 143 D,30,product,product
CELDA A DIAL 143 D,30,product,product
"CHAROLA DIAL U725, CHAROLA EN COROPLAST 4MM + INSERTOS EN XLINK PARA TOTE 1215-7",28,product,product
CHAROLA DIAL U725,30,product,product
CHAROLA MX157790-5230 P703 CHAROLA PARA PLASTICO CORRUGADO 4MM CON INSERTOS EN XLPE,28,product,product
CHAROLA MX157793,30,product,product
"CHAROLA DIAL CX, CHAROLA DIAL CX430 CHAROLA EN COROPLAST 4 MM + INSERTOS EN XLINK PARA TOTE 1215-7",28,product,product
CHAROLA CX430,30,product,product
CELDA A DIAL CX430,30,product,product
Proteccion U ventanas.,14,product,product
RECUBRIMIENTO DE FOAM PARA CHAROLA DE GLAS FRONT,28,product,product
"Caja plastico ESD. 14""X 22.5 X 10""",28,product,product
PRODUCTOS IND,1,consu,consu
COMBUSTIBLE,1,consu,consu
grapa,1,consu,consu
PART# CM2 CONCAVE MIRROR BRACKET charola en coroplsat 4mm negro ESD con inserto en coroplast 4mm ESD negro,28,product,product
[RTM-0113] TRAMO PERFIL 5 MM,31,product,product
Sudáfrica. Contenedor para Embarque. (copia),20,product,product
"[RTM-0072] PTR 1"" X 1"" CAL. 14",1,product,product
"[RTM-1297] SOLIDO REDONDO 5/8""",1,product,product
"[CC-1351] TUERCA DE SEGURIDAD NYLON STD 9.5MM 3/8"" ZINC",1,product,product
rtm14,1,product,product
[RTM-0036] PLASTILONA ANTI DUST 18 PLUS  AZUL34.,1,product,product
COROPLAST 4MM 122X244  BLANCO (copia),15,product,product
VC 167 LENS SMR DUNNAGE EVOLON 100 CON 27 X 5 CAVIDADES,28,product,product
[RTM-0066] VELCRO 1 FELPA||,1,product,product
[RTM-0066] VELCRO 1 FELPA,1,product,product
VC167 595: DUNNAGE EVOLON 100 CON 1 X 13,28,product,product
"VC167 599: DUNNAGE EVOLON 100 CON 11 X 13 CAVIDADES, TAPAS DE TRANSFLEX, MONTAJE CON PIJA PLASTICA (SUJETADOR CHICO)",28,product,product
"VC167 602: DUNNAGE EVOLON 100 CON 13 X 8 CAVIDADES, TAPAS DE TRANSFLEX, MONTAJE CON PIJA PLASTICA (SUJETADOR CHICO)",28,product,product
"Fabric bag with polybubble exterior lining and 1/4"" polyfoam.",28,product,product
CAJA CID CH2 EN COROPLAST 4 MM,28,product,product
SEGUROS,1,consu,consu
CELDA B MCV,20,product,product
INSERTO D MCV,20,product,product
INSERTO E MCV,20,product,product
TAPA IND MCV,20,product,product
TAPA GENERAL/ BASE MCV,20,product,product
CAJA IND MCV CARTON,20,product,product
CAJA MCV,20,product,product
[CELDA A MCV] CELDA A MCV1,1,product,product
[CELDA A MCV] CELDA A MCV,1,product,product
KIT PALLET MCV,14,product,product
MCV. Celda Armada.,20,product,product
TOOLING INSERTO TAILGATE (copia),18,consu,consu
MCV. Tapa Individual. (copia),20,product,product
PART#: ML4 SET CONCAVE MIRROR harola en coroplast 4 MM ESD NEGRO CON INSERTOS EN COROPLAST ESD NEGRO 4 MM,28,product,product
[RTM-CN4-1099] COROPLAST 4.0 MM 1.40 X 2.44MTS NEGRO CONDUCTIVO,1,product,product
3675,1,consu,consu
BLOQUEO GAS SPRING COROPLAST 4MM,28,product,product
TOOLING MCV128E (copia),18,consu,consu
CHAROLA COROPLAST ESD 4MM CON 15 CAVIDADES,28,product,product
"CORTE DE VELCRO 2"" AUTOADHERIBLE (copia)",30,product,product
WL Front. Rack con Dunnage. CORTE de Plastilona Azul. (copia),30,product,product
TESLA MODEL S DP ARMREST WIP,28,product,product
FCA WL/74/75 DP ARMREST WIP,28,product,product
FCA WL 74/75 FR DP ARMREST WIP,28,product,product
VW416 PA2 DP ARMREST WIP,28,product,product
WL Front. Rack con Dunnage. CORTE de Plastilona Azul. (copia),30,product,product
FIP. WL 74 Rear. Rack con Dunnage. CORTE de Plastilona Azul. (copia),30,product,product
CHAROLA FEDERBEIN,14,product,product
"19,452 CHAROLA FEDERBEIN",20,product,product
CELDA PARA CHAROLA FEDERBEIN,20,product,product
DIVISOR PARA CHAROLA FEDERBEIN,20,product,product
CHATTANOOGA 1.3,14,product,product
SEPARADOR CHATTANOOGA,20,product,product
BLOQUEADOR CHATTANOOGA,20,product,product
CHAROLA CHATTANOOGA 1.3,20,product,product
31XX- DUNNAGE DE COROPLAST 4 MM,28,product,product
RACK MAIN CARRIER FRONT,28,product,product
1616.,1,product,product
"[RTM-1530] TUBO 3/4"" CED. 30.15",1,product,product
"[DEFAULT-3782] [RTM-1530] TUBO 3/4"" CED. 30.15",1,product,product
MainCarrier FR Engineering,18,consu,consu
MainCarrier FR Engineering (copia),18,consu,consu
ARMREST J34A DUNNAGE EN CORTILONA,28,product,product
CMP-1228 COTE A 1 M,1,product,product
1.3. Chattanooga. Charola Impresa. Pieza. (copia),20,product,product
31XX AMREST CLOSE OUT PANEL  DUNNAGE EN TYVEK,28,product,product
/ Big Box DK 48 ECT + CK 44 ECT,14,product,product
Big Lid DK 36 ECT,14,product,product
Small Box CK 32 ECT,14,product,product
Small Lid CK 32 ECT,14,product,product
CAJA MIRROR HOLDER,28,product,product
CAJA CONCAVE MIRROR,28,product,product
CAJA KIT CONCAVE,28,product,product
CAJA OUTER CASE,28,product,product
REFURBISH P708,28,product,product
.53,1,product,product
Y 2R 20 HEADREST PUR BLK TX,23,product,product
CENTER CELDA A,20,product,product
CARTON PLANTA B,20,product,product
CENTER PAD,14,product,product
CENTER CELDADO,14,product,product
HUD 30AA - PENDIENTE OP,28,product,product
TAPA FORTOFLEX - PTE.OP,28,product,product
910B 4WAY,28,product,product
PROTOTIPO Module 1112,18,service,service
PROTOTIPO Module 1112 (copia),18,service,service
PROTOTIPO Module 1108_S06 (copia),18,service,service
PROTOTIPO Mod 1295 (copia),18,service,service
PROTOTIPO Mod 1271 (copia),18,service,service
Molde module 1271 (copia),18,service,service
Molde Module 1108_S06 (copia),18,service,service
0116,1,consu,consu
WL CCP FRONT,28,product,product
[CC-1009] PORTA ETIQUETA 180 X 60,1,product,product
caja individual para toyota,14,product,product
"Inserto ""A"" para pistones diferentes",14,product,product
"Inserto ""B"" para pistones diferentes",14,product,product
PART#: NA MCV FR PIPE - TAPA COROPLAST,28,product,product
PARTH:NA MCV FR PIPE - TAPA COROPLAST,28,product,product
19334. BOLSA EVOLON. 340MM X 745MM 487.203-74 EVOLON 80 (copia),28,product,product
Charola para JL PECP2,14,product,product
PECP2 INSERTO A,20,product,product
PECP2 INSERTO B,20,product,product
920B GLASS FRONT,28,product,product
CC-1139,1,product,product
CC-1196 REMACHE RAPIDO NO41,1,product,product
CC-1196 REMACHE RAPIDO NO41,1,product,product
CC-1098 TAQUETE PARA TABLA ROCA,1,product,product
920B WINDOW PLATE,28,product,product
[RTM-1433] CORTILONA ANTI STAT 13,1,product,product
CX430 RING,28,product,product
143D CASE,28,product,product
143D LOWER CASE,28,product,product
CX430 DECORATE,28,product,product
CX430 SHIELD,28,product,product
INSTRUMENT P703,28,product,product
CHAROLA EN COROPLAST ESD 4 MM CON DUNNAGE PARA 5 PIEZAS CON CUBIERTA DE CORTILONA ESD,28,product,product
CHAROLA EN PLASTICO CORRUGADO ESD CON CELDADO EN COROPLAST ESD 4 MM CON 5 CAV,28,product,product
COMPLEMENTO TAPA FORTOFLEX,28,product,product
PRUEBA ISO,23,product,product
3S5 CUELLO,20,product,product
TAPA 3S5,20,product,product
PAD 3S5,20,product,product
CAJA HSC 3S5,20,product,product
CELDA A 3S5,20,product,product
CELDA B 3S5,20,product,product
CELDA C 3S5,20,product,product
CELDADO 3S5,20,product,product
KIT 3S5 CARTON,14,product,product
CAJA ARMADA 3S5,20,product,product
PAD 3S5,20,product,product
AUDI/HANON,28,product,product
AUDI/HANON [ Cubierta de Lona Transflex con Velcro ],28,product,product
AUDI/HANON [ Instalación de cubierta ],18,service,service
CELDADO BUZZER,28,product,product
"RTM-1168 VELCRO 1"" AUTOADHERIBLE FELPA",1,product,product
"RTM-1181 VELCRO 1"" AUTOADHERIBLE GANCHO",1,product,product
Toyota. MCV. Tapa Gral. (copia),14,product,product
TARIMA MCV [VENTA INDIVIDUAL],32,product,product
CELDA A T1XX,20,product,product
CELDA B T1XX,20,product,product
CELDA C T1XX,20,product,product
CELDA D T1XX,20,product,product
CELDADO T1XX,18,product,product
Toyota. MCV. Caja Armada. (copia),14,product,product
1616,1,consu,consu
RACK P708 BASE,30,product,product
RACK P708,28,product,product
780B IC GLASS FRONT,28,product,product
920B SPEAKER CHAROLA TERMINADA,28,product,product
CINTA NEGRA PARA AIS,1,product,product
CINTA NEGRA PARA AISLAR,1,product,product
920 LOWER CASE CHAROLA TERMINADA,28,product,product
920 FIN CHAROLA TERMINADA,28,product,product
RACK L233 METALES,18,service,service
[CC-1139] REMACHE 4 .8 X 15,1,product,product
STEPPER MOTOR,28,product,product
"""	[RTM-CB5-6001] COROPLAST 5.0 MM ESD 140 X 244 NEGRO""",1,product,product
[RTM-CB5-6001] COROPLAST 5.0 MM ESD 140 X 244 NEGRO,1,product,product
[RTM-0033] ESQUINERO IZQ Y DER ( Unidad en PARES).,1,product,product
[RTM-2085] HANDHOLE TERMOFORMADO EN HDPE NEGRO ( Ciego).,1,product,product
[CC-1000] REMACHE 4.8 X 24,1,product,product
30AA OUTER CASE T90,28,product,product
CONCAVE MIRROR T90,28,product,product
WL SPEAKER GRILL PRODUCTO TERMINADO,28,product,product
Ingenieria GH front,18,service,service
Ingenieria GH front (copia),18,service,service
Ingenieria GH rear,18,service,service
Ingenieria GH rear (copia),18,service,service
U611. Charola Impresa Troquelada. Pieza.,24,product,product
893892,14,product,product
894131,14,product,product
BACK UP T90 KIT,14,product,product
CAJA BACK UP T90,20,product,product
PAD BACK UP T90,20,product,product
TAPA BACK UP T90,20,product,product
CUELLO back up T90,20,product,product
caja armada back up T90,20,product,product
[caja hsc con insertos de polifiam] caja armada back up T90,1,product,product
30AA BACK UP,23,product,product
CAJA HSC 1/2 30AA BACK UP,14,product,product
CELDA A 30AA BACK UP,20,product,product
CELDA B 30AA BACK UP,20,product,product
CELDADO 30AA  BACK UP,20,product,product
CELDA A 30AA BACK UP,1,product,product
CAJA 1/2 1 30AA BACK UP,20,product,product
CAJA 1/2 1 30AA BACK UP (copia),20,product,product
[DEFAULT-4000] CAJA 1/2 2 30AA BACK UP,20,product,product
CAJA HSC 30AA BACK UP,20,product,product
PAD 30AA BACK UP,20,product,product
CUELLO 30AA BACK UP,20,product,product
CUELLO 1/2 30AA BACK UP,20,product,product
TAPA / BASE 30AA BACK UP,20,product,product
ESQUINERO 30AA BACK UP,19,consu,consu
KIT 30AA  BACK UP,14,product,product
ANCHO DE MAQUINA 29 ECT,15,product,product
ESQUINERO BACK UP T90,14,product,product
PALLET 45X42 BACK UP T90,14,product,product
TAPA Y BASE BACK UP T90,14,product,product
FLETE COMPONENTES BACK UP T90,18,consu,consu
CAJA TRASERO MED,1,product,product
TFT CX430 5 CAVIDADES CHAROLA TERMINADA,28,product,product
PRISMA CX430 8 CAVIDADES CHAROLA TERMINADA,28,product,product
INSERTO A,20,product,product
INSERTO A (copia),20,product,product
SEPARADOR,20,product,product
WINDOW PLATE HUD U554,28,product,product
WINDOW PLATE HUD U554 (copia),28,product,product
WINDOW PLATE HUD U554 (copia),28,product,product
CC-1168,1,product,product
FCA FORM,18,consu,consu
Y0124109 WIP RACK WITH cantilever arms (not universal rack) DOUBLE SIDE LOADING RACK,28,product,product
Y01241210 WIP RACK WHITH BAG SYSTEM(NOT UNIVERSAL RACK ) DOUBLE SIDE LOADING RACK 36 CAVITES PER SIDE,28,product,product
INSERTO  A 63MM*25MM*76MM,27,product,product
INSERTO  A 63MM*25MM*76MM (copia),27,product,product
INSERTO  A 63MM*25MM*76MM (copia),27,product,product
"SOLERA DE 1/8*3"" (copia)",27,product,product
"Steel RACK 96"" X 48"" X 50"", Y0124113",28,product,product
XLINK BACKFRAME - PARTICION 1,27,product,product
RACK MANGAS ESTRUCTURA,28,product,product
"Plastic corrugated dunnage for cx727 FG full Assy, pcorr sleeve, foam dunnage, velcro straps, and assy to rack",28,product,product
[RTM-1727] SOPORTE REAR XLPE 6#,1,product,product
rtm-0071,1,product,product
Caja y tapa 1200mm de largo X 370 mm de ancho X 170mm de alto,18,consu,consu
"Tarima de madera 45""X48"" con  tratamiento térmico",32,product,product
CELDADO T1XX 150 (copia),18,consu,consu
Caja y tapa 1200mm de largo X 370 mm de ancho X 170mm de alto (copia),18,consu,consu
KIT MAC 38174,18,consu,consu
CELDADO T1XX 150 (copia),18,consu,consu
"[RTM-0051] SOLERA 3/4"" GROSOR 1/8""",1,product,product
cc-3680,1,product,product
CAMIONETA FORD ECONOLINE 5.4 E-350 WAGON V8 15 PASAJEROS TA,43,product,product
PRUEBA,32,product,product
"TARIMA HIBRIDA 40"" x 48""",18,product,product
empaque MAC381741 Contenedor BC48 1 Tapa superior 1 Tapa inferior con resaque 8 Celdados BC 8 Divisores C 1 Tarima tratamiento (copia),18,consu,consu
DUNNAGE SIDE WALL,28,product,product
[RTM-0101] TYVECK- LONA 2473,1,product,product
357790. CAJA. (copia),20,product,product
CELDADO (MUESTRA 2) DENSO SILAO (copia),20,product,product
INSERTO (MUESTRA 2) DENSO SILAO (copia),20,product,product
CAJA (MUESTRA 2) DENSO SILAO (copia),20,product,product
CELDA A (MUESTRA 2) DENSO SILAO (copia),20,product,product
CELDA B (MUESTRA 2) DENSO SILAO (copia),23,product,product
FOAM 1/4 CON CORTE A 1M X 1.12M,1,product,product
CMP-1227 FOAM 1/4 CON CORTE A 1M X 1.12M,1,product,product
PCB DUNNAGE,28,product,product
CHAROLA MX157793 (230 X 330 X 146) 12 CAVIDADES,28,product,product
C0027160 N#cleo de Cart# 1.125# BLACK,32,product,product
Back Up. 30AA. HUD. 1. Pieza. Caja. Troquel.,20,product,product
Back Up. 30AA. HUD. 2. Pieza. Caja. Troquel.,20,product,product
Back Up. 30AA. HUD. A. Pieza. Troquel.,20,product,product
Back Up. 30AA. HUD. B. Pieza. Troquel.,20,product,product
P8. Cuello Interior. (copia),20,product,product
P8. Cuello Exterior. (copia),20,product,product
MOTOR GEAR REDISEÑO,23,product,product
MOTOR GEAR CAJA RSC,14,product,product
CELDA A MOTOR GEAR,20,product,product
CELDA B MOTOR GEAR,20,product,product
CELDADO MOTOR GEAR,14,product,product
PAD MOTOR GEAR,14,product,product
TAPA / BASE MOTOR GEAR,14,product,product
CUELLO MEDIO MOTOR GEAR,20,product,product
CUELLO MOTOR GEAR,14,product,product
Tarima de madera 40x48 inches de rehuso (copia),32,product,product
PAD INFERIOR MOTOR GEAR,20,product,product
TAPA MODEL Y,14,product,product
CELDA A AUDI KAAYA,20,product,product
CELDA B AUDI KAAYA,20,product,product
CELDADO AUDI KAAYA,20,product,product
CAJA HSC AUDI KAAYA,20,product,product
TAPA AUDI KAAYA,20,product,product
KIT AUDI KAAYA,14,product,product
TARIMA 42X48 AUDI KA,15,product,product
MY AUSTIN TESLA,14,product,product
CELDA A MY AUSTIN,20,product,product
CELDA B MY AUSTIN,20,product,product
CELDA C MY AUSTIN,20,product,product
INSERTO A MY AUSTIN,20,product,product
INSERTO B MY AUSTIN,20,product,product
CMP-D42-0035,1,product,product
INSERTO C MY AUSTIN,20,product,product
INSERTO C MY AUSTIN,20,product,product
INSERTO D MY AUSTIN,20,product,product
INSERTO E MY AUSTIN,20,product,product
INSERTO F MY AUSTIN,20,product,product
TAPA BASE MY AUSTIN,14,product,product
CUELLO MY AUSTIN,14,product,product
PESTAÑA UNION MY AUSTIN,14,product,product
PAD MY AUSTIN,14,product,product
CELDADO MY AUSTIN,14,product,product
TARIMA 47X63,1,product,product
[DEFAULT-4165] TARIMA 47X63 MY AUSTIN,1,product,product
CELDA A,30,product,product
CELDADO ESCURRIMIENTO NEXTRACKER,28,product,product
[CELDA A ESCURRIMIENTO NEXTRACKER] CELDA A ESCURRIMIENTO NEXTRACKER,1,product,product
KIT 4291AL,23,product,product
MEDIA CAJA 4291AL,20,product,product
PAD 4291AL,14,product,product
SEPARADOR 4291AL,14,product,product
CAJA 4291AL,14,product,product
MEDIO CUELLO 4291AL,20,product,product
CUELLO 4291AL,14,product,product
TAPA 4291AL,14,product,product
COVER LENS MOPF,28,product,product
SERIGRAFIA “PROPIEDAD FORVIA HELLA” // “RETORNAR NOVATEC”,1,product,product
[SERVICIOS DE TELEFONÍA] SERVICIOS DE TELEFONÍA,1,consu,consu
COVER LENS,28,product,product
Sudáfrica. Contenedor. Esquineros.,20,product,product
INSERTO G MY AUSTIN,20,product,product
KIT DE EMPAQUE C1UC (copia),18,consu,consu
KIT. SERVICIO. MUESTRA 2. DENSO SILAO (copia),23,product,product
Muestra 2. Servicio. Caja. (copia),20,product,product
KIT. SERVICIO. MUESTRA 1. DENSO SILAO (copia),23,product,product
Muestra 1. Servicio. Caja. (copia),23,product,product
Muestra 1. Servicio. Celdado (copia),23,product,product
Muestra 1. Servicio. Celdado (copia),23,product,product
Muestra 1. Servicio. Celdad A (copia),23,product,product
CAJA FARO FR HELLA,14,product,product
Lexus 922B,14,product,product
LEXUS 922B CELDA A,20,product,product
LEXUS 922B CELDA B,20,product,product
LEXUS 922B CUELLO,20,product,product
LEXUS 922B TAPA,20,product,product
922B. Lexus. Tapas Gral. (copia),14,product,product
CELDA A,20,product,product
CELDA,20,product,product
CAJA MCV,14,product,product
KIT MCV,23,product,product
CELDA B,20,product,product
INSERTO D,20,product,product
INSERTO E,20,product,product
CAJA,20,product,product
PAD,20,product,product
POLIFOAM,20,product,product
KIT,23,product,product
TAPA,14,product,product
CMP-E076,1,product,product
4067,1,product,product
CCB - CELDA A,20,product,product
CCB - CELDA B,20,product,product
CCB - CELDA C,20,product,product
CCB - CELDA D,20,product,product
CCB - INSERTO A,20,product,product
CCB - INSERTO B,20,product,product
CCB - INSERTO C,20,product,product
CCB - INSERTO D,20,product,product
CCB - INSERTO E,20,product,product
CCB - TAPA / BASE,20,product,product
CCB - CUELLO,20,product,product
CCB - PAD,20,product,product
CCB - CELDADO,20,product,product
[CCB - CELDA B] CCB - CELDA A,1,product,product
[CCB - INSERTO A] CCB - INSERTO B,1,product,product
CCB - KIT,14,product,product
"[CMP-4189] TARIMA 47"" X 63"" HT NUEVA",15,product,product
MUESTRA 6 (copia),18,consu,consu
SERVICIO DE DISEÑO DE EMPAQUE PARA SERVICE PARTS EVEREST-SR REQUISITION #: 84802,18,service,service
CCB - EMPAQUE EMPAQUE,20,product,product
CCB - CUELLO EMPAQUE EMPAQUE,20,product,product
SERVICIO DE DISEÑO DE EMPAQUE PARA SERVICE PARTS EVEREST-SR REQUISITION #: 84802 (copia),18,service,service
LAMINA PARA PRINTEL SIX 1 Y 2,15,product,product
AUDI/HANON [ Instalación de cubierta ] (copia),28,product,product
BT1 YZ-L AR DUNNAGE (copia),28,product,product
BT1 YZ-L AR TAPA TRANSFLEX (copia),18,service,service
[RTM-0068] VELCRO 1 GANCHO4,1,product,product
PART#: KITkit de empaque para 890/150 incluye:18 cajas y tapa 1200mm x 370mm x 170mm18 celdados mulit funcional.1 tarima 45 x 48 con tratamiento,18,consu,consu
"PTR 1 1/2"" X 1 1/2"" CAL 14",27,product,product
"PTR 1"" X 1"" CAL 14",27,product,product
"TUBO 3/4"" CED .30",27,product,product
"REDONDO 5/8""",27,product,product
"SOLERA 1/4"" X 1 1/2""",27,product,product
"SOLERA 1/8"" X 1/2""",27,product,product
"PTR 2"" X 2"" CAL 14",27,product,product
"SOLERA 1/8"" X 3""",27,product,product
"SOLERA 3/8"" X 2""",27,product,product
"PTR 2"" X 2"" CAL 12",27,product,product
AERO LENS CUARTO LIMPIO,28,product,product
"SOLERA 1/8"" X 3/4""",27,product,product
"PTR 1/2"" X 1/2"" CAL 16",27,product,product
"SOLERA 3/16"" X 2""",27,product,product
"PTR 2"" X 3"" CAL 14",27,product,product
"PTR 2"" X 2"" CAL 11",27,product,product
"PTR 1 1/4"" X 1 1/4"" CAL 14",27,product,product
"PTR 3"" X 3"" CAL 11",27,product,product
"PTR 2 1/2"" X 2 1/2"" CAL 11",27,product,product
"PTR 1 1/2"" X 1 1/2"" CAL 12",27,product,product
"PTR 1"" X 1"" CAL 16",27,product,product
"PTR 2"" X 2"" CAL 16",27,product,product
"PTR 1 1/2"" X 3"" CAL 18",27,product,product
"PTR 3/4"" X 3/4"" CAL 14",27,product,product
"PTR 2"" X 1"" CAL 16",27,product,product
"CUADRADO 3/4"" X 3/4""",27,product,product
"CUADRADO 1/2"" X 1/2""",27,product,product
"CUADRADO 1"" X 1""",27,product,product
"REDONDO 1/2""",27,product,product
"REDONDO 1""",27,product,product
"SOLERA 1/8"" X 1""",27,product,product
"SOLERA 1/8"" X 1 1/2""",27,product,product
"SOLERA 3/8"" X 1 1/2""",27,product,product
"SOLERA 1/8"" X 1 1/4""",27,product,product
"SOLERA 1/8 "" X 2 1/2""",27,product,product
"SOLERA 3/16"" X 1 1/2""",27,product,product
"SOLERA 5/16"" X 1 1/2""",27,product,product
"SOLERA 1/4"" X 2""",27,product,product
CHAROLA HDPE CON FRNAJA DE COLOR (copia),18,service,service
13809   CAJA 358268 (copia),14,product,product
G45 AFTER HEADREST / CAJA (copia),14,product,product
G45 AFTER HEADREST / CELDADOS (copia),20,product,product
G45 AFTER HEADREST / CELDA A (copia),20,product,product
[CMP-C29-0064] CAJA CAMRY,1,product,product
G45 AFTER HEADREST / CELDA B (copia),20,product,product
G45 AFTER HEADREST / CELDA C (copia),20,product,product
G45 AFTER HEADREST / CELDA D (copia),20,product,product
G45 AFTER HEADREST / CELDA E (copia),14,product,product
G45 AFTER HEADREST / PAD (copia),14,product,product
G45 AFTER HEADREST / CAJA (copia),23,product,product
KIT G45 AFTER HEADREST (copia),23,product,product
G45 AFTER HEADREST / CELDADOS (copia),14,product,product
G45 US HEADREST / CELDADOS (copia),20,product,product
G45 US HEADREST / CELDA A (copia),20,product,product
G45 US HEADREST / CELDA B (copia),20,product,product
G45 US HEADREST / CELDA C (copia),20,product,product
G45 US HEADREST / CELDA D (copia),20,product,product
ROPACK 45X48X25 (copia),18,service,service
G45 US HEADREST / CELDA E (copia),14,product,product
G45 US HEADREST / PAD (copia),14,product,product
G45 AFTER HEADREST / CAJA (copia),14,product,product
[CMP-C29-0063] PLANTA B 32,1,product,product
G45 US HEADREST / CAJA (copia),14,product,product
G45 ACE / CAJA (copia),14,product,product
G45 ACE / CELDADOS (copia),20,product,product
G45 ACE / CELDA B (copia),20,product,product
G45 ACE / CELDA C (copia),20,product,product
G45 ACE / CELDA D (copia),20,product,product
G45 ACE / CELDA E (copia),14,product,product
G45 ACE / PAD (copia),14,product,product
G45 ACE / TAPA (copia),23,product,product
KIT G45 ACE (copia),14,product,product
KIT G45 ACE (copia),23,product,product
KIT G45 PV BMM (copia),14,product,product
G45 PV BMM / CELDADO (copia),20,product,product
G45 PV BMM / CELDAD A (copia),20,product,product
G45 PV BMM / CELDAD B (copia),20,product,product
G45 PV BMM / CELDAD C (copia),20,product,product
G45 PV BMM / CELDAD D (copia),14,product,product
G45 PV BMM / PAD (copia),14,product,product
G45 PV BMM / CELDAD A (copia),14,product,product
KIT GENERAL G45 AFTER HEADREST (copia),14,product,product
KIT GENERAL G45 US HEADREST (copia),14,product,product
KIT G45 ECE (copia),14,product,product
KIT INDIVIDUAL G45 ECE (copia),14,product,product
KIT GENERAL G45 PV BMM (copia),23,product,product
[CAJA TMC 110 DK 51 ECT PV BMM] G45 PV BMM / CAJA.,1,product,product
MUESTRA 2. DENSO SILAO (copia),18,consu,consu
MUESTRA 2. (copia),18,consu,consu
ELECTR,1,consu,consu
4210,1,product,product
ARMREST MODEL Y (copia),23,product,product
ARMREST MODEL Y (copia),14,product,product
#PART: PRODUCTO PRECIO  Tarima de maddera nueva 40x48 con tratamiento HT // SILAO PLANT,18,consu,consu
KIT. SERVICIO. MUESTRA 1. DENSO SILAO (copia),18,consu,consu
MUESTRA 2. (copia),18,consu,consu
MUESTRA 3. (copia),18,consu,consu
MUESTRA 5 (copia),18,consu,consu
MUESTRA 7. (copia),18,consu,consu
indi3,1,consu,consu
KIT DE EMPAQUE  MAC38174 (copia),18,consu,consu
MUESTRA 8 (copia),18,consu,consu
ENGINEERING AND DESIGN SEWN DECOR CARRIE,18,service,service
ENGINEERING AND DESIGN SEWN DECOR CARRIE (copia),18,service,service
ENGINEERING AND DESIGN TOP SHOULDER SUNB (copia),18,service,service
PROTOTYPE SEN DECOR CARRIER (copia),18,service,service
Contenedor de plastico Ropack de 48x62x34,33,product,product
CONTENEDOR 122X114.3 X,18,consu,consu
TAPA PARA CONTENDEOR,18,consu,consu
CONTENEDOR 122 X 114.3 X,18,consu,consu
"DIVISORES 45""X48""",18,consu,consu
KIT DE EMPAQUE  MAC38174 (copia),18,consu,consu
0057,1,consu,consu
HT B-PILLAR,28,product,product
MUESTRA 5 (copia),18,consu,consu
EMPAQUE PARA CLUSTER 920 B,28,product,product
INSERTO CK CS 32ECT FLAUTA C 962X540X348MM,14,product,product
DUNNAGE LONG HORN 7,28,product,product
EMPAQUE 920B- EVENTO 1A TAPA TRANSFLEX CON PLASTICO CORRUGADO,28,product,product
[RTM-CB4-0011] COROPLAST 4MM 122X244  BLANCO,1,product,product
[RTM-0029] LONA TRANSFLEX,1,product,product
[RTM-0099] SUJETADOR CHICO,1,product,product
[RTM-0100] SUJETADOR GRANDE,1,product,product
[RTM-0093] NYLON ( CINTA DE POLIPROPILENO) 25 MM,1,product,product
[CC-1098] TAQUETE P/TABLAROCA THORSMAN TPD 003934,1,product,product
"[RTM-1181] VELCRO 1"" GANCHO AUTOADHERIBLE",1,product,product
[DEFAULT-3697] [RTM-0066] VELCRO 1 FELPA,1,product,product
[RTM-0067] VELCRO 2 FELPA,1,product,product
PISO SHIFTER,28,product,product
KIT DE EMPAQUE  MAC38174 (copia),18,consu,consu
"ESPACIADOR CUADRADO 50X50x9mm,EVA 45Shor",33,product,product
PAQUETE,1,consu,consu
KIT DE EMPAQUE  MAC38174 (copia),18,consu,consu
CAJA 560 X 335 X 350 MM BC 48 (copia),18,consu,consu
"MY AUSTIN CCB 45""",14,product,product
Speaker badge - Cell,14,product,product
GLOVE BOX,28,product,product
3712,1,product,product
"Estructura completa para kit Everest con Tarima, postes y tapa de madera Requisition #: 92815",18,service,service
LONG HORN 8,28,product,product
LARAMIE 123,28,product,product
"Caja de Cartón para Everest con Base y Tapa DK 61 ECT, Insertos DK 48 ECT, PAD CK 36 ECT, Foam con estático Requisition #: 92815",14,product,product
Pallet de Madera Requisition #: 92815,18,service,service
Cartón para protección de empaque completo Requisition #: 92815,14,product,product
INSERTO A EVEREST,20,product,product
INSERTO B EVEREST CARTON DOBLE ECT 48,20,product,product
INSERTO C EVEREST CARTON DOBLE ECT 48,20,product,product
INSERTO D EVEREST CARTON DOBLE ECT 48,20,product,product
PAD EVEREST CAROTN DOBLE 36,20,product,product
CAJA CARTON EVEREST,20,product,product
TAPA EVEREST,20,product,product
ENS FOAM TAPA,20,product,product
ENSA INSERTO CAJA FOAM + ESTATICOS,20,product,product
"DUNNAGE SPEAKER GRILL 91 CAVIDADES CONTENEDOR 24"" X 15"" X 9.5"" + DUNNAGE PARA 91 PZAS EN TYVEK 2473L + TAPA TRANFLEX (copia)",28,product,product
"TOTE 24"" X 15"" X 7"" FONDO REFORZADO",1,product,product
CAJA HSC GLOVE BOX,20,product,product
PAD GLOVE BOX,20,product,product
TAPA GLOVE BOX,20,product,product
CELDA A GLOVE BOX,20,product,product
CELDA B GLOVE BOX,20,product,product
LONG HORN 135,28,product,product
CAJA ARMADA GLOVE BOX,14,product,product
723022 AS 30 99 0000 00 000 CARTÓN (EMPAQUE) (copia),23,product,product
CELDADO GLOVE BOX,20,product,product
Apoyo de donativo para Mundial de Odyssey Grie-go!,18,service,service
4211,1,product,product
CHAROLA EN TERMOFORMADO 12 CAVIDADES,28,product,product
TAPA DOOR PANEL R233,14,product,product
MEDIO CUELLO DOOR PANEL,20,product,product
CUELLO DOOR PANEL,28,product,product
CELDA A DOOR PANEL,20,product,product
CELDA A DOOR PANEL (copia),20,product,product
CELDADO DOOR PANEL,14,product,product
DOOR PANEL R233,23,product,product
"MY AUSTIN CCB 45"" (copia)",14,product,product
"16823 16"". Lamina Impresa. (copia)",14,product,product
EVEREST CAJA / SELLOS (copia),20,product,product
EVEREST CAJA / CORTE (copia),20,product,product
CMPD-48,1,product,product
BT1 YZ-LAR DUNNAGE. DUNNAGE EN PLASTILONA ANTIDUST +SEPARADOR DE LONA BLANCA+ TAPA TRANSFLEX MONTADO EN ROPACK 48X45X42_BT1 YZ L_WIP DUNNAGE_FORM. (copia),28,product,product
TIRON PARA RACK CX727,28,product,product
CONTRATIRON CX727,28,product,product
CHAROLA PIPE PRIMER MODELO,28,product,product
COMBUS+,1,consu,consu
DUNNAGE TOYOTA 920 LOWER ARMREST ASSY,28,product,product
MCV FF - 115F. Tapa de Coroplast. (copia),28,product,product
RACK METALICO TOYOTA 920,28,product,product
BOLSA LOWER TOYOTA 920,30,product,product
DOLA,1,consu,consu
CUELLO,14,product,product
P1 SPARTAMBURG,1,consu,consu
TESLA IP LOWER - CELDA A,20,product,product
TESLA IP LOWER - CELDA A (copia),20,product,product
TESLA IP LOWER - PAD CUELLO,14,product,product
TESLA IP LOWER - PAD CUELLO (copia),14,product,product
TESLA IP LOWER - CELDADO,14,product,product
TESLA IP LOWER KIT,23,product,product
TELSA IP LOWER - CUELLO (copia),14,product,product
TELSA IP GLOVEBOX - CUELLO (copia),14,product,product
TESLA IP LOWER - CELDA A (copia),20,product,product
19419,1,consu,consu
TESLA IP GLOVEBOX - CELDA A (copia),20,product,product
TESLA IP LOWER - CELDADO (copia),14,product,product
TESLA IP LOWER KIT (copia),23,product,product
TELSA IP GLOVEBOX - CUELLO (copia),14,product,product
LONG HORN 246,28,product,product
TESLA IP LOWER - PAD CUELLO (copia),14,product,product
TELSA IP GLOVEBOX - CUELLO (copia),14,product,product
TELSA IP COWL PANEL - TAPA BASE (copia),14,product,product
TESLA IP GLOVEBOX - CELDA A (copia),20,product,product
TESLA IP COWL PANEL - CELDA A (copia),20,product,product
TESLA IP LOWER - CELDADO (copia),14,product,product
TESLA IP GLOVEBOX KIT (copia),23,product,product
TESLA IP - TAPA 60X48 (copia),14,product,product
TESLA IP COWL PANEL - CELDADO (copia),14,product,product
planta b,15,product,product
planta b (copia),15,product,product
TELSA IP LOWER - CUELLO (copia),14,product,product
TESLA IP DEFROST PANEL - CUELLO (copia),14,product,product
TESLA IP COWL PANEL - CELDA A (copia),20,product,product
TESLA IP DEFROST PANEL - CELDA A (copia),20,product,product
TESLA IP COWL PANEL - CELDADO (copia),14,product,product
TESLA IP COWL PANEL KIT (copia),23,product,product
TESLA IP COWL PANEL -  BASE (copia),14,product,product
TESLA IP COWL PANEL - CELDA A (copia),20,product,product
TESLA IP MID PANEL - CELDA A (copia),20,product,product
TESLA IP COWL PANEL - CELDADO (copia),14,product,product
TESLA IP COWL PANEL KIT (copia),23,product,product
TESLA IP DEFROST PANEL - CUELLO (copia),14,product,product
TESLA IP TOP PAD ASSY - CUELLO (copia),14,product,product
TESLA IP DEFROST PANEL - CELDA A (copia),20,product,product
TESLA IP TOP PAD ASSY - CELDA A (copia),20,product,product
TESLA IP COWL PANEL - CELDADO (copia),14,product,product
TESLA IP COWL PANEL KIT (copia),23,product,product
shock,1,consu,consu
TESLA IP DEFROST PANEL - CUELLO (copia),20,product,product
TESLA IP COWL PANEL -  BASE (copia),20,product,product
TESLA IP QTR PANEL - CELDA A (copia),20,product,product
TESLA IP DEFROST PANEL - CELDADO (copia),14,product,product
TESLA IP - TAPA 71X46 (copia),20,product,product
TESLA IP COWL PANEL KIT (copia),14,product,product
TESLA IP. QTR PANEL LH. Caja 1/2. (copia),14,product,product
13850,1,consu,consu
mcv,1,consu,consu
19626,1,consu,consu
CMP-1239,1,product,product
9550,1,consu,consu
P1 SPARTAMBURG. CHAROLA ARMADA. COMPARTIMENT INSERT 1150X1100X225MM ESD. (copia),18,consu,consu
P2 SPARTAMBURG. CHAROLA ARMADA. COMPARTIMENT INSERT 1150X1100X160MM ESD (copia),18,consu,consu
Programa 890/150 (copia),18,consu,consu
KIT DE EMPAQUE PARA 890/150 (copia),18,consu,consu
KIT MAC38174 (copia),18,consu,consu
TESLA EVEREST IP. GLOVEBOX / LOWER ASY. TAPA AUTOENSAMBLE 60 x 48. (copia),14,product,product
TESLA IP - QTR PANEL PALLET (52X41) (copia),14,product,product
Ropack 45x48x39,18,service,service
SWD INDIVIDUAL,14,product,product
TESLA IP - GLOVEBOX PALLET (60X48) (copia),14,product,product
TESLA IP - LOWER ASSY PALLET (60X48) (copia),32,product,product
TESLA IP - COWL PANEL PALLET (71X46) (copia),14,product,product
TESLA IP - DEFROST PANEL PALLET (71X46) (copia),14,product,product
TESLA IP - MID PANEL PALLET (71X46) (copia),14,product,product
"Nucleo de Carton 1.125"" BLACK C0027160 (copia)",32,product,product
"Charola pieles #1 14"" x 16"" x 8""",28,product,product
"Charola pieles #1 14"" x 16"" x 8"" (copia)",28,product,product
"Charola pieles #2 14"" x 35"" x 8"" (copia)",28,product,product
"Charola pieles #4 10"" x 37.5"" x 8"" (copia)",28,product,product
"Charola pieles #8 10"" x 20"" x 8"" (copia)",28,product,product
"Charola pieles #8 27"" x 33"" x 8"" (copia)",28,product,product
"Charola pieles #11 27"" x 33"" x 8"" (copia)",28,product,product
"Charola pieles #13 20"" x 30"" x 8"" (copia)",28,product,product
"Charola pieles #14 20"" x 31"" x 8"" (copia)",28,product,product
RACK MAP POCKET FRONT 40 CAVIDADES,28,product,product
DUNNAGE RH LH SUBSTRATE REAR UPPER CLOSEOUT,28,product,product
DUNNAGE MAP POCKET REAR,28,product,product
KIT MAC38174 (copia),18,consu,consu
Dunnage for 241511_380D IP_Y0917750_Dunnage de cortilona antidust 24 cavidades,28,product,product
"CONTAINER 24""X15""X11"" FONDO LISO",33,product,product
DUNNAGE BT1 CC,28,product,product
DUNNAGE 380B IP,28,product,product
[SER-0011] FLETE,1,consu,consu
MID PANEL,28,product,product
BOLSA MID PANEL,30,product,product
TAPAS MID PANEL,30,product,product
CHAROLA 955061,15,product,product
MID PANEL (copia),28,product,product
TAPAS MID PANEL (copia),30,product,product
RACK METALICO - TES IP - HIDER (copia),28,product,product
TESLA IP EVEREST GLOVE BOX ASSY STD 10 CAVIDADES (copia),23,product,product
Flete Glovebox,18,service,service
PIPE. TERMOFORMADO. TAPA. (copia),28,product,product
FOAM 1.7 LBS 544 MM DE L X 101 MM DE A X 19.05 MM DE ESP. CON ADHESIVO X LAS 2CARAS,27,product,product
CMP-D42-4211,1,product,product
[DEFAULT-4724] CMP-D42-4211 MY AUSTIN CCB 3- TAPA,1,product,product
BF3011 A PILLAR,28,product,product
"ETIQUETA VERDE LIMA 6""X3"" EN ESTIRENO CAL.40 1-2 TINTAS",1,product,product
"ETIQUETA VERDE LIMA 3""X3"" EN ESTIRENO CAL.40 1-2 TINTAS",1,product,product
G45 TOP SHOULDER FRONT - REAR ,28,product,product
LIMPIEZA DE 3400 TOTES PARA CLUSTER P703 (SAME AS CX430),18,service,service
20265. TESLA EVEREST IP. GLOVEBOX / LOWER ASY. TAPA AUTOENSAMBLE 60 x 48. (copia),14,product,product
20418. TESLA. EVEREST. IP. LOWER ASY. INSERTO A (copia),14,product,product
[TESLA IP MID PANEL CELDADO] 20297. TESLA IP. MID PANEL. CELDADO.,1,product,product
CELDA A - MID PANEL,20,product,product
CELDA B - MID PANEL,20,product,product
INSERTO - MID PANEL,20,product,product
CELDADO - MID PANEL,14,product,product
20294,1,product,product
FLETE ANTOLIN,18,service,service
[SER-0011] FLETE,18,consu,consu
Drawing of thermoformed trays,18,service,service
Drawing of thermoformed trays (copia),18,service,service
TESLA IP EVEREST GLOVE BOX ASSY STD 10 CAVIDADES (copia),23,product,product
ROPACK 45X48X34 36 CAVIDADES (MAP POCKET REAR),28,product,product
ROPACK 45X48X34 36 CAVIDADES (MAP POCKET REAR) (copia),28,product,product
SERVICO,1,consu,consu
TAPA DE LONA TRASNFELX PARA ID 20240,30,product,product
Metal Mount RFID Label Metal Racks/Containers 	ARMREST REAR,25,product,product
20267. TESLA IP EVEREST LOWER STD 6 CAVIDADES (copia),23,product,product
TESLA IP EVEREST MID PANEL STD 10 CAVIDADES (copia),23,product,product
CELDA A MID PANEL,20,product,product
[CMP-C32-4844] TESLA IP CELDAS,1,product,product
CELDA B MID PANEL,20,product,product
[CMP-C32-4457] CELDA A GLOVE BOX,1,product,product
INSERTO MID PANEL,14,product,product
CELDADO MID PANEL,14,product,product
BASE MID PANEL,14,product,product
20260. TESLA. EVEREST. IP. LOWER ASSY. CUELLO 1/2. (copia),14,product,product
20264. TESLA. EVEREST. IP. LOWER ASSY. PAD para CUELLO. (copia),14,product,product
20262. TESLA. EVEREST. IP LOWER ASSY. A. Pieza. (copia),20,product,product
20263. TESLA. EVEREST. IP LOWER ASSY. B. Pieza. (copia),20,product,product
20266. TESLA. EVEREST. IP. LOWER ASSY. CELDADO. (copia),14,product,product
20265. TESLA EVEREST IP. GLOVEBOX / LOWER ASY. TAPA AUTOENSAMBLE 60 x 48. (copia),14,product,product
TARIMA GLOVEBOX,14,product,product
BOX-0308-01 TESLA GLOVE BOX ASSY,18,service,service
PALLET-0154-02 Tesla Glove 45x48 (Recycled),18,service,service
RESID+,1,consu,consu
20293 TESLA IP EVEREST IP TOP PAD ASSY STD 11 CAVIDADES (copia),23,product,product
TESLA IP. TOP PAD Gap. A. Pieza. (copia),20,product,product
20477. TES IP SERVICE PARTS - TOP PAD GAP HIDER CELDA A) (copia),20,product,product
20294. TESLA IP. MID PANEL. TAPA BASE. (copia),20,product,product
20479. TES IP SERVICE PARTS - TOP PAD GAP HIDER - MEDIA CAJA (copia),14,product,product
20478. TES IP SERVICE PARTS - TOP PAD GAP HIDER CELDA B (copia),14,product,product
20476. TES IP SERVICE PARTS - TOP PAD GAP HIDER (copia),23,product,product
20482. TES IP SERVICE PARTS - LOWER IMGL (copia),14,product,product
20483. TES IP SERVICE PARTS - LOWER IMGL CELDADO (copia),20,product,product
20484. TES IP SERVICE PARTS - LOWER IMGL CAJA MEDIA (copia),14,product,product
20485. TES IP SERVICE PARTS - LOWER IMGL CAJA COMPLETA (copia),20,product,product
20486. TES IP SERVICE PARTS - LOWER IMGL CELDA A (copia),20,product,product
20487. TES IP SERVICE PARTS - LOWER IMGL CELDA B (copia),14,product,product
20488. TES IP SERVICE PARTS - LOWER IMGL INSERTO A (copia),14,product,product
7158,1,consu,consu
W04001 COSTO DE ESTADIAS POR,18,service,service
Base para cuello BC48,18,consu,consu
Base para cuello BC48 (copia),18,consu,consu
Tapa para cuello BC48 (copia),18,consu,consu
20293 TESLA IP EVEREST IP TOP PAD ASSY STD 11 CAVIDADES (copia),23,product,product
20288. TESLA IP. TOP PAD. 1/2 CUELLO. (copia),14,product,product
20292. TESLA IP. TOP PAD GAP. CELDADO. (copia),14,product,product
20497. TESLA IP. TOP PAD GAP GAP HIDER. CELDADO. (copia),20,product,product
20498. TESLA IP. TOP PAD GAP GAP HIDER. CELDA A (copia),20,product,product
20289. TESLA IP. TOP PAD. PAD para CUELLO. (copia),14,product,product
20283. TESLA. EVEREST IP. TOP. PAD ASSY / MID PANEL / DEFROST PANEL / IP COWL. TAPA AUTOENSABLE   71 x 46. (copia),14,product,product
20304. TESLA IP DEFROST KIT (copia),23,product,product
20299. TESLA. EVEREST IP. DEFROST PANEL. CUELLO 1/2. (copia),14,product,product
20300 TESLA. EVEREST IP. DEFROST PANEL. PAD para CUELLO. (copia),14,product,product
CAJA HSC DMS,14,product,product
TAPA AUTOENSAMBLE PARA DMS,14,product,product
INSERT/CAMA DE AIRE PARA DMS,14,product,product
KIT DMS NUEVO MODELO,23,product,product
DUNNAGE Y0237117.,28,product,product
20299. TESLA. EVEREST IP. DEFROST PANEL. CUELLO 1/2. (copia),14,product,product
20301. TESLA. EVEREST IP. DEFROST PANEL. A. Pieza. (copia),20,product,product
20302. TESLA. EVEREST IP. DEFROST PANEL. B. Pieza. (copia),20,product,product
20303. TESLA. EVEREST IP. DEFROST PANEL. CELDADO. (copia),14,product,product
20304. TESLA IP DEFROST KIT 26 CAVIDADES (copia),23,product,product
CELDADO 890/150,1,consu,consu
KIT.TES IP GLOVE BOX Y0981384,23,product,product
TAPA /BASE GLOVE BOX Y0981384,20,product,product
CUELLO C GLOVE BOX Y0981384,20,product,product
PAD CUELLO GLOVE BOX Y0981384,20,product,product
ENS CUELLO GLOVE BOX Y0981384,20,product,product
CELDA A GLOVE BOX Y0981384,20,product,product
CELDA B GLOVE BOX Y0981384,20,product,product
ENS CELDADO GLOVE BOX Y0981384,14,product,product
TARIMA,14,product,product
PRUEBA ISTA 3E SILAO PLANT DEPT 1531 QUOTE LAB 09 0008 23,18,service,service
"IP LOWER IMGL RACK 26 CAVIDADES, CONSIDERANDO 2 RFID´S (copia)",28,product,product
RACK METALICO LOWER BEAM,28,product,product
20293 TESLA IP EVEREST IP TOP PAD ASSY STD 22 CAVIDADES (copia),23,product,product
20304. TESLA IP DEFROST KIT 26 CAVIDADES (copia),23,product,product
20311 TESLA IP EVEREST QTR STD. 130 CAVIDADES (copia),14,product,product
"BOLSA RR/FTR BASE LWR PARA RACK 43"" X 64"" X 79""",28,product,product
"Refurbish para rack RR/FTE BASE LWR 43"" x 64"" x 79""",28,product,product
C1YX,18,service,service
4968,1,consu,consu
20472,1,consu,consu
15676,1,product,product
8821953,1,consu,consu
"[RTM-1160] VELCRO 2"" GANCHO AUTOADHERIBLE",1,product,product
[223264 AS 30 99 0000 00 000  INSERTO GM177] 13791. GM177. Charola Armada.,1,product,product
KIT BACK UP 380D - TR8678,14,product,product
20573. KIT BACK UP 380D - TR8678 (copia),20,product,product
20574. CELDADO BACK UP 380D - TR8678 (copia),20,product,product
20575. CELDA A BACK UP 380D - TR8678 (copia),20,product,product
20573. KIT BACK UP 380D - TR8678 (copia),20,product,product
20577. TAPA AUTOENSAMBLE KIT BACK UP 380D - TR8678 (copia),20,product,product
Pad para el contenedor 45x48x34,14,product,product
KIT BRAZIL (NUEVA TELA),14,product,product
F3008 TESLA IP EVEREST IP LOWER.,18,service,service
19079. 95161. Kit. Caja. (copia),14,product,product
20590.KIT BRAZIL (NUEVA TELA). Caja. (copia),14,product,product
20590.KIT BRAZIL (NUEVA TELA). PAD (copia),14,product,product
20592.KIT BRAZIL (NUEVA TELA). CELDADO (copia),20,product,product
20593.KIT BRAZIL (NUEVA TELA). CELDA A (copia),20,product,product
20594.KIT BRAZIL (NUEVA TELA). CELDA B (copia),20,product,product
20595.KIT BRAZIL (NUEVA TELA). CELDA C (copia),20,product,product
INDUSTRIAL 48,14,product,product
CUELLO 1/2 INDUSTRIAL 48,20,product,product
TAPA / BASE INDUSTRIAL 48,14,product,product
RACK KM CONSOLE STRUC ASSY,18,service,service
RACK METALICO UPPER SIDE PANEL - LH ASSY PAINTED,28,product,product
"[RTM-1182] STACKCAPS 1 1/2""",1,product,product
[RTM-0031] MICROALAMBRE 0.35 ACERO AL CARBON,1,product,product
rtm-0029+,1,product,product
FLETES,1,consu,consu
TEST ISTA 3E WITH CENTRO,18,service,service
W04001 TEST ISTA 3E WITH CENTRO,44,consu,consu
Cajas Prototipos DG Grill / Magna Exterior / (976),28,product,product
"DJ Side Applique, Rack SPD Prototipo par",28,product,product
13808. 357790. TAPA,1,product,product
RACK DJ GRILL ASSEMBLIES,28,product,product
PTW 3320,18,consu,consu
"RACK METALICO 64"" X 43""",28,product,product
MUESTRA PARA YF,18,service,service
Muestra Marzo,18,service,service
KIT LUCID CCB,18,service,service
4455,1,consu,consu
[RTM-CB4-0011] COROPLAST 4MM 122X244 BLANCO,1,product,product
"DJ Side Applique, Rack SPD Prototipo par",28,product,product
RACK HIDER RACK CON DUNNAGE 154 CAVIDADES 2 RFID'S (copia),28,product,product
RACK IP MID PANEL SUBSTRATE ASM (copia),28,product,product
BOLSA HIDER 12 CAVIDADES,30,product,product
BOLSA HIDER 12 CAVIDADES (copia),30,product,product
XLINK BACKFRAME - PARTICION 2,27,product,product
Armrest cell B,20,product,product
LOWER IMGL CARTON OP.4,23,product,product
CELDA A - LOWER IMGL,14,product,product
CELDA D - LOWER IMGL,14,product,product
CELDA C - LOWER IMGL,14,product,product
CELDADO LOWER IMGL OP.4,14,product,product
TARIMA TESLA IP EVEREST IP -TARIMA IP LOWER,1,consu,consu
[TARIMA TESLA IP EVEREST IP -TARIMA  IP LOWER] TARIMA TESLA IP EVEREST IP -TARIMA  IP LOWER,1,consu,consu
RACK METALICO LOWER IMGL CON PUERTAS (22 CAVIDADES),28,product,product
GLOVE BOX OP 2,23,product,product
MEDIO CUELLO 60 X 48 GLOVE BOX OP 2,14,product,product
CUELLO COMPLETO GLOVE BOX OP 2 60 X 48,14,product,product
PAD CUELLO GLOVE BOX OP 2 60 X 48,14,product,product
CELDA A GLOVE BOX OP 2 60 X 48,14,product,product
CELDA B GLOVE BOX OP 2 60 X 48,14,product,product
CELDA C GLOVE BOX OP 2 60 X 48,14,product,product
INSERTO 1 GLOVE BOX OP 2 60 X 48,14,product,product
CELDADO GLOVE BOX OP 2 60 X 48,14,product,product
BLOQUEO GAS SPRING COROPLAST 4MM (copia),28,product,product
Bloqueo retornable Gas Spring- powerise (retrabajo),28,product,product
CABLE SET REDISEÑO,28,product,product
1520,1,consu,consu
RTM-4490,1,consu,consu
FORD ECONOLINE E350 WAGON 2004 V8 NIV: 1FBSS31L24HA91054 CLAVE VEHICULAR: 0492101. VEHICULO USADO EN LAS CONDICIONES QUE SE ENCUENTRE (copia),43,product,product
FREIGHTLINER FL360 715 2020 NIV: JLMBNG1A2LK002366 CLAVE VEHICULAR: 2550907. VEHICULO USADO EN LAS CONDICIONES QUE SE ENCUENTRE (copia),43,product,product
INSERTO 2 GLOVE BOX OP 2,20,product,product
"20,705",1,product,product
Back Up. Honda T90. Cuello. (copia),14,product,product
ESQUINERO BACK UP T90 (copia),14,product,product
PALLET 45X42 BACK UP T90 (copia),14,product,product
Back Up. Honda T90. Tapa Gral. (copia),14,product,product
[SERV-0010] SERVICIO,1,consu,consu
F30015-C PACKAGING REQUEST OTYPES CAPEX,28,product,product
F30015-C PACKAGING REQUEST OTYPES CAPEX (copia),28,product,product
955061,1,consu,consu
19419. Toyota. MCV. Pallet (copia),14,product,product
FREIGHTLINER FL360 715 2020 NIV: JLMBNG1A2LK002366 CLAVE VEHICULAR: 2550907. VEHICULO USADO EN LAS CONDICIONES QUE SE ENCUENTRE (copia),43,product,product
Volvo 723 ip,28,product,product
headrest fronr,1,consu,consu
CABLE SET ORIGINAL,28,product,product
00688,1,consu,consu
W04003,28,product,product
BOLSA RACK GLOVE OUTER,30,product,product
RACK METALICO PARA GLOVE BOX OUTER,30,product,product
RACK OUTER - GLOVE BOXRACK UNIVERSAL 280 CAVIDADES CONSIDERANDO 2 RFID´S,28,product,product
Par de tapas para Rack Glove Box Outer en lona tranflex,30,product,product
L234 IP- WIP / Ramos / (920) / Y0471709,28,product,product
W04003 Returnable Pkg (NF200173 Rivian R1T/R1S Premium DP) (copia),28,product,product
"PART#: SPEAKER CHAROLA DE PLASTICO CORRUGADO 4MM, COLOR NEGRO, CUBIERTA CON LONA DE CRISTAL",28,product,product
"PART#: SPEAKER CHAROLA DE PLASTICO CORRUGADO 4MM, COLOR NEGRO, CUBIERTA CON LONA DE CRISTAL (copia)",28,product,product
Bloqueo para ropack u625 Ford,28,product,product
INDI,1,consu,consu
BOLSAS PARA L232 Outer Panel WIP Rack LH,30,product,product
ESTRUCTURA PARA BOLSAS PARA L232 Outer Panel WIP Rack LH,30,product,product
TAPAS PARA ESTRUCTURA PARA  L232,30,product,product
W04003 Returnable Pkg (NF200173 Rivian R1T/R1S Premium DP) (copia),28,product,product
3710,1,consu,consu
225656250023331562356,1,consu,consu
Volvo 723 ip / Yanfeng / (1025),28,product,product
[FIN 436D] PART#: CHAROLA EN PLAS Charola de Plastico corrudago de 4mm ESD celdado de plastico corrugado de 4mm ESD Tapa Transflex con alma de coroplast Estandar pack de 12 cavidades,28,product,product
KIT EAGLE,18,service,service
XLINK BACKFRAME 60% - PARTICION 3,27,product,product
CAJA  237811 MEDIDA 2,15,product,product
W04003 Returnable Pkg (NF200173 Rivian R1T/R1S Premium DP) (copia),28,product,product
INDI,1,consu,consu
CIERRE,14,product,product
DJ Side Applique - (#4 Y #5 DJ WIP - SIDE APPLIQUES),28,product,product
DJ SIDE APPLIQUE LH MIC - (#4 Y #5 DJ WIP - SIDE APPLIQUES) (copia),28,product,product
DJ SIDE APPLIQUE LH MIC (copia),28,product,product
DJ SIDE APPLIQUE LH CHROMED (copia),28,product,product
DJ SIDE APPLIQUE RH MIC (copia),28,product,product
CHAROLA DE COROPLAST,28,product,product
DJ SIDE APPLIQUE RH PAINTED (copia),28,product,product
Aportación del Gobierno de Nuevo León en base al convenio celebrado el 31 de Julio del 2024 para el Programa PyMEs Innovadoras 2024,18,service,service
DJ SIDE APPLIQUE LH MIC (copia),28,product,product
DJ U SURROUND LH MIC (copia),28,product,product
DJ U SURROUND LH PAINTED (copia),28,product,product
DJ U SURROUND LH CHROMED (copia),28,product,product
DJ U SURROUND RH MIC (copia),28,product,product
DJ U SURROUND RH PAINTED (copia),28,product,product
DJ U SURROUND LH MIC (copia),28,product,product
PAD COROPLAST,28,product,product
KANBAN DE LECTRA - INSERT PERFORADO RR,28,product,product
KANBAN DE LECTRA - INSERT PERFORADO FRT,28,product,product
KANBAN DE LECTRA - INSERT TIRA RR,28,product,product
KANBAN DE LECTRA - SIDE PANEL,28,product,product
KANBAN DE LECTRA - CONSOLA,28,product,product
grille,28,product,product
20806,14,product,product
20808,28,product,product
20809,28,product,product
20810,28,product,product
20815,28,product,product
20853,28,product,product
20853,28,product,product
20854,18,service,service
20856,18,service,service
20857,28,product,product
20858,28,product,product
20859,28,product,product
20890,28,product,product
20891,28,product,product
20892,28,product,product
20893,28,product,product
20894,28,product,product
0000,28,product,product
20865,28,product,product
20866,28,product,product
20867,28,product,product
GRILLE CARRIER,28,product,product
0001,28,product,product
20888,28,product,product
20889,28,product,product
20890,28,product,product
20892,28,product,product
20893,28,product,product
20895,28,product,product
20896,28,product,product
20897,28,product,product
20898,28,product,product
20899,28,product,product
20900,28,product,product
20901,28,product,product
20902,28,product,product
20903,28,product,product
DJ CAMERA RETAINER MIC,28,product,product
DJ LRR COVER MIC,28,product,product
DJ LOWER CENTER APPLIQUE MIC,18,service,service
DJ LOWER CENTER APPLIQUE PAINTED,18,service,service
DJ LOWER CENTER APPLIQUE CHROMED,18,service,service
DJ LARAMIE BILLET BARS MIC,28,product,product
DJ LARAMIE BILLET BARS PAINTED,28,product,product
DJ LARAMIE BILLET BARS CHROMED,28,product,product
DJ LONG HORN BILLET BARS MIC,28,product,product
DJ LONG HORN BILLET BARS PAINTED,28,product,product
DJ LONG HORN BILLET BARS CHROMED,28,product,product
RACK OUTER - GLOVE BOXRACK UNIVERSAL 280 CAVIDADES CONSIDERANDO 2 RFID ́S,28,product,product
DJ Camera Retainer MIC,18,service,service
DJ Camera Retainer MIC (copia),18,service,service
DJ LRR Cover MIC (copia),18,service,service
DJ Side Applique LH MIC (copia),18,service,service
DJ Side Applique LH Painted (copia),18,service,service
DJ Side Applique LH Chromed (copia),18,service,service
DJ Side Applique RH MIC (copia),18,service,service
DJ Side Applique RH Painted (copia),18,service,service
DJ Side Applique RH Chromed (copia),18,service,service
DJ Lower Center Applique MIC (copia),18,service,service
DJ Lower Center Applique Painted (copia),18,service,service
DJ Lower Center Applique Chromed (copia),18,service,service
DJ U Surround LH MIC (copia),18,service,service
DJ U Surround LH Painted (copia),18,service,service
DJ U Surround LH Chromed (copia),18,service,service
DJ U Surround RH MIC (copia),18,service,service
DJ U Surround RH Painted (copia),18,service,service
DJ U Surround RH Chromed (copia),18,service,service
DJ Plinth (copia),18,service,service
DJ Laramie Billet Bars MIC (copia),18,service,service
DJ Laramie Billet Bars Painted (copia),18,service,service
DJ Laramie Billet Bars Chromed (copia),18,service,service
DJ Long Horn Billet Bars MIC (copia),18,service,service
DJ Long Horn Billet Bars Painted (copia),18,service,service
DJ Long Horn Billet Bars Chromed (copia),18,service,service
DJ Grille Carrier (copia),18,service,service
DJ Grille Texture Tradesman (copia),18,service,service
DJ Grille Texture Laramie (copia),18,service,service
DJ Grille Texture Long Horn (copia),18,service,service
DJ Grille Texture Power Wagon (copia),18,service,service
RTM-8126 INSERTO EXTERIOR 6LBS ABC,27,product,product
RTM-8127 INSERTO CENTRAL 6 LBS ABC,27,product,product
RTM-8128 INSERTO INFERIOR 6LBS ABC,27,product,product
DJ GRILLE #9 & #10,28,product,product
TARIMA PROLAMSA,15,product,product
608795 AS 30 99 0000 00 000 CARTON,23,product,product
CELDA A KIA ECU + BRACKET,20,product,product
CELDA A KIA ECU + BRACKET (copia),20,product,product
CELDA B KIA ECU + BRACKET (copia),14,product,product
CELDADO KIA ECU + BRACKET (copia),14,product,product
CHAROLA KIA ECU + BRACKET (copia),14,product,product
CHAROLA EXTERNA KIA ECU + BRACKET (copia),14,product,product
KIT ATI,23,product,product
ESQUINERO ATI,20,product,product
"TARIMA 46X54""",32,product,product
TAPA ATI,20,product,product
TAPA ATI (copia),20,product,product
CUELLO A ATI (copia),20,product,product
CUELLO B ATI (copia),20,product,product
PAD GRANDE ATI (copia),20,product,product
PAD CHICO ATI (copia),20,product,product
INSERTO A ATI (copia),20,product,product
INSERTO B ATI (copia),20,product,product
[INSERTO A ATI] INSERTO A ATI1,1,product,product
[RTM-0110] GAS CARBONO CO2,1,product,product
"[CC-1293] ARANDELA PLANA DE 12.70MM 1/2"" ZINC",1,product,product
INDIRE,1,consu,consu
[CC-1040] DISCO LAMINADO 4 1/2 TENAZIT,1,product,product
DZ1 - LOWER CASE,28,product,product
CHAROLA DE COROPLAST 4MM LAMINADA CON TELA NO TEJIDA 70GMS CON MONTAJE EN TOTE 24 X 15 X 9,28,product,product
CHAROLA DE COROPLAST 4MM LAMINADA CON TELA NO TEJIDA 70GMS CON MONTAJE EN TOTE 24 X 15 X 9 (copia),28,product,product
DZ1 - SPEAKER,28,product,product
DZ1 - RING,28,product,product
14783,1,consu,consu
DZ1 - POINTER,28,product,product
DZ1 -DIFUSSER-PRISMA-DIAL,28,product,product
DZ1 -TRIP CABLE CHAROLA DE COROPLAST NEGRO 4MM ESD SOLDADO CON ULTRASONIDO,28,product,product
DZ1 - POINTER PRISM CHAROLA DE COROPLAST NEGRO 4MM ESD,28,product,product
DZ1 - CLIPS CHAROLA COROPLAST NEGRO 4MM ESD,28,product,product
BT1ZYL_Y0770439_ROPACK 45X48X42+ PLATE+ RFID’S,28,product,product
BT1ZYL_Y0770439_ROPACK 45X48X42+ PLATE+ RFID’S,28,product,product
CAJA LENTE TESLA,18,consu,consu
21025,28,product,product
21027,28,product,product
21028,28,product,product
21029,28,product,product
21030,28,product,product
21031,28,product,product
21032,28,product,product
21033,28,product,product
21034,28,product,product
DJ LRR COVER MIC,28,product,product
Muestra Marzo (copia),18,service,service
INNER,28,product,product
CAJA IMGL SERVICE PARTS,14,product,product
ALTERNO BILLET BARS 45 X 48,14,product,product
ALTERNO BILLET BARS 45 X 48-,23,product,product
TAPA BILLET BARS,14,product,product
PAD BILLET BARS,14,product,product
CUELLO BILLET BARS,14,product,product
ALTERNO BILLET BARS 56 X 48,23,product,product
TAPA BILLET BARS 56 X 48,14,product,product
PAD BILLET BARS 56 X 48,14,product,product
CUELLO BILLET BARS 56 X 48,14,product,product
F500251480,14,product,product
F500251480 (copia),14,product,product
F500251301 (copia),14,product,product
DUNNAGE GLASS DZ1 DUNNAGE GLASS FRONT 6 CAVIDADES + LONA CRISTAL CON PLASTICO CORRUGADO EN TOTE 24X15X9,18,service,service
TAPA PARA GLASS DZ1 TAPA EN LONA CRISTAL CAL 20+ REFUERZO,18,service,service
PAD 1269,14,product,product
PAD 1139,14,product,product
PAD WRAP AROUND,14,product,product
F500351673 CELDAS CK 23 ECT,14,product,product
F500351673 CELDA A,20,product,product
F500351673 CELDA L,20,product,product
F500351674 CELDAS CK 23 ECT,14,product,product
F500351674 CELDA A,20,product,product
F500351674 CELDA L,20,product,product
DUNNAGE 330 FRONT CASE,18,service,service
DUNNAGE EN PLASTICO CORRUGADO 4MM CON TELA NO TEJIDA 12 CAVIDADES (copia),18,service,service
DJ Laramie Billet Bars (Manejo Interno M,18,service,service
DJ Long Horn Billet Bars MIC (Manejo Int,18,service,service
"DJ WIP Laramie Billet Bar 1, Quote F2412",18,service,service
CELDA C MCV,20,product,product
"DJ WIP Laramie Billet Bar 2, Quote F2412",18,service,service
"DJ WIP Laramie Billet Bar 3, Quote F2412",18,service,service
"DJ WIP Laramie Billet Bar 4, Quote F2412",18,service,service
"DJ WIP Laramie Billet Bar 5, Quote F2412",18,service,service
"DJ WIP Long Horn Billet Bar 1, Quote F24",18,service,service
"DJ WIP Long Horn Billet Bar 2, Quote F24",18,service,service
"DJ WIP Long Horn Billet Bar 3, Quote F24",18,service,service
"DJ WIP Long Horn Billet Bar 4, Quote F24",18,service,service
"DJ WIP Long Horn Billet Bar 5, Quote F24",18,service,service
"DJ WIP Long Horn Billet Bar 6, Quote F24",18,service,service
"DJ WIP Long Horn Billet Bar 7, Quote F24",18,service,service
"DJ WIP Long Horn Billet Bar 8, Quote F24",18,service,service
"DJ WIP Long Horn Billet Bar 9, Quote F24",18,service,service
"DJ WIP Long Horn Billet Bar 10, Quote F2",18,service,service
TAPA LONA CRISTAL PARA TOTE 24 X 15 X 9 (copia),18,service,service
CAJA OPAL,14,product,product
INSERTO PASSENGER,18,service,service
INSERTO DRIVER,18,service,service
INSERTO DRIVER,14,product,product
LAMINA BASE PASSENGER,15,product,product
LAMINA BASE DRIVER,15,product,product
LAMINA CAJA OPAL,15,product,product
INSERTO PASSENGER,14,product,product
INSERTO PASSENGER,14,product,product
Y0467205 - DUNNAGE DE PLASTILONA ANTIDUST 108 CAV,28,product,product
Y0467197 - DUNNAGE DE PLASTILONA ANTIDUST 121 CAV,28,product,product
Kit Lucid CBB - 1 Prototype,18,service,service
"Pallet 67.5"" x 48""",18,service,service
DOLLIE PARA RACK DE FG DE GM,18,service,service
FIANZA,1,consu,consu
LUCID CCB KIT,18,service,service
Packaging Services,18,service,service
Packaging Services Ropack Close Out (copia),18,service,service
21113,18,consu,consu
21113 (copia),18,consu,consu
21115 (copia),18,consu,consu
21116 (copia),18,consu,consu
21117 (copia),18,consu,consu
21118 (copia),18,consu,consu
21119 (copia),18,consu,consu
21120 (copia),18,consu,consu
21121 (copia),18,consu,consu
21122 (copia),18,consu,consu
21123 (copia),18,consu,consu
21124 (copia),18,consu,consu
21125 (copia),18,consu,consu
21126 (copia),18,consu,consu
21127 (copia),18,consu,consu
21128 (copia),18,service,service
13863,1,consu,consu
express,1,consu,consu
Retrabajo rack 6,18,service,service
INDI,1,consu,consu
491447 AS 30 99 0000 00 000 CARTON (EMPAQUE),18,service,service
843971 FS 30 99 0000 00 000 CARTON (EMPAQUE),18,service,service
CARRRETILLAS #6,18,service,service
AIR VENT,18,service,service
21140,18,service,service
21140,18,service,service
21142,18,service,service
21145,18,service,service
21145 (copia),18,service,service
W04002 RACK,28,product,product
W04002 RACK (copia),28,product,product
CAJA INDIVIDUAL,19,product,product
CAJA 1 DE KUCKY HARVEST,18,service,service
KIT #2 PROGRAMA G65 ATLAS,18,service,service
KIT #3 PROGRAMA G65 ATLAS,18,service,service
CAJA L,18,service,service
"INNER RU C/TELA 20.75""X14.5""",18,service,service
CELDA A,1,product,product
CELDA B,1,product,product
INNER RU,18,service,service
21163,18,service,service
21164,18,service,service
21166,18,service,service
BASE Y TAPA KIT ATI,14,product,product
CHAROLA DE COROPLAST 4MM LAMIN,18,service,service
"KMKX Base  Cover  Tote 24""x22""x14"" fondo liso con hot stamping",28,product,product
"KMKX Bottom Cover - Tote  24""x22""x7"" fondo liso",28,product,product
"KMKX Housing -  Tote 24""x22""x14"" fondo liso con hot stamping",28,product,product
"KMKX Skull cap  - Tote 24""x22""x14"" fondo liso con hot stamping",28,product,product
"KMKX Trap door  - Tote 24"" x15"" x5"" fondo liso con hot stamping",28,product,product
Etiqueta,25,consu,consu
"KMKX Housing -  Dunnage de dubetina p/tote 2422-14, estandar pack de 12 cavidades",28,product,product
KMKX housing -  cubierta de lona transflex con velcro.,28,product,product
"KMKX Base Cover -  Dunnage de dubetina p/tote 2422-14, estandar pack de 12 cavidades.",28,product,product
CELDA C,20,product,product
KMKX Base Cover -  cubierta de lona transflex con velcro,28,product,product
"KMKX Skull cap -  Dunnage de dubetina p/tote 2422-14, estandar pack de 25 cavidades",28,product,product
KMKX Skull cap -  Cubierta de lona transflex con velcro,28,product,product
KMKX Bottom Cover - Cubierta de lona trasnflex con velcro.,28,product,product
"KMKX Bottom Cover - Dunnage  de dubetina p/tote 2422-7, estandar pack de 91 caviades",28,product,product
KMKX Bottom Cover - Base de foam.,28,product,product
"KMKX Trap door  - Dunnage de dubetina p/tote 2415-5, estandar pack de 108 caviades",28,product,product
KMKX Trap door - Cubierta de lona trasnflex con velcro,28,product,product
KMKX Trap door - Base de foam,28,product,product
Costo de Lógistica,18,service,service
Charola DU,18,service,service
21190 (copia),18,service,service
21191 (copia),18,service,service
21192 (copia),18,service,service
21193 (copia),18,service,service
LARAMIE #4-#5,28,product,product
21194 (copia),18,service,service
"21,196 (copia)",18,service,service
"21,197 (copia)",18,service,service
"21,198 (copia)",18,service,service
"21,199 (copia)",18,service,service
"21,200 (copia)",18,service,service
"21,201 (copia)",18,service,service
"21,202 (copia)",18,service,service
"21,203 (copia)",18,service,service
"21,204 (copia)",18,service,service
"21,205 (copia)",18,service,service
"21,206 (copia)",18,service,service
"21,207 (copia)",18,service,service
"21,208 (copia)",18,service,service
"21,209 (copia)",18,service,service
"21,210 (copia)",18,service,service
"21,211 (copia)",18,service,service
"21,212 (copia)",18,service,service
"21,213 (copia)",18,service,service
"21,214 (copia)",18,service,service
"21,215 (copia)",18,service,service
"21,216 (copia)",18,service,service
"21,217 (copia)",18,service,service
"21,218 (copia)",18,service,service
"21,219 (copia)",18,service,service
"21,220 (copia)",18,service,service
"21,221 (copia)",18,service,service
"21,222 (copia)",18,service,service
"21,223 (copia)",18,service,service
"21,224 (copia)",18,service,service
"21,225 (copia)",18,service,service
"21,226 (copia)",18,service,service
"21,227 (copia)",18,service,service
"21,228 (copia)",18,service,service
"21,229 (copia)",18,service,service
"21,230 (copia)",18,service,service
"21,231 (copia)",18,service,service
"21,232 (copia)",18,service,service
"21,233 (copia)",18,service,service
"21,234 (copia)",18,service,service
"21,235 (copia)",18,service,service
"21,236 (copia)",18,service,service
"21,237 (copia)",18,service,service
"21,238 (copia)",18,service,service
"21,239 (copia)",18,service,service
"21,240 (copia)",18,service,service
"21,241 (copia)",18,service,service
"21,242 (copia)",18,service,service
"21,243 (copia)",18,service,service
"21,244 (copia)",18,service,service
"21,245 (copia)",18,service,service
"21,246 (copia)",18,service,service
"21,247 (copia)",18,service,service
"21,248 (copia)",18,service,service
"21,249 (copia)",18,service,service
"21,250 (copia)",18,service,service
"21,251 (copia)",18,service,service
"21,252 (copia)",18,service,service
"21,253 (copia)",18,service,service
"21,254 (copia)",18,service,service
"21,255 (copia)",18,service,service
"21,256 (copia)",18,service,service
"21,257 (copia)",18,service,service
"21,258 (copia)",18,service,service
"21,259 (copia)",18,service,service
"21,260 (copia)",18,service,service
"21,261 (copia)",18,service,service
"21,262 (copia)",18,service,service
"21,263 (copia)",18,service,service
"21,264 (copia)",18,service,service
"21,265 (copia)",18,service,service
"21,266 (copia)",18,service,service
"21,267 (copia)",18,service,service
"21,268 (copia)",18,service,service
"21,269 (copia)",18,service,service
"21,270 (copia)",18,service,service
"21,271 (copia)",18,service,service
"21,272 (copia)",18,service,service
"21,273 (copia)",18,service,service
"21,274 (copia)",18,service,service
"21,275 (copia)",18,service,service
"21,276 (copia)",18,service,service
"21,277 (copia)",18,service,service
"21,278 (copia)",18,service,service
"21,279 (copia)",18,service,service
"21,280 (copia)",18,service,service
"21,281 (copia)",18,service,service
"21,282 (copia)",18,service,service
21299,28,product,product
21300,28,product,product
21301,28,product,product
21302,18,service,service
KIT EAGLE- (copia),18,service,service
EMPAQUE KMKX BASE COVER,18,service,service
EMPAQUE KMKX BOTTOM COVER,18,service,service
EMPAQUE KMKX HOUSING,18,service,service
EMPAQUE KMKX SKULL CAP,18,service,service
EMPAQUE KMKX TRAP DOOR,18,service,service
[CHAROLA HDPE CON FRNAJA DE COLOR HONDA DU] MOLDE DE MADERA PARA PROTO (copia),1,consu,consu
TOOLING,18,service,service
13877,1,consu,consu
CHAROLA ESPEJOS CL4,18,service,service
CHAROLA ESPEJOS CL4 NOK (copia),18,service,service
MISCELLANEUS EXPENSED ITEM,18,service,service
21316 (copia),18,service,service
21317 (copia),18,service,service
21318 (copia),18,service,service
21319 (copia),18,service,service
21320 (copia),18,service,service
21321 (copia),18,service,service
21322 (copia),18,service,service
21323 (copia),18,service,service
21324 (copia),18,service,service
21325 (copia),18,service,service
21326 (copia),18,service,service
21327 (copia),18,service,service
21328 (copia),18,service,service
21329 (copia),18,service,service
21330 (copia),18,service,service
21331 (copia),18,service,service
21332 (copia),18,service,service
21333 (copia),18,service,service
21334 (copia),18,service,service
21335 (copia),18,service,service
DJ Laramie Billet Bar 1,18,service,service
DJ Laramie Billet Bar 1 (copia),18,service,service
DJ Laramie Billet Bar 2 (copia),18,service,service
DJ Laramie Billet Bar 3 (copia),18,service,service
DJ Laramie Billet Bar 4 (copia),18,service,service
DJ Laramie Billet Bar 5 (copia),18,service,service
DJ Long Horn Billet Bars 1 (copia),18,service,service
DJ Long Horn Billet Bars 2 (copia),18,service,service
DJ Long Horn Billet Bars 3 (copia),18,service,service
DJ Long Horn Billet Bars 4 (copia),18,service,service
DJ Long Horn Billet Bars 5 (copia),18,service,service
DJ Long Horn Billet Bars 6 (copia),18,service,service
Description DJ Long Horn Billet Bars 7 LH (copia),18,service,service
DJ Long Horn Billet Bars 7 RH (copia),18,service,service
DJ Long Horn Billet Bars 8 LH (copia),18,service,service
FFF,18,service,service
21354,18,service,service
21355,18,service,service
21356,18,service,service
21357,18,service,service
BMW G65 POWER DOOR (G65-084192),18,service,service
.,18,service,service
10/06/2025,18,service,service
21361,18,service,service
21362,18,service,service
21363,18,service,service
21363,18,service,service
21364,18,service,service
21366,18,service,service
21367,18,service,service
21367,18,service,service
21369,18,service,service
TAPA GLASS FRONT,18,service,service
INDIRE,1,consu,consu
MUESTRA PROTECPAC,18,service,service
ENVIO PROTECPAC,18,service,service
21374,18,service,service
21374 (copia),18,service,service
CELDA E REFACCIONES P1,20,product,product
21375 (copia),18,service,service
21376 (copia),18,service,service
21377 (copia),18,service,service
M&W Packaging KIT ON  BUDGET,1,consu,consu
AD,28,product,product
21380 (copia),28,product,product
21381 (copia),18,service,service
Dotacion de personal de viaje temporal,18,service,service
[MANTENIMIENTO DE MAQUINARIA] MANTENIMIENTO DE MAQUINARIACOMPRA DE CHUMACERAS PARA EXTRACTOR DE PINTURA,1,consu,consu
PART#: CHAROLA TERMOFORMADA 500B 16 CHAROLA TERMOFORMADA 500B 28 CAVIDADES,18,service,service
21385 (copia),18,service,service
21386 (copia),18,service,service
21387 (copia),18,service,service
21388 (copia),18,service,service
21389 (copia),18,service,service
21390 (copia),18,service,service
21391 (copia),18,service,service
21392 (copia),18,service,service
21393 (copia),18,service,service
21394 (copia),18,service,service
"Etiqueta de vinil con tinta UV, acabado",18,service,service
PRUEBA,23,product,product
BEZEL_TRMX,18,service,service
BEZEL_TAC,18,service,service
TOOLING,18,service,service
KIT  646D BACK UP,18,service,service
KIT CORRUGADO PARA FDU Y RDU + HUACAL DE MADERA,18,service,service
3015,18,service,service
21416,18,service,service
21417,18,service,service
21418,18,service,service
21419,18,service,service
21420,18,service,service
21421,18,service,service
21422,18,service,service
21423,18,service,service
21424,18,service,service
21425,18,service,service
21426,18,service,service
CELDA A QTR LOWER 5 CAV,15,product,product
21427,18,service,service
TR21515 DUNNAGE 6CAVS+COROPLAST 2MM NEGRO+DUBETINA,18,service,service
SADDD,18,service,service
21430,18,service,service
21431,18,service,service
21432,18,service,service
21433,18,service,service
21434,18,service,service
21435,18,service,service
21346,18,service,service
21437,18,service,service
16072025,18,service,service
21439,18,service,service
21440,18,service,service
21441,18,service,service
21445,18,service,service
21443,18,service,service
21444,18,service,service
21445,18,service,service
21446,18,service,service
21447,18,service,service
21448,18,service,service
21449,18,service,service
21450,18,service,service
21451,18,service,service
21551,18,service,service
21453,18,service,service
21454,18,service,service
21454,18,service,service
21456,18,service,service
21457,18,service,service
TAPA TRANSFLEX PARA TAPA GLASS DZ1,18,service,service
INDIR,1,consu,consu
"INNER RU C/TELA 20.75""X 14.5""",18,service,service
"1278 PAD, 125C 10 3/8 X 14 5/8",18,service,service
"1278 PAD, 125C 10 3/8 X 14 5/8 (copia)",18,service,service
Excedente Billet Bars Charolas de Billet,18,service,service
21464 (copia),18,service,service
21465 (copia),18,service,service
21466 (copia),18,service,service
21467 (copia),18,service,service
21468 (copia),18,service,service
21469 (copia),18,service,service
21470 (copia),18,service,service
21471 (copia),18,service,service
21472 (copia),18,service,service
21473 (copia),18,service,service
21474 (copia),18,service,service
21475 (copia),18,service,service
21476 (copia),18,service,service
21477 (copia),18,service,service
21478 (copia),18,service,service
Excedente Billet Bars Charolas de Billet (copia),18,service,service
CELDADO + PAD BRAZIL,18,service,service
21481 (copia),18,service,service
21482 (copia),18,service,service
21483 (copia),18,service,service
21484 (copia),18,service,service
21485 (copia),18,service,service
21486 (copia),18,service,service
[EQUIPO DE MANTENIMIENTO] EQUIPO DE MANTENIMIENTO,1,consu,consu
TRAPO,1,consu,consu
27160,1,consu,consu
14082025,18,service,service
21498,18,service,service
21499,18,service,service
213213,18,service,service
21501,18,service,service
21502,18,service,service
TR21593 DUNNAGE PLAS CORR. + DUBETINA 60 CAVS,18,service,service
OPAL,1,consu,consu
SPEARKER,18,service,service
21506,18,product,product
21507,18,service,service
21509,18,service,service
21511,18,service,service
21512,18,service,service
21513,18,service,service
21514,18,service,service
SPEAKER GRILL,18,service,service
Revised Fender Sample Box for service,18,service,service
INDIRECT,1,consu,consu
15676,1,consu,consu
DENSO U554,18,service,service
21521,18,service,service
21522,18,service,service
DUNNAGE U554 WP DUNNAGE PLASTICO CORRUGADO 2MM + TELA NO TEJIDA 6 CAVIDADES,18,service,service
TAPA TRANSFLEX TAPA TRANSFLEX U554,18,service,service
15676,1,consu,consu
INDIRECTOS,1,consu,consu
REAR 1,18,service,service
21528,18,service,service
24529,18,service,service
21530,18,service,service
21531,18,service,service
21532,18,service,service
21533,18,service,service
21534,18,service,service
21535,18,service,service
21536,18,service,service
BOLA DE ARRASTRE 2000LB,27,product,product
VW 426 PLASTIC DUNNAGE WIP FRONT ARMREST 484534´s,18,service,service
W04003-C_Returnable pkg_VW 426 PLASTIC DUNNAGE WIP FRONT ARMREST 484534´s_DUNNAGE DE PLASTICOCORRUGADO 4MM CARRADA CON CALOR + TAPAS TRANSFLEX UEN CONTENEDOR48´´X45´´X34´´_CAVIDADES: 60 CAVIDADESDOBLES=120 PIEZAS,18,service,service
KIT R233 DOOR PANEL - 9 CAVIDADES,18,product,product
21539 (copia),18,product,product
21540 (copia),18,product,product
21541 (copia),18,product,product
21542 (copia),18,product,product
21543 (copia),18,product,product
21544 (copia),18,product,product
21545 (copia),18,product,product
21546 (copia),18,product,product
21547 (copia),18,product,product
21548 (copia),18,product,product
21549 (copia),18,product,product
21550 (copia),18,product,product
21551 (copia),18,product,product
BASE DRIVER,18,service,service
21554,18,service,service
BASE DRIVER,18,service,service
CELDADO DRIVER,18,service,service
BASE PASSENGER,18,service,service
CELDADO PASSENGER,18,service,service
CAJA 1/2 LENTE TESLA,20,product,product
BASE PASSENGER,18,service,service
CELDADO PASSENGER,18,service,service
FUERDA AIR VENT,18,service,service
21562,18,service,service
21563,18,service,service
21564,18,service,service
21565,18,service,service
21566,18,service,service
FUERDA DRIVER,18,service,service
FUERDA PASSENGER,18,service,service
PTR 1 1/2,27,product,product
COMEX-005,25,consu,consu
POLIFOAM DE 1/4 DE 2X2.1 MTS con corte a 59.5CCMS,15,product,product
ANCHO DE MAQUINA 42 VERMONT,15,product,product
ESQUINERO 3X3X99.5 CAL 120,15,product,product
RIEL 391,20,product,product
"ESQUINERO 2.75"" x 2.75"" x 104cm Cal.215",15,product,product
PLASTILONA AZUL,15,product,product
SOLERA 1/8X3/4,15,product,product
G45 ACE / CELDA A (copia),20,product,product
"16 CHAROLAS PIELES   /  # 10  ( 16"" x 20"" x 8"" ) (copia)",28,product,product
CARTON:BP#=48CP861:SHT=1:DETAIL=1:DA,14,product,product
"SOLERA 1"" 1/8 GROSOR",15,product,product
955061 CHAROLA,14,product,product
95161. Kit. Pad. (copia),23,product,product
CARTON: BP#=48CP608: SHT=1: DETAIL=1: DA,14,product,product
CELDA A QTR 5 CAV,15,product,product
"ESQUINERO 2.75"" x 2.75"" x 30"" Cal.225",32,product,product
Kit Console (copia),23,product,product
CELDA A 569,20,product,product
DOOR UPPER TAPA,14,product,product
180203010,14,product,product
REJILLA DE 16X PARA PIVOT DE TESLA PARA PROCESO DE MTM A PPG,14,product,product
FORD Low roof - Celda B,20,product,product
DUNNAGE CAJA 1,28,product,product
Grab handle  WRAPED - Interplants P2,28,product,product
DOOR UPPER,14,product,product
DOOR UPPER CELDA A,20,product,product
Armrest Frontal,28,product,product
HERRAMENTAL CAJA SOLAR (copia),18,service,service
MQ4A-Dunnage,14,product,product
FORD Lamp subassembly - Celda B,20,product,product
Herramentales para charola kia,18,service,service
CELDA B Y C TGTX,20,product,product
IP UPPER INDIVIDUAL,23,consu,consu
Y0080157 REJILLA DT HARD TRIM 27XP      ,14,product,product
"ESQUINERO 2.75"" x 2.75"" x 45"" Cal. 225",32,product,product
CAJA 729,14,product,product
BX. 32 ECT S02415-11,14,product,product
E - DUNNAGE 18X (copia),30,product,product
Inserto audi coupe,14,product,product
RACK MAIN CARRIER FRONT (copia),28,product,product
HSC DMS (copia),14,product,product
CUNA 4X - CLUSTER U725 (copia),30,product,product
C - DUNNAGE 18X (copia),30,product,product
CHAROLA DJ LOWER CENTER AND SIDE RH APPLIQUE ASSEMBLIES,28,product,product
A - DUNNAGE 18X (copia),30,product,product
"16 CHAROLAS PIELES   /  # 5  ( 20"" x 47.2"" x 8"" ) (copia)",28,product,product
19081. 95161. Kit. Celdado. (copia),23,product,product
Cover 780B & U554 HUD,28,product,product
CINTA PARA CAJA RSC SHOCK TOWER,20,product,product
780-AY CAJA CELDA A,20,product,product
CELDADO P1 REFACCIONES,14,product,product
CUADRADO 2,27,product,product
BOLSA MID PANEL (copia),30,product,product
Door map pocket inner MS - Interplants P2,28,product,product
PART#:  CID TM3 Charola plastica de 4mm reforzado con esquineros y marco de plastico+ celda para ubicar 6 autopartes (copia),28,product,product
"RACK 43X54 "" WL REAR 75 , WITH DUNNAGE STD: 260 CAVITIES, WITH SEPARATION BETWEEN [LH Y RH]",28,product,product
LONA PERFIL A- DUNNAGE CLUSTER (copia),30,product,product
DOOR UPPER CELDA,14,product,product
CELDA A INSERTO 241B EXPORT,20,product,product
RIVIAN BODY SIDE LH,14,product,product
CELDA B 704,20,product,product
CHEVY MID PANEL CAJA FOL,14,product,product
ESQUINERO 3X3X90,15,product,product
CUELLO DOBLE SHOCK TOWER,20,product,product
CELDA C-520 2 RAN,15,product,product
362723 APPLIQUE REAR MP552 PUERTAS,28,product,product
CELDA B 310,20,product,product
Case 780B HUD,28,product,product
739AY CELDADO PARA RETONABLE,14,product,product
DUNNAGE CAJA 4,28,product,product
W04002 - DUNNAGE 40X (copia),28,product,product
Armrest Trasero,28,product,product
"CAJA 34"" ROTATIVA",24,product,product
TAPA A - DUNNAGE CLUSTER (copia),30,product,product
CHAROLA E INSERTO AUDI Q5 (PIEZAS EN SUAJE),24,product,product
Beltline,28,product,product
Charola plastica CID TM3,28,product,product
"RACK UNIVERSAL 43”X54”, WITH DUNNAGE STD: 400 CAVITIES, WITH SEPARATION BETWEEN [LH Y RH]",28,product,product
"16 CHAROLAS PIELES   /  # 9 ( 16"" x 33"" x 8"" ) (copia)",28,product,product
CAJA TRIANGULAR PARA PISTONES ACE,14,product,product
REJILLA PARA DT-INSERTO B,20,product,product
180203020-A (copia),20,product,product
180203020-B (copia),20,product,product
ACIDO MURIATICO,19,consu,consu
L232 Outer Panel WIP Rack RH,28,product,product
REJILLA PARA DT-CELDA B,20,product,product
CELDADO P2 REFACCIONES,14,product,product
CHAROLA TFT HONDA,28,product,product
"SOLERA 1"" 1/8 GROSOR (copia)",15,product,product
DUNNAGE CAJA 2,28,product,product
W04002 - DUNNAGE 18X (copia),30,product,product
BOLSA P708,28,product,product
785AY PARA RETORNABLE CELDA B,14,product,product
TAPA B - DUNNAGE CLUSTER (copia),30,product,product
TR11559 CAJA CON DIVISOR ITB DMS,23,product,product
L232 Outer Panel WIP Rack RH (copia),28,product,product
Map pocket MS - Interplants P2,28,product,product
PART#: Window plate 780B charola plastica + dunnage de 4 cavidades (copia),28,product,product
SEPARADOR 241B EXPORT,14,product,product
CONTENEDOR PLASTICO,33,product,product
FT ARMREST INNER,28,product,product
PLACA PARA ARRASTRE - ARMREST G42,27,product,product
TAPA 729,14,product,product
CELDA B 646,20,product,product
HERRAMENTAL CAJA SOLAR (copia) (copia),18,service,service
BOX 143908 - CHAROLA,20,product,product
CARTON: BP#=48CP844: SHT=1: DETAIL=1:DA,14,product,product
FORD Low roof - Celda A,20,product,product
INSERTO 241B EXPORT,14,product,product
HERRAMENTAL CAJA SOLAR (copy),18,service,service
19334. BOLSA EVOLON. 340MM X 745MM 487.203-74 (copia),28,product,product
IP KNEE BOLSTER INDIVIDUAL,14,product,product
A - TAPA - DUNNAGE 18X (copia),30,product,product
BOX 143908 - DIVISOR,20,product,product
180203020-C (copia),20,product,product
B - DUNNAGE 18X (copia),30,product,product
REJILLA PARA DT-CELDA E,20,product,product
341332,14,product,product
FORD Lamp subassembly - Celda A,20,product,product
DUNNAGE GLASS FRONT U725,28,product,product
XLINK TOOLING HUD 30AA (copia),18,consu,consu
DUNNAGE RIVIAN HT B PILLAR,28,product,product
CUELLO NEXTRACKER,14,product,product
XLINK TOOLING HUD 30AA (copia),18,consu,consu
TAPA VENTILAS Y0032853,14,product,product
241B KIT: BOX-PAD-INSERTS-COVER PAD,23,product,product
PART#: Window plate 780B charola plastica + dunnage de 4 cavidades (copia),28,product,product
CELDA A 704,20,product,product
363010550 DUNNAGE IGNITION RING (copia),28,product,product
"16 CHAROLAS PIELES    /  # 6  ( 11"" x 25"" x 8"" ) (copia)",28,product,product
D - DUNNAGE 18X (copia),30,product,product
BOX 143908 - TAPA,20,product,product
"RACK 43X54 "" WL REAR 75 , WITH DUNNAGE STD: 380 CAVITIES, WITH SEPARATION BETWEEN [LH Y RH] (copia)",28,product,product
LONA PERFIL B- DUNNAGE CLUSTER (copia),30,product,product
DUNNAGE DE CORTILONA 2 COLORES CON 198 CAVIDADES 45*48*50 Y0392180 (copia),28,product,product
L232 Inner Panel WIP Rack LH (copia),18,service,service
AS PAD ( CELDA ),23,consu,consu
KIT TGTX,14,product,product
DOOR UPPER ESQUINERO,14,product,product
ESQUINERO 2.75” x 2.75” x 48” Cal. 225,32,product,product
CC91 ANCHO DE MAQUINA,15,product,product
BOX 048541 IMC 120 ,14,product,product
CERROJO,17,consu,consu
MANIOBRAS,18,service,service
CELDA A MCV,20,product,product
TOOLING-2 MCV128E (copia),18,consu,consu
CUELLO COMPLETO INDUSTRIAL 48,14,product,product
PAD INDUSTRIAL 48,14,product,product
qtr,1,consu,consu
SEPARADOR 729,14,product,product
CELDA B 569,20,product,product
CARTON: BP#=48CP996: SHT=1: DETAIL=1: DA,14,product,product
KIT AVANZAR,14,product,product
REJILLA PARA DT-INSERTO A,20,product,product
L232 Inner Panel WIP Rack LH,18,service,service
CELDA 729,14,product,product
780-AY CAJA CELDA B,20,product,product
DUNNAGE CAJA 3,28,product,product
CELDA D 310,20,product,product
C - TAPA - DUNNAGE 18X (copia),30,product,product
785AY PARA RETORNABLE,14,product,product
13802  U611. 341332.  U625. Charola Armada. (copia),18,service,service
DOOR UPPER CAJA,14,product,product
REJILLA PARA DT-CELDA C,20,product,product
"DUNNAGE DE PLASTICO CORRUGADO 4MM AZUL 10 CAVIDADES, CELDA CON FUNDA DE PLASTILONA ESD CAMBIO DE PRECIO",28,product,product
TAPA BRAZIL,14,product,product
TR12438 TAPA ICP 539 (copia),14,product,product
BOX 643920 STABOMAT ,14,product,product
CUNA 1X - CLUSTER U725 (copia),30,product,product
CHAROLA  PE 237,28,product,product
VELCRO GANCHO TAPA B - DUNNAGE CLUSTER (copia),30,product,product
PE FOAM DRIVER,27,product,product
"939308 SIZE 48""        ",14,product,product
Manga para Consola CX727,30,product,product
8061465 EMP,23,product,product
DUNNAGE 18X (copia),30,product,product
MCV HOUSING,28,product,product
Door map pocket bin MS FR - P2 Interplants,28,product,product
DUNNAGE -Y01992556,28,product,product
PE FOAM CENTRAL,27,product,product
PAD INSERTO 241B EXPORT,20,product,product
ESQUINERO MCV,20,product,product
CELDA A ESCURRIMIENTO NEXTRACKER (copia),30,product,product
19079. 95161. Kit. Caja. (copia),23,product,product
CELDA E 310,20,product,product
Retrabajo en material de empaque (copia),28,product,product
CELDA B INSERTO 241B EXPORT,20,product,product
FORD Low roof - Celdas,14,product,product
DOOR UPPER CELDA B,20,product,product
REJILLA HONDA - CELDA B,20,product,product
CELDA C 310,20,product,product
Charola audi coupe,20,product,product
CELDA F - DUNNAGE CLUSTER (copia),30,product,product
TR12437 CAJA ICP 539 (copia),14,product,product
KIT EMPAQUE NEXTRACKER,23,consu,consu
CELDA A 646,20,product,product
"SEPARADOR 41"" X 44"" PARA PIVOTE Y SEAT BACK DE MTM A PPG",14,product,product
Charola DIAL,28,product,product
780-AY,23,consu,consu
19022. TR13778. Avanzar. Caja Ensamblada. (copia),14,product,product
Perfil 5 mm x 2.44,15,product,product
928069 CHAROLA CHATTANOOGA (copia),14,product,product
776AY PARA RETORNABLE,14,product,product
VELCRO GANCHO TAPA B - DUNNAGE CLUSTER (copia),30,product,product
CELDA A 310,20,product,product
KIT LUMBAR,23,product,product
AS PAD (CON FOAM) (copia),23,consu,consu
REJILLA HONDA - CELDA A ,20,product,product
PE FOAM PASSENGER,27,product,product
PLACA TOPE 2 - ARMREST G42,27,product,product
Grande Bolsa. Evolon 340mm X 745mm 487.203-74 (copia),28,product,product
TAPA - DUNNAGE 18X (copia),30,product,product
"kit de empaque para seat back LH Y RH, INVLUYE TARIMA",23,product,product
FORD Lamp subassembly - Celdas,14,product,product
PLACA TOPE 1 - ARMREST G42,27,product,product
PLACA GUIA 1 - ARMREST G42,27,product,product
PLACA GUIA 2 - ARMREST G42,15,product,product
ESQUINERO NEXTRACKER,14,product,product
MEDIA TAPA 4548 ROPACK,30,product,product
CAJA 241B EXPORT,14,product,product
TAPA PASSENGER COROPLAST,28,product,product
780-AY CAJA CELDA,14,product,product
SMALL BOX 14X9X8,14,product,product
CAJA PARA KIT MCV CARTON (copia),14,product,product
"Charola pieles #15 16"" x 40"" x 8"" (copia)",28,product,product
HERRAMENTAL TRMX,18,service,service
CHAROLA PC 220,28,product,product
20180. MY Austin GB Packaging 276 Kits. MODEL Y. GLOVEBOX. (copia),14,product,product
COROPLAST 5 MM 730 X 900 CELESTE,27,product,product
PLASTILONA BLANCA ANTI DUST 18 PLUS,27,product,product
TIRA XLINK DECO ASSY PASSENGER,27,product,product
HERRAMENTAL ST MA - 2,18,service,service
KIT GLOVE BOX,14,product,product
180203010-A (copia),20,product,product
DUNNAGE P/N MX082720-0040 VALVULA. CELDADO CON 42 CAVIDADES,28,product,product
REJILLA PARA DT-CELDA A,20,product,product
"PLACA HDPE NATURAL 48"" X 120"" - 1/8"" ESPESOR",27,product,product
TOYOTA 780B - WINDOWPLATE,25,consu,consu
TOYOTA 780B – FRAME,25,product,product
TOYOTA 780B – LOWERCASE,25,consu,consu
REJILLA PARA DT-CELDA D,20,product,product
Bloqueo,14,product,product
A- TAPA - DUNNAGE 18X (copia),30,product,product
PART#: Outer case U554 HUD (copia),28,product,product
BOX 143908 - CELDA,20,product,product
KIT SIDE TESAL MODEL Y,23,product,product
TOYOTA 780B - EMC SHIELD,25,consu,consu
TOYOTA 780B - HEAT SINK,25,consu,consu
ETIQUETA WS DRIVER,25,consu,consu
ETIQUETA WS PASSENGER,25,consu,consu
ETIQUETA WS CENTRAL,25,consu,consu
Outer case U554 HUD,28,product,product
TR11559 CAJA CON DIVISOR ITB DMS (copia),14,product,product
ESMALTE FLASH COAT NEGRO,25,consu,consu
"PIJA PUNTA DE BROCA 10 X 3/4""",25,consu,consu
"PUNTAS CAJA MAGNETICA 5/16""",19,consu,consu
CORTILONA ANTIDUST 13 AZUL,27,product,product
ANCHO DE MAQUINA MICROCORRUGADO ECT 32,15,product,product
ANCHO DE MAQUINA 80 AAC TRIPLE,15,product,product
ANCHO DE MAQUINA 23 ECT,15,product,product
TUBO CED 30,15,product,product
SEMIFLECHA 0  5/8,15,product,product
SEMIFLECHA 0  1/2,15,product,product
COROPLAST 5.0 MM 140X244 CELESTE,27,product,product
TARIMA 46.875 x 29.9375,15,product,product
TELA NO TEJIDA 65,15,product,product
TELA NO TEJIDA 58,15,product,product
SERVICIO LUZ,1,service,service
"ROPACK 45"" X 48"" X34""",33,product,product
ANCHO DE MAQUINA 23 ECT,15,product,product
STICKER SOFTEK DUBETINA,17,product,product
OXIGENO,17,consu,consu
GAS CARBONO CO2,17,consu,consu
COROPLAST 4MM NEGRO 910MM X 630MM,27,product,product
COROPLAST 4MM NEGRO 790MM X 690MM,27,product,product
TRAMO PERFIL 5 MM,27,product,product
TORNILLO ALLEN CABEZA PLANA M.M. 10 x 30,1,consu,consu
"BROCA THUNDERBOLT TITANIUM 3/16"" MILWAUKEE Cod.48-89-2209",1,consu,consu
FABRICACION SUAJE,18,consu,consu
REPARACION SUAJE,18,consu,consu
MODIFICACION SUAJE,18,consu,consu
REMACHE 4.8 X 24,25,consu,consu
REMACHE 4.8 X 18,25,product,product
"ARANDELA PLANA DE 9.5MM 3/8"" ZINC",25,consu,consu
B-1257 HOT MELT  AMARILLO,19,consu,consu
CHAROLA G01 NM,15,product,product
FOAMI 4MM 1.50MTS X 1.45MTS,17,product,product
CELDA ELITE SW PALANCA 32X,17,product,product
Esquinero Kraft de 2.75” x 2.75” x 84cm Cal .225,15,product,product
COROPLAST 4MM 122X244 VERDE BOTELLA,27,product,product
TRAPO INDUSTRIAL,25,consu,consu
"CINTA MASKING TAPE 2""",25,consu,consu
ESMALTE 1005 AZUL OBSCURO,17,product,product
BURBUJA CHICA,15,product,product
BURBUJA GRANDE,19,product,product
ETIQUETA VINIL ADHESIVO 2 X 2CMS,25,consu,consu
LINNER SIN PLASTIFICAR 200 GRS EN 52.9 X 32.3 CMS,15,product,product
"FLEXOMETRO C/IMPACTO 3/4"" X 5MTS",19,consu,consu
POLIFOAM DE 1/4 DE 2 X 210MTS C/CORTE A 53.5CMS,15,product,product
TAQUETE P/TABLAROCA THORSMAN TPD 003934,25,consu,consu
TAPA GENERAL NEXTRACKER NM,15,product,product
"TARIMA NEXTRACKER 38"" X 40""",15,product,product
COROPLAST 4MM BLANCO 1.40 X 2.44MTS,27,product,product
EVOLON 100G,27,product,product
"TOTE 12"" x 15"" x 7""",27,product,product
ANCHO DE MAQUINA VERMONT SENCILLO ECT 51,15,product,product
ANCHO DE MAQUINA ECT DK48 VERMONT,15,product,product
ADHESIVO B-1527,25,consu,consu
"REGLA XLPE 6# DE 43.5"" x 4"" x 2""",27,product,product
"BUMPER EPDM NEGRO 2"" X 2"" X 4""",27,product,product
PLACA 10CM X 50CM CAL. 11,27,product,product
"MANGUERA INDUSTRIAL 25MM 1"" TRANSPARENTE",27,product,product
"TORNILLO HEX. STD 3/8 X 3 1/2"" ZINC",25,consu,consu
"TUERCA DE SEGURIDAD NYLON STD 9.5MM 3/8"" ZINC",25,consu,consu
"PTR 1/2"" CAL. 18",27,product,product
CARRUCHA # 8050,27,product,product
"DISCO MAKITA 14"" X 1/8"" X 1""  B-30514",25,consu,consu
"PTR 1.5"" X 1.5"" CAL. 12",27,product,product
"PTR 1"" X 1"" CAL. 16",27,product,product
"PTR 2"" X 2"" CAL. 16",27,product,product
"PTR 1.5"" X 3"" CAL. 18",27,product,product
"TUBO ACERO 1"" CAL.20",27,product,product
"TUBO ACERO 1.5"" CAL.20",27,product,product
"ANGULO 2"" X 2"" X 3/16",27,product,product
"SOLERA 1 1/2"" GROSOR 3/16",27,product,product
"SOLIDO REDONDO 1""",27,product,product
"TUBO ACERO 1.75"" CAL. 18",27,product,product
"TUBO ACERO 2"" CAL. 20",27,product,product
CAJA TOYOTA YFI,15,product,product
"PERNO SOLIDO DE 1"" DIAMETRO X 2"" DE LARGO",27,product,product
"PLACA HDPE NATURAL 48"" X 96"" - 3/16"" ESPESOR",27,product,product
"PLACA HDPE NATURAL 48"" X 96"" - 3/8"" ESPESOR",27,product,product
"PLACA HDPE NATURAL 48"" X 120"" - 3/16"" ESPESOR",27,product,product
"TORNILLO HEXAGONAL STANDAR 5/16"" X 1 3/4""",25,consu,consu
"TUERCA HEXAGONAL STD 7.9MM 5/16""",25,consu,consu
"MANGUERA INDUSTRIAL 38MM 1 1/2"" TRANSPARENTE",27,product,product
PIMEX PRIMARIO AIP-72 GRIS CLARO,25,consu,consu
"TOTE 22""X24""X 9"" FONDO REFORZADO",27,product,product
"TAPA PLASTICA DE 22""X24""",27,product,product
ANCHO DE MAQUINA VERMONT SENCILLO 40,15,product,product
"RODAJA 6"" X 3"" GIRATORIA",27,product,product
"RODAJA 6"" X 3"" FIJA",27,product,product
"FRENO DE PISO 6"" X 2""",27,product,product
"RODAJA 8"" X 3"" GIRATORIA",27,product,product
"FRENO DE PISO 8"" X 2""",27,product,product
"RODAJA 5"" X 2"" FIJA",27,product,product
TARIMA NEXTRACKER IMPROVED,15,product,product
"TORNILLO HEXAGONAL STANDAR 5/16"" X 2""",25,consu,consu
ESMALTE FLASH COAT GALON,25,consu,consu
"PLACA HDPE NATURAL 48"" X 96"" - 1/16"" ESPESOR",27,product,product
ANCHO DE MAQUINA VERMONT 36 ECT,15,product,product
COROPLAST 6MM  1.22 X 2.44MTS BLANCO,27,product,product
TAQUETE P/TABLAROCA THORSMAN TPD 003934,25,consu,consu
"CINCHO PLASTICO 14"" BLANCO",25,consu,consu
"BROCA THUNDERBOLT TITANIUM 5/16"" MILWAUKEE * 48-89-2217",25,consu,consu
"BROCA THUNDERBOLT TITANIUM 1/4"" MILWAUKEE 48-89-2213",25,consu,consu
KRAFT LINER PLASTIFICADO 890MM X 1000MM S. 360GRS,15,product,product
"RODAJA GIRATORIA 8 X 2"" TWERGO (DOBLE RUEDA)",27,product,product
"RODAJA FIJA 8 X 2"" TWERGO (DOBLE RUEDA)",27,product,product
"TUBO ACERO 1"" CAL.16",27,product,product
SOPORTE FRONT XLPE 6#,27,product,product
SOPORTE REAR XLPE 6#,27,product,product
BLOQUEO XLPE 6#,27,product,product
"ANGULO 1.5"" CALIBRE 12 (0.109"")",27,product,product
LAMINA CALIBRE 14,27,product,product
WOM FRONT & REAR,15,product,product
CADENA TIPO VICTOR CARR. 2.0MM,27,product,product
"MANGUERA INDUSTRIAL 32MM 1 1/4"" TRANSPARENTE",27,product,product
ANCHO DE MAQUINA 32 ECT VERMONT,15,product,product
ANCHO DE MAQUINA 23 ECT,15,product,product
ANCHO DE MAQUINA 26 ECT,15,product,product
ANCHO DE MAQUINA 26 ECT,15,product,product
ANCHO DE MAQUINA 29 ECT,15,product,product
ANCHO DE MAQUINA 29 ECT,15,product,product
ANCHO DE MAQUINA 40 ECT,15,product,product
ANCHO DE MAQUINA 44 ECT,15,product,product
ANCHO DE MAQUINA 30 ECT,15,product,product
ANCHO DE MAQUINA 30 ECT,15,product,product
ANCHO DE MAQUINA 42 ECT,15,product,product
ANCHO DE MAQUINA 48 ECT,15,product,product
ANCHO DE MAQUINA 51 ECT,15,product,product
ANCHO DE MAQUINA 51 ECT,15,product,product
"ROPACK 45"" X 48"" X 42""",27,product,product
CHAROLA AUDIQ5 NM,15,product,product
"ANGULO 1/8"" X 1""",27,product,product
"REGATONES PLANO P/TUBO DE 1"" CAL. 18",27,product,product
PLACA 55MM X 55MM CAL. 18,27,product,product
CHAROLA AUDIQ5 NM,15,product,product
DISCO DE LIJA A080 G-80 127MM VELCRO FANDELI 07703,25,consu,consu
COROPLAST 2 MM 1.185 X 1.160 AZUL REY,15,product,product
1 ROLLO DE 77CM TELA NO TEJIDA,15,product,product
APPLIQUE ALTERNO VUTEQ,15,product,product
1 ROLLO DE 70CM TELA NO TEJIDA,15,product,product
1 ROLLO DE 51CM TELA NO TEJIDA,15,product,product
TIJERA MODISTA/CI 890,25,consu,consu
XLPE 4# DE 1120 x 84 x 76.20MM,27,product,product
CEPILLO BOLA P/WC C/TAZON,19,consu,consu
"FAJA DE 3 PASOS, 10"" PULGADAS",15,product,product
VELCRO AUTOADHERIBLE 20MM,27,product,product
PAQ DE FILTROS CAFETERA GRANDE,18,consu,consu
"ENCENDEDOR PARA COCINA, 27 CM, PRETUL 1 (TR25130)",25,consu,consu
"LATA DE GAS BUTANO PARA ENCENDEDOR, 125 (TR25131)",25,consu,consu
ETIQUETA VINIL ADHESIVO 3 X 2CMS / # CONSECUTIVO,25,consu,consu
ETIQUETA CX430 WINDOW PLATE S2.5,25,consu,consu
ETIQUETA PRISM IC 500B,25,consu,consu
ETIQUETA GLASS FRONT 500B,25,consu,consu
ETIQUETA 500B CCP,25,consu,consu
Esquinero Kraft de 3” x 3” x 84 cm Cal .300,15,product,product
"VELCRO 2"" GANCHO AUTOADHERIBLE",27,product,product
"VELCRO 2"" FELPA AUTOADHERIBLE",27,product,product
"CINTA DOBLE CARA 1"" X 50MTS",25,consu,consu
ETIQUETA WL CCP REAR,25,consu,consu
ETIQUETA WL CCP FRONT,25,consu,consu
ETIQUETA WINDOW PLATE CX430,25,consu,consu
REJILLA PARA MINGITORIO,19,consu,consu
REMACHE 4 .8 X 15,25,consu,consu
ETIQUETA 500B IC WINDOW PLATE,25,consu,consu
"TOTE 24"" X 22"" X 14"" FONDO REFORZADO",27,product,product
"TOTE 12"" X 15"" X 5"" FONDO REFORZADO",25,product,product
"TOTE 24"" X 15"" X 14"" FONDO REFORZADO",27,product,product
"TOTE 22"" X 24"" X 7"" FONDO REFORZADO",27,product,product
"CINCHO PLASTICO 12"" C/50PZ FULGORE",25,consu,consu
"TUBO 3/4"" CED. 30",27,product,product
COROPLAST 6MM 1.40 X 2.44MTS BLANCO,27,product,product
"ETIQUETA KENNEDY 6 1/2"" X 4 1/2"" BLANCA",25,consu,consu
XLPE 4# BOLSTER PASSENGER RIEL A,27,product,product
XLPE 4# BOLSTER PASSENGER RIEL B,27,product,product
XLPE 4# DECO ASSY DRIVER RIEL A,27,product,product
XLPE 4# DECO ASSY DRIVER RIEL B,27,product,product
XLPE 4# DECO ASSY PASSENGER RIEL A,27,product,product
XLPE 4# DECO ASSY PASSENGER RIEL B,27,product,product
XLPE 4# SHIFTER BEZEL,27,product,product
REMACHE NO. 41,25,consu,consu
DIVIDER SBW-P702,15,product,product
DIVIDER ICP-P702,15,product,product
DT A PILLAR,32,product,product
DT B PILLAR,32,product,product
COROPLAST 5.0 MM 1.22 X 2.44MTS CELESTE,27,product,product
ETIQUETA PANEL LOWER LHD,25,consu,consu
ETIQUETA IP UPPER LHD,25,consu,consu
ACEITE P/MAQUINA DE COSER,19,consu,consu
XLPE 4# DECO SOPORTE,27,product,product
XLPE 4# DECO ALTO ASSY PASSENGER RIEL A,27,product,product
XLPE 4# DECO ALTO ASSY PASSENGER RIEL B,27,product,product
ADHESIVO CKW-205  (RESISTOL),19,consu,consu
"SOBRE VINIL C/ADHESIVO 8 1/2  X 11""",25,consu,consu
"SOBRE PAPEL 5.5"" X 10"" S/IMPRESION",25,product,product
HILO ELASTICO 5MM BLANCO,19,consu,consu
Backframe 60% - pad retournable,30,product,product
ESQUINERO KRAFT CC91 & P8,15,product,product
XLPE 4# BEZEL ENDCAP,27,product,product
XLPE 4# BASE IGNITION,27,product,product
"CINTA DOBLE CARA 2"" X 50MTS",19,consu,consu
AGUJA RED 135x17 R 120/19,25,consu,consu
AGUJA RED 135x17 R 110/18,25,consu,consu
ELASTICO PLANO 2MM NEGRO,27,product,product
HILO POLIESTER GRIS #285,27,product,product
FLYER CUBREBOCAS,27,product,product
BOLSA PARA CUBREBOCAS,27,product,product
MASCARILLA N96,28,product,product
"PTR 1"" X 1"" CAL. 18",27,product,product
EVOLON BLUE 100GR,27,product,product
REFACCIONES COSTURA,25,consu,consu
FIBRA ESPONJA SCOTCH BRITE USO RUDO,19,consu,consu
FRASCO SAL 1 KG,19,consu,consu
TUBO ACERO 3/4 CAL. 18,27,product,product
LINER KRAFT 205GR 900MM X 1250MM,15,product,product
CAPLE SULFATADO 12PTS,31,product,product
CAJA TMC 070,15,product,product
CAJA TMC 150,15,product,product
CAJA IMC 070,15,product,product
SOPORTE CONSOLA XLPE 6# LH,27,product,product
SOPORTE CONSOLA XLPE 6# RH,27,product,product
LAMINA ALTERNA PARA PRINTEL SIX 1 Y 2,15,product,product
PLACA HDPE NATURAL CALIBRE 40,27,product,product
GEL ANTIBACTERIAL GALON,19,consu,consu
BOLSA HD 24 X 24 C/ 1000 PZAS,19,consu,consu
FRANELA MT,19,consu,consu
LUSTROL P/ PISOS 4 LTS,19,consu,consu
CAJA IP UPPER,15,product,product
CESTO NEGRO CHICO PARA BASURA CAP 15 LTS,19,consu,consu
INSERTO IP UPPER,15,product,product
"ANGULO 1 1/2"" X 1 1/2"" CAL.  14",27,product,product
"ROPACK 45"" X 48"" X 25""",33,product,product
ACRILICO CRISTAL 2MM,27,product,product
CAJA 745/729,15,product,product
"ESQUINERO 2"" X 2"" X 95CMS CAL. 220",15,product,product
"ESQUINERO 3"" X 3"" X 109CMS CAL. 180",15,product,product
ESQUINERO 745 (1),15,product,product
"AIAG LABEL 6IN X 8 IN""",27,product,product
AAM_SUJETADOR DE REFUERZO,27,product,product
Portacuchillas,27,product,product
AA_OMEGASOPORTE,27,product,product
AAM_PORTAPALANCA EXTENDIDO,27,product,product
AAM_PORTAPALANCA,27,product,product
ESQUINERO 745 (2),15,product,product
CELDA A 747,15,product,product
CELDA B 747,15,product,product
CAJA 747,15,product,product
"ESQUINERO 2"" X 2"" X 200CMS CAL. 200",31,product,product
DETERGENTE EN POLVO ARCOIRIS DE 1 KG,19,consu,consu
CAJA 746,15,product,product
CELDA A 746,15,product,product
CELDA B 746,15,product,product
LIJA DE AGUA A-99 400,19,consu,consu
TAPA 746/747,15,product,product
ETIQUETA WAREHOUSE 3-9,25,consu,consu
LINER 180022270 (L42 P),32,product,product
LINNER 184003040 (DS),32,product,product
HILO POLIESTER CORE TEX 70,27,product,product
PLASTILONA BICOLOR TOP COAT 19,27,product,product
PVC SOFTEK DUBETINA 1C,27,product,product
CAJA DS,15,product,product
CAJA CX482,15,product,product
ANCHO DE MAQUINA MICROCORRUGADO ECT 32,15,product,product
REAR DOOR PANEL ARMREST,15,product,product
FRONT DOOR PANEL ARMREST,15,product,product
CAPLE 180300810,32,product,product
LINER SIN PLASTIFICAR 200 529MM X 323MM,15,product,product
REFACCIONES FLEXO,19,consu,consu
FOAMI 8MM 1.55MTS X 2.55MTS NEGRO,27,product,product
LINNER 180022300,32,product,product
"ETIQUETA ESTIRENO 3"" X 6.5"" CAL.20",27,product,product
AGUJA RED GROZ BECKERT DB X 1 NM 90/14,27,product,product
AGUJA RED GROZ BECKERT DB X 1 NM 120/19,25,consu,consu
CHAROLA G01/ GM177,15,product,product
AGUJA RED GROZ BECKERT DB X 1 NM 140/22,25,consu,consu
ANCHO DE MAQUINA MICROCORRUGADO ECT 23,15,product,product
PLACA HDPE NATURAL - 1.524MM ESPESOR,27,product,product
CELDA CX482,15,product,product
RECOGEDOR PLASTICO,19,consu,consu
"ANGULO 1 1/2 X 3/16""",27,product,product
"TUBO ACERO 1/2"" CED. 30",27,product,product
"SOLERA 1 1/2"" GROSOR 1/4""",27,product,product
CAPLE PARA MUESTRAS,15,product,product
MICROCORRUGADO PLASTIFICADO ECT 32,15,product,product
LINNER 180022270 (L42 P),32,product,product
TURNTABLE T75-75RT-SL,27,product,product
"PLACA XLPE CROSSLINK 6LB 2""",27,product,product
U725DP - REAR,15,product,product
U725DP - FRONT,15,product,product
LINER 180100800 - BMW SPARTAMBURG,32,product,product
"TARIMA 48"" X 40"" NUEVA",15,product,product
TORNILLO G-5 STD 1/2 X 2 1/2,25,consu,consu
TORNILLO G-5 STD 1/2 X 1,25,consu,consu
PERNO SOLIDO RECTIFICADO 3/8 x 2,25,consu,consu
TORNILLO G-5 STD 3/8 X 1 1/4,25,consu,consu
"ARANDELA PLANA DE  1"" ZINC",25,consu,consu
"ARANDELA PLANA DE 12.70MM 1/2"" ZINC",25,consu,consu
PISTOLA DE PINTURA DE ALTA PRODUCCION,25,consu,consu
"SOLIDO REDONDO 1/2""",27,product,product
U725 FC,15,product,product
RECUBRIMIENTO DE VINIL,27,product,product
ANCHO DE MAQUINA 61 ECT,15,product,product
LINNER 184003040 (DS) (copia),32,product,product
ESQUINERO 91CM - STAB. 3,32,product,product
ESQUINERO 102CM - STAB. 3,32,product,product
ESQUINERO 134CM - STAB. 3,32,product,product
"PLACA ACERO 3/16"" X 4' X 10'",27,product,product
"ANGULO 2"" X 3/8""",27,product,product
TARIMA PLYWOOD 4548,15,product,product
LINER KRAFT 400GR 900MM X 1250MM,15,product,product
BOLSA ANTIESTÁTICA ROSA CAL. 200,32,product,product
BOLSA TRANSPARENTE CON FUELLE CAL. 200,32,product,product
BOLSA TRANSPARENTE CAL. 200,32,product,product
ANCHO DE MAQUINA MICROCORRUGADO ECT 29,15,product,product
COROPLAST 2 MM 1.185 X 1.160 BLANCO,15,product,product
ANCHO DE MAQUINA MICROCORRUGADO ECT 32,15,product,product
"PIEDRA METAL GRIS 6 X 1 X 1""",25,consu,consu
TELA MOSQUITERA GALVANIZADA MZ-105,25,consu,consu
POLIFOAM DE 1/4 DE 2 X 55MTS C/CORTE A 60CMS,15,product,product
CINTA TRANSPARENTE 48MM,19,consu,consu
CINTA CANELA 48MM,19,consu,consu
CAJA U725,15,product,product
CELDA A U725,15,product,product
CELDA B U725,15,product,product
ESQUINERO 746 & 747,15,product,product
CAJA 746 & 747,15,product,product
"VELCRO 1"" FELPA AUTOADHERIBLE",27,product,product
"VELCRO 1"" GANCHO AUTOADHERIBLE",27,product,product
SOPORTE CX482,15,product,product
TIRA DE ESPUMA POLIURETANO CON ADHESIVO,32,product,product
PLACA POLIPROPILENO EXPANDIDO 4.2LB,33,product,product
"RODAJA FIJA 4"" X 2"" FENOLICA",27,product,product
U725 FG,15,product,product
U725 FG,15,product,product
U725 FC,15,product,product
"STACKCAPS 1 1/2""",27,product,product
"VELCRO 1"" FELPA AUTOADHERIBLE",33,product,product
"FRENO DE PISO 5"" X 2""",27,product,product
CHAROLA H STICK,15,product,product
CELDA H STICK,15,product,product
TAPA H STICK,15,product,product
POLIFOAM DE 1/4 DE 2 X 55MTS,15,product,product
POLIFOAM DE 1/4 DE 2 X 55MTS C/CORTE A 35CMS,15,product,product
LINNER 180204670,32,product,product
LINNER 180204730,32,product,product
LINNER 180204670 CELDA B,32,product,product
CAPLE 180204690 - CELDA A,15,product,product
CAPLE 180204690 - CELDA B,15,product,product
CAPLE 180204720 - DIVISOR,15,product,product
"ESQUINERO 45"" ALTERNO",32,product,product
CAPLE 180204720 - DIVISOR,32,product,product
AEROCOMEX PINTURA EN AEROSOL,25,consu,consu
PLACA PORTAETIQUETA - Rack universal,27,product,product
PLACA RODAPIE CHICA - G42,27,product,product
EMPLAYE,19,consu,consu
PLACA RODAPIE GRANDE - Rack universal,27,product,product
PLACA PARA TIRON - Rack universal,27,product,product
PLACA PARA GUIA DE ANIDACION - Rack universal,27,product,product
"BROCA P/FIERRO 7/32""",25,consu,consu
"BROCA P/FIERRO 1/4""",25,consu,consu
"BROCA P/FIERRO 9/32""",25,consu,consu
"BROCA P/FIERRO 5/16""",25,consu,consu
"BROCA P/FIERRO 3/8""",25,consu,consu
"BROCA P/FIERRO 1/2""",25,consu,consu
CAPLE 180100660,32,product,product
"SOLIDO REDONDO 5/8""",27,product,product
"SOLERA 1 1/4"" GROSOR 1/8""",27,product,product
"BROCA P/FIERRO 13/32""",25,consu,consu
SOLVENTE DIELECTRICO,25,consu,consu
ANCHO DE MAQUINA 55 ECT SENCILLO,15,product,product
TELA NO TEJIDA ADHESIVA 70GRS,27,product,product
CELDILLA C 520 SUSTITUTO,15,product,product
"REGATONES CUADRADO DE 1"" CAL. 18",27,product,product
"REGATONES CUADRADO DE 3/4"" CAL. 18",27,product,product
TORNILLO G-5 STD 3/8 X 2 1/2,25,consu,consu
TORNILLO HEXAGONAL G-5 STD 3/8 X 3,25,consu,consu
BASE REAR XLPE 4# G42,27,product,product
ESMALTE FLASH COAT AZUL INTENSO,25,consu,consu
AEROCOMEX PINTURA EN AEROSOL,25,product,product
"SOLERA DE 1 1/4"" X 1/4""",27,product,product
"PTR 3/4"" X 3/4"" CAL. 14",27,product,product
SELLO DE SEGURIDAD,19,consu,consu
FOAMI BLANCO 2.5 MM CON ADHESIVO,27,product,product
"LLAVE ALLEN T  5/16""X6""",19,consu,consu
TARIMA ARRAY,15,product,product
ETIQUETA GLASS FRONT 780B IC,25,consu,consu
ATOMIZADOR REFORZADO C/ FRASCO,19,consu,consu
ESQUINERO ARRAY,15,product,product
CAJA 4200/0190,15,product,product
CAJA 3720,15,product,product
WS IP KIN BEZEL,15,product,product
WS IP BEZEL OC,15,product,product
Y0104436 WS FC,15,product,product
BOLSA END PANEL,32,product,product
CELDA A & B ICP539,15,product,product
PISO ICP539,15,product,product
LINER KRAFT 400GR 900MM X 1250MM,15,product,product
HILO POLIESTER CORE TEX 70 BLANCO,27,product,product
PLASTIFICADO DE CARTON,15,product,product
TELA NO TEJIDA 35GRS,15,product,product
"TOTE 24"" X 22"" X 14"" FONDO LISO",33,product,product
TAPA H STICK,15,product,product
XLPE 2# SUDAFRICA BMW G01,27,product,product
ESMALTE FLASH COAT ROSA MEXICANO,25,consu,consu
ETIQUETA SWITCH CTR BASE,25,consu,consu
ETIQUETA PULL HANDLE,25,consu,consu
ANCHO DE MAQUINA 42 ECT,15,product,product
VA_CHN_ITB CELL,15,product,product
VA_CHN_ITB CELL,15,product,product
ACRILICO NARANJA 1/8,27,product,product
ANCHO DE MAQUINA 48 ECT,15,product,product
"TARIMA PLYWOOD 58 1/4"" X 45"" X 5""",15,product,product
"ESQUINERO TRIPLAY 23 3/4""",15,product,product
ICP CD539,15,product,product
SOFTEK HEADLINER DUBETINA,27,product,product
SEPARADOR 785,14,product,product
TARIMA TMCPLT001,32,product,product
ANCHO DE MAQUINA 44 ECT,15,product,product
"TOTE 22"" X 24"" X 9"" FONDO LISO",33,product,product
U725 DMS,15,product,product
AEROCOMEX PINTURA EN AEROSOL,25,consu,consu
AEROCOMEX PINTURA EN AEROSOL,25,consu,consu
ESMALTE FLASH COAT CELESTE,25,consu,consu
ESMALTE FLASH COAT MORADO,25,consu,consu
ESMALTE FLASH COAT VERDE,25,consu,consu
ESMALTE FLASH COAT NARANJA,25,consu,consu
MR. MUSCULO WINDEX 650 ML,19,consu,consu
ANCHO DE MAQUINA 23 ECT FLAUTA B,15,product,product
ANCHO DE MAQUINA 51 ECT,15,product,product
ANCHO DE MAQUINA 44 ECT,15,product,product
ANCHO DE MAQUINA 32ECT,15,product,product
COROPLAST 3MM 122 X 244 NEGRO,27,product,product
"TOTE 24"" X 22"" X 11"" LISO",33,product,product
ANCHO DE MAQUINA 80 AAC TRIPLE,15,product,product
"ESQUINERO 2.75"" x 2.75"" x 33"" CAL.225",32,product,product
XLINK DUNNAGE 40X,27,product,product
FORM RETORNABLE CFE,14,product,product
TAPA 45X48X3,14,product,product
U725 FC - Celda A,20,product,product
U725 FC - Celda B,20,product,product
ESQUINEROS JC49,14,product,product
"HSC 24"" x 15"" x 13"" CK 32 ECT",1,product,product
SUAJE PARA TAPA 5,18,service,service
Gas LP,18,service,service
esquinero ne,1,consu,consu
FINIQUITOS Y VACACIONES,18,service,service
TOPE P/PUERTA PISO,18,service,service
SUAJE PARA CAJA 5,18,service,service
SOPORTE TECNICO SISTEMAS,18,service,service
SELLO CON LETRAS GRABADAS CON LA LEYENDA,18,service,service
SALDO INICIAL,18,service,service
Reparaciones Generales de Ropacks 4845-3,18,service,service
REPARACIÓN GENERAL ROPACK YF,18,service,service
REPARACION DE ROPAKS,18,service,service
REPARACION CONTENEDORES,18,service,service
RENTA MENSUAL DE BODEGA,18,service,service
REHABILITACION DE CONTENEDOR ROPAK,18,service,service
HERRAMENTAL PARA TAPA NEXTRACKER,18,service,service
MEDICINA CON IVA,18,service,service
MEDICAMENTO SIN IVA,18,service,service
MAGNA LT,18,service,service
HERRAMENTAL CHAROLA NEXTRACKER,18,service,service
HERRAMENTAL PARA REJILLA NEXTRACKER,18,service,service
ANALISIS ECT RESISTENCIA A COMPRENSION,18,service,service
71254 BASE,20,product,product
71254 TACON,20,product,product
EMPAQUE ALTERNO DE INSERTO DE FORD,14,product,product
TARIMA 48 x 48 CUBO,14,product,product
TAPA RT/ P1LL IAC RAMOS,14,product,product
G906510 EXPENDABLE-TAPA 46493,14,product,product
CHAROLA RENAULT,20,product,product
EMPAQUE ALTERNO BMW,14,product,product
DIVISOR CARTON 18X44,14,product,product
CHAROLA ARMADA RENAULT,14,product,product
CELDA LAMINADA CAMRY GDE,14,product,product
CELDA LAMINADA CAMRY CH,14,product,product
CAJA28X35X34,14,product,product
CAJA24X35X32,14,product,product
CAJA 745 VARROC,14,product,product
CHAROLA PLASTICA PARA PINTURA,14,product,product
TARIMA DE CARTON DE 110 X 130,14,product,product
TAPA HSC 45X48X34,14,product,product
CELDA 745 VARROC,14,product,product
TAPA DE CAJA EFC,14,product,product
TARIMA DE MADERA 48X30 in TOY,14,product,product
ESQUINERO PARA JC 49,14,product,product
TAPA PARA CAJA HSC,14,product,product
GRAPA RENAULT,20,product,product
POLIBURBUJA GRANDE RENAULT,20,product,product
POLIBURBUJA CHICA RENAULT,20,product,product
CHAROLA WOM INERS REAR,14,product,product
CHAROLA WOM INERS FRONT,14,product,product
71254 TAPA,20,product,product
FORM RETORNABLE TELMEX,14,product,product
CELDA B PARA 745,14,product,product
CELDA B 738,20,product,product
CELDA A 738,20,product,product
CELDA A PARA 745,14,product,product
CAJA RSC C PARA BANCO 440 BEZEL,14,product,product
CAJA RSC BC 385X305X 180 MM,14,product,product
CAJA RSC 511X609X787MM D539X,14,product,product
CAJA HSC 48X45X26C,14,product,product
G906510 EXPENDABLE-CONTENEDOR 4845-34,14,product,product
CAJA HSC 45X48X34,14,product,product
CAJA HSC45 48 29 CAJA U502,14,product,product
CAJA 510X420X270MM g07,14,product,product
G906510 EXPENDABLE-CONTENEDOR HSC 454850,14,product,product
CAJA 4815-7,14,product,product
Caja de cartón doble pared/Box HSM,14,product,product
MUESTRA DE EMPAQUE,18,service,service
CAR818053-CA,20,product,product
Alma de coroplast,30,product,product
CAR818062,14,product,product
CELDA 3X3 DJ SERVICIO,14,product,product
G42 - Y0064245,28,product,product
2238139-CELDA B,20,product,product
Charola plastica window plate 780B & U554,30,product,product
G906510 EXPENDABLE - CONTENEDOR 4845-42,14,product,product
Handle T1XX- Caja chica,14,product,product
Handle T1XX- Caja grande,14,product,product
Tapa para resortes,20,product,product
U725 DP - Celda A FRT,20,product,product
U725 DP - Celda A RR,20,product,product
U725 DP - Celda B FRT,20,product,product
U725 DP - Celda B RR,20,product,product
Rack Universal base  - YF QRO,30,product,product
Rack Map pocket - YF G42,28,product,product
Rack MC front - YF,28,product,product
TARIMA DE CARTON/PKG SKID (9 CORE) HUSSM,14,product,product
TARIMA DE CARTON/ CORRUGATED SKID 48.5,14,product,product
TARIMA DE CARTON 42*48,14,product,product
TAPA 734949,14,product,product
SEPARADOR IP TRANSFER,14,product,product
SEPARADOR HOUSING DS09,14,product,product
SENSOR DJ SERVICE PARTS,14,product,product
"REFURBISH, PAINT, CLEANLINESS",18,service,service
RACK BUILT D&T MODIFIED,19,consu,consu
RETAINER CONSOLA,14,product,product
REPARACIÓN DE ROPACKS FORD,18,service,service
INSERTO ZIG ZAG,14,product,product
RACKS BUILT HT AND FORM,14,product,product
RACKS BUILT HT AND FORM,18,service,service
RACK BUILT BY HT MODEL 1 TO,14,product,product
RA11105AA01,14,product,product
PTN.DS 46X42X40 24 CELL,14,product,product
PKG SKID HUSSMANN F6 ASSY 42 X 24 TARIMA,14,product,product
KIT CONSOLE 12X,14,product,product
DESMONTADO DE DUNNAGE ACTUAL Y MONTADO,14,product,product
DJ AIRBOX SERVICIO,14,product,product
DUNNAGES SASM 30X,28,product,product
G906510 EXPENDABLE -REJILLA CAMRY OHC,14,product,product
G906510 EXPENDABLE -REJILLA 989 Y 964 FG,14,product,product
Estructura Metálica con 16 inchos,28,product,product
EN-114 Crow Victoria / Varroc,14,product,product
Divisor de cartón/Pkg Skid Hussman F6,14,product,product
Divisor de cartón sencillo/Divider HSM,14,product,product
DUNNAGE LONA COATING CLSE A 70,28,product,product
DJ BRACKET SERVICIO,14,product,product
CAR818054,14,product,product
DIVISOR DE CARTON SENCILLO/PAD HSM 29 1/,14,product,product
DIVISOR DE CARTON SENCILLO/DIVIDER HSM 4,14,product,product
DIVISOR DE CARTON SENCILLO/DIVIDER HSM 2,14,product,product
CONTENEDOR REAR WHEEL LIP,14,product,product
CONTENEDOR FRONT WHEEL LIP,14,product,product
CHAROLA BIN K2XL,14,product,product
CHAROLA 745,20,product,product
CAR818228-ESQ,14,product,product
CELDA 10X,14,product,product
CAR818059-CE-A,20,product,product
CARTON: BP#=48CP592: SHT=1: DETAIL=1: DA,14,product,product
CAR818228-TA,14,product,product
CAR818228-HSC,14,product,product
CAR818228-DIV,14,product,product
CAR818228 DJ INTERMEDIATE SERVICIO,23,product,product
CAR818228,23,consu,consu
CAR818071,23,consu,consu
CAR818063-CA,20,product,product
CAR818063,14,product,product
CAR818063,14,product,product
CAR818062-CA,20,product,product
CAR818061-CA,20,product,product
CAR818061,14,product,product
CAR818059-CE-D,20,product,product
CAR818059-CE-C,20,product,product
CAR818059-CE-B,20,product,product
CAR818057-CE-D,20,product,product
CAR818057-CE-C,20,product,product
CAR818057-CE-B,20,product,product
CAR818057-CE-A,20,product,product
CAR818057-CA-Q2,20,product,product
CAR818057-CA-Q1,20,product,product
CAR818055-E,14,product,product
CAR818055-CA-Q2,20,product,product
CAR818055-CA-Q1,20,product,product
CAR818055,23,consu,consu
CAR818054-CA,20,product,product
CAR818053 SMALL PARTS (SERVICE PARTS),14,product,product
CAR818052-CE-B,20,product,product
CAR818052-CE-A,20,product,product
CAR818051-CE-B,20,product,product
CAR818051-CE-A,20,product,product
CAR818051 BSM FRONT SERVICIO,14,product,product
CAJA PARA MOLDE 854666 RSC450X1030X228,14,product,product
CAJA LH/RH BIN 40X,14,product,product
CAJA HSC P/ HOUSING DS09 LH/RH,14,product,product
"CAJA DE CARTON, DOBLE PARED/ BOX HSM 44",14,product,product
CAJA 734949,14,product,product
CAR818232 PANEL LOAD FLOOR C1TL,18,consu,consu
CAR818231 DJ AIRBOX SERVICIO,23,consu,consu
CAR818230 DJ INLET SERVICIO,14,product,product
CAR818229 DJ BRACKET SERVICIO,18,consu,consu
CAR818071 CONSOLA INDIVIDUAL SERVICIO,18,consu,consu
CAR818064 DJ SERVICIO,18,consu,consu
CAR818063 SHIFTER TRIMPLATE SERVICIO,18,consu,consu
CAR818062 HARD TRIM SERVICIO,18,service,service
CAR818061 SIDE BIN SERVICIO,18,consu,consu
CAR818059 WOM REAR SERVICIO,23,consu,consu
CAR818058 EXTENSION PANEL SERVICIO,14,product,product
CAR818057 WOM FRONT SERVICIO,23,consu,consu
CAR818056 REAR END CAP SERVICIO,14,product,product
CAR818052 BSM REAR SERVICIO,23,consu,consu
BSM OUTER REAR,23,consu,consu
BOXX.22X19X9.5 RSC,14,product,product
71521,14,product,product
3886330 PTN.45X34 14CELL,14,product,product
CAR818071,14,product,product
CAR818055-CA,14,product,product
CAR818052-SE,14,product,product
CAR818051-TA,14,product,product
CAR818051-SE,14,product,product
CAR818055-TA,14,product,product
CAR818051-CE,14,product,product
CAR818051-CA,14,product,product
440-CELDA B,20,product,product
CAR818052-TA,14,product,product
CAR818052-CA,14,product,product
253378 CAJA GRANDE,14,product,product
CAR818061,14,product,product
CAR818059,23,product,product
CAR818054,14,product,product
CAR818059,14,product,product
CAR818052-CE,14,product,product
CAJA RENAULT,14,product,product
"KIT DE BURBUJA (1 BOX RSC, 2 CHAROLAS)",23,product,product
253139 CAJA MEDIANA INTER,14,product,product
TAPA 824,14,product,product
KIT ST92,23,product,product
BOX 357790,23,product,product
RAFIA C 8,19,consu,consu
BOX 358268,23,product,product
3486354-CELDA A,20,product,product
Tapa 2415 parte A,30,product,product
Tapa 2415 parte b,30,product,product
Esquinero plástico izquierdo,27,product,product
Esquinero plástico derecho,27,product,product
Handhole hembra,27,product,product
Handhole macho,27,product,product
Tapa 2422 parte A,30,product,product
Tapa 2422 parte b,30,product,product
Backframe 60% Kit retornable,28,product,product
WS IP BEZEL OC LOWER HSC,20,product,product
Puerta lado A - RU,30,product,product
Puerta lado B - RU,30,product,product
PARED ARMADA 745,20,product,product
SEPARADOR DE CARTÓN PARA CARGO BOX (DIVIDER) 1028x1458mm,14,product,product
COROPLAST 2MM 1.22X2.44 BLANCO,15,product,product
BOX 3897VR,14,product,product
BOX 124047 MOPAR ,14,product,product
2238139-CELDA A,20,product,product
COROPLAST NEGRO 4 MM 140X244,15,product,product
SEPARADOR 7373,15,product,product
"INDUSTRIAL 16"" CAJA COMPLETA",15,product,product
CELDA A (INSERTO)  NEXTRACKER,15,product,product
COROPLAST BLANCO 3 MM 122X244,15,product,product
SUJETADOR GRANDE,15,product,product
SUJETADOR CHICO,15,product,product
ETIQUETA ESTIRENO 100MM X 100MM CAL.20,15,product,product
ETIQUETA ESTIRENO 171MM X 114MM CAL.20,15,product,product
SOLIDO ESTIBA,15,product,product
NYLON ( CINTA DE POLIPROPILENO) 25 MM,15,product,product
ARGOLLA SIN SOLDAR #4  25 MM 003204,15,product,product
"SOLERA 3/16"" X 1  1/2""",15,product,product
"SOLERA 1/8"" X 2 1/2""",15,product,product
"TUBO 1"" CED 40",15,product,product
"TUBO 5/8""  CED 40",15,product,product
"TUBO  3/4""  CED 40",15,product,product
"SOLIDO 1 1/4""",15,product,product
17X18  DUVETINA 2 CARAS,15,product,product
"PTR 2 1/2"" X 2 1/2"" CAL 11",15,product,product
"PTR 3"" X 3"" CAL 11",15,product,product
"PTR 1  1/4""  X 1   1/4"" CAL. 14",15,product,product
"PTR 1"" X 1"" CAL. 14",15,product,product
VELCRO 1 GANCHO,15,product,product
VELCRO 2 FELPA,15,product,product
VELCRO 2 GANCHO,15,product,product
TYVECK- LONA,15,product,product
TUBO 3/4 CAL. 14,15,product,product
SOLERA 1/2X1/8,15,product,product
SOLERA 3/8X 1 1/2,15,product,product
"SOLERA 3/16 1""",15,product,product
SOLERA3/16,15,product,product
"SOLERA 1/8"" X 11/2""",15,product,product
Separador negro,15,product,product
"SEMIFLECHA 1/2""",15,product,product
ROD-JIR-2*7/8,15,product,product
RODAJA GIR 4X2,15,product,product
ROD FIJ 4*2,15,product,product
"PTR 2"" X 3"" CAL. 14",15,product,product
PLACA GRAL.,15,product,product
PIN ESTIBADOR,15,product,product
MALLA GRAL,15,product,product
TARIMA 745,15,product,product
LONA TRANSFLEX,15,product,product
LAMINA,15,product,product
HSS 8X3,15,product,product
ESTIRENO 60,15,product,product
"CUADRADO 3/4"" X 3/4""",15,product,product
CUADRADO 1,15,product,product
CERROJOS,15,product,product
CARPA ELEGANTE  BCA,15,product,product
ARGOLLA 38,15,product,product
"ANGULO 1 1/2"" X 1/8""",15,product,product
HOT MAT BLANCO,15,product,product
1 ROLLO DE 75 CM DE TELA NO TEJIDA,15,product,product
1 ROLLO DE 60 CM TELA NO TEJIDA,15,product,product
SOBRANTE SENCILLO,15,product,product
CELDA C 24X,15,product,product
CELDA A 24X,15,product,product
SEPARADOR 7365,15,product,product
"ESQUINERO 2.75"" x 2.75"" x 26"" CAL. 225",15,product,product
"ESQUINERO 2.75"" x 2.75"" x 36"" CAL.225",15,product,product
"ESQUINERO 3X3X34.5"" CAL 200",15,product,product
ESQUINERO 2X2X130 CAL 200,15,product,product
C1TL ESQUINERO  3X3X111.5  cms CL 120,15,product,product
ESQUINERO  Jones plastic y CC91   3X3X76 CAL 225,15,product,product
"ESQUINERO Cargo box, 746, 745 (  3X3 CAL 225)",15,product,product
CAJA B HSC QTR LOWER 5 CAV,15,product,product
"CAJA INDUSTRIAL 32""",15,product,product
"CAJA INDUSTRIAL 24""",15,product,product
ESQUINERO NEXTRACKER,15,product,product
"CAJA INDUSTRIAL 16""",15,product,product
"BOX (637-840-1043-1450, INSERT-565)",15,product,product
GARNISH,15,product,product
PROYECTO ITRANSFER,15,product,product
CAJA BSM REAR,15,product,product
CAJA TOP CAP,15,product,product
CAJA FAN SYSTEM,15,product,product
TACON ESPIRAL CHICO   (BAJO),15,product,product
TACON ESPIRAL ALTO,15,product,product
TAPA BRAZEWAY,15,product,product
CHAROLA BRAZEWAY,15,product,product
CAJA SIDE PANEL,15,product,product
CAJA JONES PLASTIC,15,product,product
CELDA A & B FAN SYSTEM,15,product,product
NYLON ( CINTA DE POLIPROPILENO) 50 MM,15,product,product
ESQUINERO DJ SERVICIO,15,product,product
"PTR 1/2"" X 1/2"" CAL 18",15,product,product
SOBRANTE SENCILLO,15,product,product
SOBRANTE DOBLE,15,product,product
COROPLAST 3MM 122 X 244 BLANCO,27,product,product
CAJA RT CON TAPA (36),15,product,product
CAJA C 520 6 CAV (1260),15,product,product
CAJA C 520 6 CAV (1280),15,product,product
JALADERA 4 1/2,15,product,product
CAJA VARROC 718,15,product,product
CAJA 964,15,product,product
CAJA K2XX MENDON,15,product,product
CAJA V96066,15,product,product
CAJA FRONTAL,15,product,product
CARTON PLANTA A,15,product,product
TARIMA JC49,15,product,product
LINER 200 58 X 33.5,15,product,product
BURBUJA GRANDE,15,product,product
BURBUJA CHICA,15,product,product
REJILLA U502 110 CAV-CELDA A,20,product,product
REJILLA 964 - CELDA B,20,product,product
REJILLA 760 - CELDA D,20,product,product
TAPA WOM FRONT FG,14,product,product
TARIMA SHOCK TOWER,14,product,product
TARIMA JC49,14,product,product
TARIMA DE MADERA 49 X73,14,product,product
TARIMA BRAZEWAY 71254 GRANDE,14,product,product
TAPA HSC HOUSING DS09 LH/RH,14,product,product
TAPA GENERAL NEXTRACKER,14,product,product
TAPA FAN SYSTEM VALEO VW,14,product,product
TAPA BRAZEWAY,14,product,product
TAPA 768,14,product,product
TAPA 767,14,product,product
TAPA 745 VARROC,14,product,product
TAPA 734 VARROC,14,product,product
TAPA 733 VARROC,14,product,product
CELDA 706,14,product,product
SEPARADOR 745 VARROC,14,product,product
SEPARADOR MEDIANO 7373,14,product,product
SEPARADOR GRANDE 7365,14,product,product
SEPARADOR 734 VARROC,14,product,product
SEPARADOR 342 VARROC,14,product,product
CELDA A FAN SYSTEM VALEO VW,20,product,product
CELDA B 3x3 DJ SERVICIO AIR BOX,20,product,product
EMPAQUE OIL PUMP-CELDA-B,20,product,product
EMPAQUE OIL PUMP-CELDA-A,20,product,product
CAJA HSC 15*12*9-CELDA E,20,product,product
THINER,19,consu,consu
CAJA HSC 15*12*9-CELDA A,20,product,product
REJILLA 989-TELA 17g B,20,product,product
CELDA A 824,20,product,product
CELDA B 342,20,product,product
CELDA D 311,20,product,product
CELDA C 311,20,product,product
CELDA A 309,20,product,product
CELDA C 773,20,product,product
CELDA B 773,20,product,product
CELDA D -  B PILLAR UPPER,20,product,product
CELDA C - B PILLAR UPPER,20,product,product
CELDA 706,20,product,product
REJILLA BADGE 54-CELDA B,20,product,product
REJILLA 989-CELDA A,20,product,product
TAPA PANEL LOAD FLOOR 24X,14,product,product
GSH003-TA,14,product,product
CELDA 311 VARROC,14,product,product
CELDADO B PILLAR UPPER,14,product,product
CAJA B PILLAR UPPER,14,product,product
SEPARADOR DE CARTÓN 1041x1118mm PARA ROPAK DE PROGRAMA DJ,14,product,product
"BLOQUEADOR DE CARTÓN 43.5x15x5"" DJ AIRBOX (UNITARIO)",14,product,product
TAPA PARA CAJA DJ ALTERNO (UNITARIO),14,product,product
"CAJA DE CARTÓN DJ 45X48X34"" ALTERNO (UNITARIO)",14,product,product
DIVISOR 729,14,product,product
CUELLO JC 49,14,product,product
CUELLO IINTERIOR CC91,14,product,product
CUELLO EXTERIOR CC91,14,product,product
CNS001PAD,14,product,product
CNS001-TARIMA,14,product,product
CNS001-TA-A,20,product,product
CELDAMAPPOCKETREAR- CELDA B,20,product,product
CELDAMAPPOCKETREAR- CELDA A,20,product,product
CELDAMAPPOCKETFRONT-CELDA C,20,product,product
CELDAMAPPOCKETFRONT-CELDA B,20,product,product
CELDA E 783,20,product,product
CELDA C 783,20,product,product
CELDA B 682,20,product,product
CELDA B 660,20,product,product
CELDA B 611,20,product,product
CELDA B 550,20,product,product
CELDA B 405,20,product,product
CELDA A 783,20,product,product
CELDA A 682,20,product,product
CELDA A 680,20,product,product
DEXTRINA,19,consu,consu
CELDA A 622,20,product,product
CELDA A 611,20,product,product
CELDA A 576,20,product,product
CELDA 309,14,product,product
CHAROLA PARKER (KIT TARIMA PARKER),14,product,product
CHAROLA PARA INNER WOM REAR,14,product,product
CHAROLA PARA 745,14,product,product
CHAROLA 824,14,product,product
CELDA LINNER 500 gr doble lam 18X,14,product,product
CELDA LINNER 500 gr doble lam 30X bezel,14,product,product
CELDA LH/RH BIN 40X,14,product,product
CELDA LAMINADA 841,14,product,product
CELDA LAMINADA C520 2R 2 LADOS,14,product,product
CELDA INDUCTIVE CHARGING,14,product,product
CELDA 734 VARROC,14,product,product
CELDA 733 VARROC,14,product,product
CELDA 732 VARROC,14,product,product
CELDA 391,20,product,product
CELDA 342 VARROC,14,product,product
440-CELDA A,20,product,product
3958071-CELDA B,20,product,product
3958071-CELDA A,20,product,product
CAJA DJ INLET,14,product,product
CAJA 733 VARROC,14,product,product
CAJA 732 VARROC,14,product,product
CAJA 731 VARROC,14,product,product
CAJA 718 VARROC,14,product,product
BASE B PARA SOPORTE K2XL,14,product,product
BARROTES LAM 391,14,product,product
"GRAPA FIFA 16.67 21/23""",19,consu,consu
GRAPA CORONA 1 3/8 PATA 5/8,19,consu,consu
REMACHE 4 .8 X 8,19,consu,consu
CINTA CAFE KRAFT,19,consu,consu
MUESTRA,19,consu,consu
REMACHE 4 .8 X 11,25,consu,consu
AGUJA RED NOR 389 G135x17 R 160,25,consu,consu
AGUJA RED NOR 389 G135x17 R 140,25,product,product
GRAPA TOWER y CC91 1724- CP 19.05 MM,19,consu,consu
GRAPA 6618-C 14.29 MM,19,consu,consu
GRAPA BF-CB103-1/2G  BELTEK,19,consu,consu
REMACHE 4 .8 X 28,19,consu,consu
ADHESIVO CKW 247 (RESISTOL),19,consu,consu
RIEL ARMADO 391,20,product,product
CHAROLA 391,20,product,product
NARANJA GCMI-81 FAS,19,consu,consu
TAPETE,19,consu,consu
ETIQUETAS TOTES,19,consu,consu
TUERCA H,19,consu,consu
"PTR 2""X1"" CAL 14",15,product,product
CANDADO DEXTER,19,consu,consu
GUANTE GRAL,19,consu,consu
CINT-2CAP   DEVEK,19,consu,consu
CINTA TRANSPARENTE,19,consu,consu
CHAROLA PARA Q5,14,product,product
CHAROLA PARA INNER WOM FRONT,14,product,product
CELDA A 411,20,product,product
CELDA A 405,20,product,product
FLEJE,19,consu,consu
SEPARADOR ROPACK,15,product,product
SOBRANTE DOBLE,15,product,product
CARTON CAJA BRAZEWAY,15,product,product
CAJA RT CON TAPA  (ECT30),15,product,product
TARIMA REC 40X48,15,product,product
TAPA HW 45.5X48.5,14,product,product
CAJA HSC 15*12*9-CELDA D,20,product,product
CAJA HSC 15*12*9-CELDA C,20,product,product
CAJA HSC 15*12*9-CELDA B,20,product,product
CELDA B 311,20,product,product
CELDA A 311,20,product,product
BARROTE 745,20,product,product
CELDA A 342,20,product,product
ESQUINERO .87 745,20,product,product
BASE 391,20,product,product
CELDA B 309,20,product,product
REJILLA LENTE RO-CELDA B,20,product,product
REJILLA LENTE RO-CELDA A,20,product,product
REJILLA 989-CELDA B,20,product,product
CELDA PARA CAJA EFC,14,product,product
3881476-CELDA B,20,product,product
3881476-CELDA A,20,product,product
CELDA B 391,20,product,product
3486354-CELDA B,20,product,product
CELDILLA C 520 SUSTITUTO,15,product,product
POLIFOAM 1/4 Mendon,15,product,product
"PTR 1 1/2"" X 1  1/2""  CAL. 14",15,product,product
TAPA W166,15,product,product
"SEMIFLECHA 3/8""",17,product,product
TARIMA DUCTO MAHLE,14,product,product
TUNDRA-CELDA B,20,product,product
TUNDRA-CELDA A,20,product,product
TAPA JC 49,14,product,product
TAPA CONTENEDOR 45X48,14,product,product
SEPARADOR 733 VARROC,14,product,product
SEPARADOR 732 VARROC,14,product,product
FILAMENTO,15,product,product
KIT REJILLA BEZEL 440 PARA MOLDE 5064442,14,product,product
REJILLA 989-TELA 17g,14,product,product
REJILLA 964 - CELDA A,20,product,product
REJILLA 760 - CELDA C,20,product,product
TAPA 718,14,product,product
CELDA PUERTAS - CELDA A,20,product,product
REJILLA 760 - CELDA B,20,product,product
REJILLA 760 - CELDA A,20,product,product
CELDA B PANEL LOAD FLOOR 24X,20,product,product
TARIMA DE MADERA 29.5X27.5,14,product,product
CELDA B - B PILLAR UPPER,20,product,product
CELDA A - B PILLAR UPPER,20,product,product
TARIMA BRAZEWAY 71254 CHICA,14,product,product
TAPA WOM REAR,14,product,product
ESQUINERO DS 3X3X76,14,product,product
ESQUINERO DE CARTON 3 X3 X34.5 CAL .225,14,product,product
SEPARADOR DE CARTÓN 1041x1118mm PARA ROPAK DE PROGRAMA DJ,20,product,product
TAPA PARA CAJA DJ ALTERNO (UNITARIO),20,product,product
CELDA D FAN SYSTEM VALEO VW,20,product,product
CELDA C FAN SYSTEM VALEO VW,20,product,product
CELDA B FAN SYSTEM VALEO VW,20,product,product
CUELLO DUCTO mahle,14,product,product
CAJA 22.750X15.625X7.50ITEC NAV OP 20,14,product,product
CNS001-CH-B,20,product,product
CNS001-CH-A,20,product,product
CNS001-CAHSC,14,product,product
REJILLA 989-TELA 17g A,20,product,product
CELDA B 824,20,product,product
CELDA A 391,20,product,product
CELDA LAMINADA TUNDRA,24,product,product
CELDA A 773,20,product,product
TAPA WOM REAR FG,14,product,product
GRAPA 784,20,product,product
VENTANA 745,14,product,product
U DE LA 745,14,product,product
CELDAMAPPOCKETUPPER-B,20,product,product
REJILLA BADGE 54-CELDA A,20,product,product
REJILLA BADGE 28-CELDA B,20,product,product
REJILLA BADGE 28-CELDA A,20,product,product
CELDA B 576,20,product,product
CHAROLA NEXTRACKER,20,product,product
CHAROLA MARCADA BRAZEWAY,14,product,product
TUNDRA-TELA 17gr,14,product,product
CELDA D 783,20,product,product
3486354-CELDA C,20,product,product
BASE A PARA SOPORTE K2XL,14,product,product
CELDA E - B PILLAR UPPER,20,product,product
REJILLA LENTE RO-TELA 17gr,14,product,product
CELDADO FAN SYSTEM VALEO VW,14,product,product
CELDA LAMINADA C520 7R,14,product,product
CELDA LAMINADA 440,14,product,product
CELDA LAMINADA C520 2R 1 LADO,14,product,product
CELDA B 622,20,product,product
CNS001-CH,14,product,product
3886330-CELDA B,20,product,product
"CAJA DE CARTÓN DJ 45X48X42"" ALTERNO (UNITARIO)",14,product,product
CORREA 745,20,product,product
CNS001-TA-B,20,product,product
CNS001-LAT,14,product,product
CELDA A 550,20,product,product
CELDA 824,14,product,product
CELDA C 682,20,product,product
REJILLA U502 110 CAV-CELDA B,20,product,product
CELDA B 411,20,product,product
CELDA B 680,20,product,product
440-TELA17gr,14,product,product
CELDA A 660,20,product,product
CELDAMAPPOCKETUPPER-A,20,product,product
CELDAMAPPOCKETFRONT-CELDA D,20,product,product
CELDA B 783,20,product,product
CAJA 342 VARROC,14,product,product
CAJA 311 VARROC,14,product,product
CELDAMAPPOCKETFRONT-CELDA A,20,product,product
CAJA 309,14,product,product
TAPA BSM OUTER REAR 12X,14,product,product
CAJA BSM FRONT,14,product,product
CAJA BOLT COVER,14,product,product
BARROTES 745,14,product,product
CAJA EFC COMPONENTE,14,product,product
CAJA DJ BRACKET,14,product,product
3886330-CELDA A,20,product,product
CAJA 734 VARROC,14,product,product
BASE ARMADA 391,20,product,product
TAPA BSM OUTER FRONT 10X,14,product,product
ABC_DJSENSOR_SERVICIO_RSC,14,product,product
CNS001-TA,14,product,product
CELDA 773 VARROC,14,product,product
BOX HONDA EXPORT - TAPA,14,product,product
BOX HONDA EXPORT - CAJA,14,product,product
CELDA C& D FAN SYSTEM,15,product,product
BARROTE 745,15,product,product
BMS REAR Y FRONT ,15,product,product
BOX 357790 ECT 48,15,product,product
BOX 358268,15,product,product
CAJA  237811,15,product,product
CAJA 745,15,product,product
CAJA A HSC QTR LOWER 5 CAV,15,product,product
CAJA BOX 357790,15,product,product
CAJA CONSOLA ABC,15,product,product
"CAJA INDUSTRIAL 48""",15,product,product
CAJA VL3092,15,product,product
CELDA B 24X,15,product,product
CELDA B QTR 5 CAV,15,product,product
CELDA B QTR LOWER 5 CAV,15,product,product
CELDA NEXTRACKER (copia),15,product,product
COR GRIS 5MM 140X244,15,product,product
COROPLAST 4 MM 1.22 X 2.44 AZUL REY,15,product,product
COROPLAST 4MM 122 X 244 CELESTE,15,product,product
COROPLAST 4MM 122 X 244 NEGRO,15,product,product
COROPLAST 4MM 122X244  BLANCO,15,product,product
COROPLAST 5 MM 1.22 X 2.44 AZUL REY,15,product,product
COROPLAST 5 MM 1.22 X 2.44 GRIS,15,product,product
COROPLAST 5 MM 1.22 X 2.44 NEGRO,15,product,product
COROPLAST 5MM 140 X 244 NEGRO RECICLADO,15,product,product
CHAROLA NEXTRACKER,15,product,product
DIVISOR BRAZEWAY,15,product,product
KRAFT 300 GR PLASTIFICADO D.CARA 270MM X 374MM (PARA 28 Y 54 X),15,product,product
KRAFT 300 GR PLASTIFICADO D.CARA 275MMX355MM,15,product,product
KRAFT 300 GR PLASTIFICADO D.CARA 280MM X 410MM,15,product,product
LINNER 500 GRS. EN 62 X 74.4 CMS,15,product,product
LINNER 500 GRS. EN 75.4 X 74.4 CMS,15,product,product
LINNER PLASTIFICADO 68X84(MUEST.010B),15,product,product
SEPARADOR 40007,15,product,product
SEPARADOR STRYKER,15,product,product
TAPA  QTR LOWER 5 CAV,15,product,product
PILLAR UPPER,15,product,product
CELDA INSERTO VW CHATTANOOGA,15,product,product
FILAMENTO  20/3,15,product,product
PANEL ASM-LOAD FLR TR - C1UC,23,product,product
"ANGULO 2"" X 1/8""",15,product,product
ANCHO DE MAQUINA ABC,15,product,product
SOLERA 3/16X2,15,product,product
"PTR 2"" X 2"" CAL. 11",15,product,product
"INDUSTRIAL 24"" CAJA COMPLETA",15,product,product
CC91   ANCHO DE MAQUINA,15,product,product
STABOMAT 643920,15,product,product
"CAJA INDUSTRIAL 34""",15,product,product
CAJA BOX 358268 REs 48,15,product,product
TARIMA REC 40X48 (copia),19,consu,consu
CELDA NEXTRACKER,15,product,product
LAMINA STABILUS 1 (FORD & SOLARES),15,product,product
ORDEN CERRADA ROTATIVA,15,product,product
INSERTO / CELDA G01 / GM177,15,product,product
BIN ST92,15,product,product
NEGRO GCMI-90 FAS,19,consu,consu
CELDA AUDIQ5,15,product,product
CARTON PLANTA B,15,product,product
180060200,14,product,product
Celda backup Chrysler,14,product,product
Backframe 60% - cell A alterno desechable,20,product,product
180060040,14,product,product
Alma G42 armrest - 6232,30,product,product
Backframe 60% - cell retournable,30,product,product
Backframe 60% - cell A retournable,30,product,product
Backframe 60% - cell B retournable,30,product,product
Bastidor WS Passenger,30,product,product
Charola WS Driver,30,product,product
Bastidor WS Driver,30,product,product
Pull handle carrier,28,product,product
Tapa A WS Driver,30,product,product
Charola WS Passenger,30,product,product
Door armrest MS FR - P2,30,product,product
Dunnage Inner case 780B -charola,39,product,product
Dunnage Inner case 780B - part1,39,product,product
Alma de coroplast,30,product,product
CVR Switch CTR base,28,product,product
Door Beltline MS FR - P2,30,product,product
Dunnage 780B & U554 - Charola,39,product,product
Dunnage 780B & U554 - Particion,39,product,product
Bastidor pasador para Tiron 2 RU - YF QRO,30,product,product
Dunnage carrier RR MS - P2,30,product,product
Tiron RU - YF ramos,30,product,product
Door armrest MS cogac RR - P2 FIP,30,product,product
Bastidor plastico outer case U554 HUD,30,product,product
Charola plastica outer case U554 HUD,30,product,product
Dunnage outer case U554 HUD,30,product,product
Alma G42 armrest - 6532,30,product,product
Array Damper - Prolamsa,14,product,product
Backframe 60% - cell B alterno desechable,20,product,product
Backframe 60% - cell C retournable,30,product,product
Backframe 60% - sleeve,20,product,product
Barrote CH - Varroc - VW CKD,14,product,product
Barrote G1 - Varroc - VW CKD,14,product,product
Barrote G2 - Varroc - VW CKD,14,product,product
Barrote M - Varroc - VW CKD,14,product,product
Base Backframe 60% YF-CG,30,product,product
Bastidor WS Central,30,product,product
Bastidor plastico window plate 780B & U554,30,product,product
Bloqueador Backframe 60% YF-CG,30,product,product
CARTON: BP#=48CP1040: SHT=1: DETAIL=1:DA,14,product,product
CX727 - Dunnage para rack WIP 1,28,product,product
CX727 - Dunnage para rack WIP 2,28,product,product
Caja 2422-10 | J34A,14,product,product
Caja Chimpson ITB,14,product,product
Caja base telescópica - Tesla model S,20,product,product
Tapa 2415 parte A,28,product,product
Cuello interior caja para resortes,20,product,product
Caja tapa telescópica - Tesla model S,20,product,product
Celda  8060705_AA | J34A,14,product,product
Celda  8061465_AA | J34A,14,product,product
Celda  HR001V350 | J34A,14,product,product
Celda A 8060705_AA | J34A,20,product,product
Celda A 8061465_AA | J34A,20,product,product
Celda A HR001V350 | J34A,20,product,product
Celda A backup Chrysler,20,product,product
Celda B 8060705_AA | J34A,20,product,product
Celda B 8061465_AA | J34A,20,product,product
Celda B HR001V350 | J34A,20,product,product
Celda B backup Chrysler,20,product,product
Charola WS Central,30,product,product
Chimpson RSC,20,product,product
Cover 780B | U554 HUD - Tapa,30,product,product
Cuello Array - Prolamsa,20,product,product
Cuello exterior caja para resortes,20,product,product
Cushion Pl Cover LH Seat LH,28,product,product
Door Beltlinine MS RR - P2,30,product,product
Door Speaker mesh FR MS - P2,30,product,product
Door Speaker mesh MS - P2,30,product,product
Door armrest MS FR - P2 FIP,30,product,product
Door armrest MS cogac RR - P2,30,product,product
Door carrier FR LH - Interplants P2,28,product,product
Door map pocket MS - P2,30,product,product
Door map pocket MS RR - P2,30,product,product
Door map pocket bin MS RR - P2,30,product,product
Door map pocket inner MS RR - P2,30,product,product
Dunnage Grab handle WRAPED - P2,30,product,product
Dunnage Inner case 780B - part2,39,product,product
Dunnage Top Shoulder - YF,30,product,product
Dunnage armrest - YF G42,30,product,product
Dunnage carrier FR MS - P2,30,product,product
Dunnage door map pocket bin MS FR - P2,30,product,product
Dunnage door map pocket inner MS - interplants P2,30,product,product
Dunnage grab handle WRAPED - P2  Interplants,30,product,product
FOL Consola V363 | AAW,14,product,product
FOL Consola V363 | EBW,14,product,product
FORD High roof,38,product,product
FORD High roof - Celda A,20,product,product
FORD High roof - Celda B,20,product,product
FORD High roof - RSC,39,product,product
FORD Lamp subassembly - 1/2 RSC,39,product,product
FORD Low roof - HSC,39,product,product
Gancho para soporte - YF RU QRO,30,product,product
Gancho para soporte - YF RU Ramos,30,product,product
Grab handle MS - P2,30,product,product
Grab handle WRAPED - P2,30,product,product
Grab handle outer - cover RR - P2,30,product,product
Inner case 780B HUD - Tapa A,30,product,product
Inner case 780B HUD - Tapa B,30,product,product
Map pocket MS FR - Interplants P2,28,product,product
Map pocket MS RR - Interplants P2,28,product,product
Map pocket dunnage,30,product,product
Media manga - Array,20,product,product
Outer case U554 HUD - Tapa A,30,product,product
Outer case U554 HUD - Tapa B,30,product,product
Panel caja para resortes,14,product,product
Particion AAW,33,product,product
Particion ACW,33,product,product
Particion EBW,33,product,product
Particion GBW,33,product,product
Particion HBW,33,product,product
Piso caja para resortes,20,product,product
Puerta lado A - Armrest G42,30,product,product
Puerta lado A - Map pocket G42,30,product,product
Puerta lado A - Rack universal Ramos,30,product,product
Puerta lado B - Armrest G42,30,product,product
Puerta lado B - Map pocket G42,30,product,product
Puerta lado B - Rack universal Ramos,30,product,product
Rack Universal - YF Ramos,30,product,product
Separador Array - Prolamsa,20,product,product
Separador | J34A,14,product,product
Speaker badge - Cell A,20,product,product
Speaker badge - Cell B,20,product,product
Speaker badge - Pad,14,product,product
Speaker badge - RSC,14,product,product
Tapa 2415 parte b,28,product,product
Tapa 2422 parte A,30,product,product
Tapa 2422 parte A,30,product,product
Tapa 2422 parte b,30,product,product
Tapa 2422 parte b,30,product,product
Tapa A WS passenger,30,product,product
Tapa B WS Driver,30,product,product
Tapa B WS Passenger,30,product,product
Tapa inferior Array - Prolamsa,20,product,product
Tapa superior Array - Prolamsa,20,product,product
Tesla viniles P2 - Armrest Dunnage,33,product,product
Tesla viniles P2 - Phone deco Dunnage,33,product,product
Tesla viniles P2 - Phone dock deco Dunnage,33,product,product
Tesla viniles P2 - Side panel RH,28,product,product
Tesla viniles P2 - Side panel RH particion,30,product,product
Tesla viniles P2 - Side panel RH tray,30,product,product
Tesla viniles P2 - top cover dunnage,33,product,product
Tiron 2 RU - YF QRO,30,product,product
Tiron RU - YF QRO,30,product,product
Tubo soporte - YF RU QRO,30,product,product
Tubo soporte corto - YF RU Ramos,30,product,product
Tubo soporte largo - YF RU Ramos,30,product,product
U725 DP - Celda FRT Micro,14,product,product
U725 DP - Celda RR Micro,14,product,product
U725 FC - Celda,14,product,product
VA40-64230 - J34A - CX-X,28,product,product
VA40-64230 Dunnage,30,product,product
VA40-64240 Dunnage,30,product,product
VA40-6804X - J34A - CX-X,28,product,product
VA40-6804X Dunnage,30,product,product
VA40-6804Y Dunnage,30,product,product
VA40-68160 - J34A - CX-X,28,product,product
VA40-68160 Dunnage,30,product,product
VA40-68170 Dunnage,30,product,product
VA40-68894 Dunnage,28,product,product
VA40-68940 Dunnage,28,product,product
VA40-68HXX - Dunnage,30,product,product
VA40-68HXX - Tray,30,product,product
VA40-68HXX - ensamble 1,30,product,product
Vista portavasos - Celda,14,product,product
Vista portavasos - Celda A,20,product,product
Vista portavasos - Celda B,20,product,product
Rack Universal base  - YF Ramos,30,product,product
WS - Cell,14,product,product
WS - Cell A,20,product,product
WS - Cell B,20,product,product
WS - Cell C,20,product,product
WS FC 2ND ROW BASE CARRIER 1/2 HSC,39,product,product
WS IP KIN Bezel 1/2 HSC,39,product,product
Window plate 780B HUD - Tapa A,30,product,product
Window plate 780B HUD - Tapa B,30,product,product
nueva caja de cartón,14,product,product
Rack MC rear - YF,28,product,product
Y0093080 REJILLA U502 110 CAVIDADES     ,14,product,product
Y0093066 CELDA 964,14,product,product
Y0093061/ G906410 EXPEDABLE REJILLA PARA 841,14,product,product
Y0093060 MAP POCKET FRONT REJILLA,14,product,product
V43X DIVISOR,14,product,product
U725 Floor console - Caja HSC,14,product,product
WS Driver - Viniles,28,product,product
WS Central - Viniles,28,product,product
U725 DP - LID,14,product,product
U725 DP - HSC + Micro FRT,23,consu,consu
U725 DP - FRT,14,product,product
TRIM SERVICIO,14,product,product
TAPA DE CARTON (09DS MAGNA),14,product,product
TARIMA CONSOLA,15,product,product
TAPA WOM REAR SERVICIO,14,product,product
TAPA WOM FRONT,14,product,product
TAPA ROCKER 49x,14,product,product
TAPA PARKER (KIT TARIMA PARKER),14,product,product
TAPA PARA V43X,14,product,product
TAPA LH/RH BIN 40X,14,product,product
TAPA IP TRANSFERVARROCK YANFENG,14,product,product
TAPA HSC WOM FRONT SERVICIO,14,product,product
TAPA DJ SERVICIO (TODOS #),14,product,product
TAPA DJ BRACKET SERV,14,product,product
TAPA DE CHAROLA NEXTRACKER,14,product,product
TAPA BODY SIDE FRONT SERVICIO 20X,14,product,product
SHIFTER TRIM PLATE SERVICIO,14,product,product
SEPARADOR HOUSING DS,14,product,product
SEPARADOR DE CARTON (09DS MAGNA),14,product,product
SEPARADOR CHICO 4007,14,product,product
SEPARADOR BODY SIDE FRONT SERVICIO 20X,14,product,product
Rack RR Top Shoulder RH - YF,28,product,product
Rack RR Top Shoulder LH - YF,28,product,product
Rack FR Top Shoulder RH - YF,28,product,product
Rack FR Top Shoulder LH - YF,28,product,product
RIGIDO CARTON CORRUGADO SENCILLO DE (1.5,14,product,product
RIEL DC-CAJA 5,14,product,product
REJILLA PARA V43X - CELDA B,20,product,product
REJILLA PARA V43X - CELDA A,20,product,product
REJILLA PARA V43X,14,product,product
REJILLA 12 CAV PARA REAR END CAP,14,product,product
REJILLA 10 CAV PARA REAR COMPARTMENT,14,product,product
REAR WHEEL LIP LH/RH,23,consu,consu
REAR END CAP SERVICIO,14,product,product
Pull handle carrier - dunnage,28,product,product
POLIBURBUJA GRANDE 784,20,product,product
POLIBURBUJA CHICA 784,20,product,product
PLASTIC BAG HONDA EXPORT ,14,product,product
PANEL LOAD FLOOR SERVICIO,14,product,product
PANEL CC91,14,product,product
PAD DJ SERVICIO (TODOS #),14,product,product
P375 PLASTIC DUNNAGE,28,product,product
PAD 3893VK SMALL,14,product,product
MOLDING ASM-RR S/D LEW LH/RH,23,consu,consu
MOLDING ASM-FRT S/D LEW LH/RH,23,consu,consu
KIT: BP#=48CP1036: SHT=1: DETAIL=1: DATE,14,product,product
KIT: BP#=48CP1035: SHT=1: DETAIL=1: DATE,14,product,product
KIT: BP#=48CP1034: SHT=1: DETAIL=1: DATE,14,product,product
KIT: BP#=48CP1033: SHT=1: DETAIL=1: DATE,14,product,product
KIT: BP DRAWING/48CP2100 CAJA Y CELDA,14,product,product
KIT-EMPAQUE-ROLV,23,consu,consu
KIT EMPAQUE FAN SYSTEM VALEO,23,consu,consu
KIT DE EMPAQUE MAZDA OIL PUMP,23,consu,consu
CARTON: BP#=48CP621: SHT=1: DETAIL=1: DA,14,product,product
BOX 3898VM ,14,product,product
"CORNER BOARD 36""",14,product,product
"CORNER BOARD 26"" ",14,product,product
INSERT HONDA EXPORT ,14,product,product
INSERT 694087 FCA DJ ,14,product,product
INSERT 550913 NISSAN ,14,product,product
Grab handle Internal WIP RR RH WRAPED,28,product,product
Grab handle Internal WIP RR RH SUB ASSY,28,product,product
Grab handle Internal WIP RR LH WRAPED,28,product,product
Grab handle Internal WIP RR LH SUB ASSY,28,product,product
Grab handle Internal WIP FR RH WRAPED,28,product,product
Grab handle Internal WIP FR RH SUB ASSY,28,product,product
Grab handle Internal WIP FR LH WRAPED,28,product,product
Grab handle Internal WIP FR LH SUB ASSY,28,product,product
"G906510- KIT BANCO 964 (CAJA, TAPA, REJILLA)",23,consu,consu
G906510 EXPENDABLE TAPA PARA 841,14,product,product
G906510 EXPENDABLE PUERTAS,14,product,product
G906510 EXPENDABLE PUERTAS,14,product,product
G906510 EXPENDABLE MAP POCKET FRONT CAJA,14,product,product
G906510 EXPENDABLE ESQUINERO K2XL,14,product,product
G906510 EXPENDABLE DIVISOR W166,14,product,product
G906510 EXPENDABLE CAJA PARA 841,14,product,product
G906510 EXPENDABLE BANCO 989,14,product,product
G906510 EXPENDABLE -TAPA CAMRY OHC,14,product,product
G906510 EXPENDABLE -CAJA CAMRY OHC,14,product,product
G906510 EXPENDABLE -BANCO OUTER LENS 760,23,consu,consu
G906510 EXPENDABLE - REJILLA SASM,14,product,product
FRONT WHEEL LIP LH/RH,23,consu,consu
FORD Low roof - HSC,14,product,product
FORD Lamp subassembly - RSC,14,product,product
FORD High roof - RSC,14,product,product
FORD High roof - Celdas,14,product,product
EXTENSION PANEL SERVICIO,14,product,product
ESQUINEROS DUCTO,14,product,product
ESQUINEROS DE CARTON (09DS MAGNA),14,product,product
ESQUINERO JC49,14,product,product
ESQUINERO HSC HOUSING DS09 LH/RH,14,product,product
ESQUINERO DJ SERVICIO (TODOS LOS #),14,product,product
ESQUINERO CC91,14,product,product
EMPAQUE OIL PUMP-TAPA,14,product,product
EMPAQUE OIL PUMP-CELDA,14,product,product
EMPAQUE OIL PUMP-CAJA,14,product,product
EMPAQUE CARTON APLIQUE CHRISLER,14,product,product
Dunnage Inner case 780B,38,product,product
DUNNAGE BOLSTER CON TAPAS,28,product,product
Dunnage 780B & U554,18,service,service
Dunnage 780B & U554,18,service,service
DUNNAGE WINDOW PLATE COLOR BLANCO,28,product,product
DUNNAGE FENDER Z CON TAPAS,28,product,product
DUNNAGE CONSOLA CON TAPAS ,28,product,product
CNS001,23,consu,consu
DIVISOR DJ BRACKET,14,product,product
CVR Switch CTR base - Dunnage,28,product,product
CUELLO ROCKER 49x,14,product,product
CUELLO INTERIOR CC91,14,product,product
CUELLO EXTERIOR CC91,14,product,product
CUARTO DE CAJA #2 PARA WOM FRONT FG,20,product,product
CUARTO DE CAJA #1 PARA WOM FRONT FG,20,product,product
CNS001BLOQ,14,product,product
CNS001-CARSC,14,product,product
CHAROLA 784,20,product,product
CELDILLA REDISEÑADA TESLAS HEAD LAMP C,14,product,product
CELDILLA DE CARTON PROGRAMA DS CELDA 72D,14,product,product
CELDADO WOM REAR SERVICIO,14,product,product
CELDADO WOM REAR FG,14,product,product
CELDADO WOM FRONT FG,14,product,product
CELDADO PANEL LOAD FLOOR 24X,14,product,product
CELDADO HSC WOM FRONT SERVICIO,14,product,product
CELDADO BSM OUTER REAR 12X,14,product,product
CELDADO BSM OUTER FRONT 10X,14,product,product
CELDA E (TACÓN)WOM REAR FG,20,product,product
CELDA E (TACÓN) WOM FRONT FG,20,product,product
CELDA D WOM REAR FG,20,product,product
CELDA D WOM FRONT FG,20,product,product
CELDA D BSM OUTER REAR 12X,20,product,product
CELDA C520 MCA,14,product,product
CELDA C WOM REAR FG,20,product,product
CELDA C WOM FRONT FG,20,product,product
CELDA C BSM OUTER REAR 12X,20,product,product
CELDA B WOM REAR FG,20,product,product
CELDA B WOM FRONT FG,20,product,product
CELDA B BSM OUTER REAR 12X,20,product,product
CELDA B BSM OUTER FRONT 10X,20,product,product
CELDA B 785,20,product,product
CELDA A WOM REAR FG,20,product,product
CELDA A WOM FRONT FG,20,product,product
CELDA A PANEL LOAD FLOOR 24X,20,product,product
CELDA A BSM OUTER REAR 12X,20,product,product
CELDA A BSM OUTER FRONT 10X,20,product,product
CELDA A 785,20,product,product
CELDA A 3x3 DJ SERVICIO AIR BOX,20,product,product
CELDA 785 VARROC,14,product,product
CD FORD 5 CELL,14,product,product
CARTON:BP#=48CP993:SHT=1:DETAIL=1:DA,14,product,product
CARTON:BP#=48CP787:SHT=1:DETAIL=1:DA,14,product,product
CARTON:BP#=48CP736:SHT=1:DETAIL=1:DA,14,product,product
CARTON:BP#=48CP734:SHT=1:DETAIL=1:DA,14,product,product
CARTON: BP#=48CP992: SHT=1: DETAIL=1: DA,14,product,product
CARTON: BP#=48CP953: SHT=1: DETAIL=1: DA,14,product,product
CARTON: BP#=48CP951: SHT= 1: DETAIL=1: D,14,product,product
CARTON: BP#=48CP804: SHT=1: DETAIL=1: DA,14,product,product
CARTON: BP#=48CP795: SHT=1: DETAIL=1: DA,14,product,product
CARTON: BP#=48CP793: SHT=1: DETAIL=1: DA,14,product,product
CARTON: BP#=48CP789: SHT=1:DETAIL=1:DA,14,product,product
CARTON: BP#=48CP785: SHT=1: DETAIL=1: DA,14,product,product
CARTON: BP#=48CP740: SHT=1: DETAIL=1: DA,14,product,product
CARTON: BP#=48CP738: SHT=1: DETAIL=1: DA,14,product,product
CARTON: BP#=48CP728: SHT=1: DETAIL=1: DA,14,product,product
CARTON: BP#=48CP707: SHT=1: DETAIL=1: DA,14,product,product
CARTON: BP#=48CP695: SHT=1: DETAIL=1: DA,14,product,product
CARTON: BP#=48CP403: SHT=1: DETAIL=1: DA,14,product,product
CARTON: BP#=48CP1039: SHT=1: DETAIL=1:DA,14,product,product
CARTON: BP#=48CP1022: SHT=1: DETAIL=1: D,14,product,product
CARTON: BP#=48CP420: SHT=1: DETAIL=1: DA,23,product,product
CAR818437 ARMREST TRIM PLATE ,23,consu,consu
CAR818435 EXTENSION PANEL SHIFTER TRIM PLATE UPPER,14,product,product
CAR818051,23,consu,consu
CAJAS NISSAN CARTON,14,product,product
CAJA TIPO CONTENEDOR 45 X48,14,product,product
CAJA PU BAS 45 CAV,14,product,product
CAJA PARA V43X,14,product,product
CAJA PARA PU BAS 30 CAVIDADES,14,product,product
CAJA PARA PU BAS 20 CAVIDADES,14,product,product
CAJA PARA IP TRANSFER VARROCK YANFENG,14,product,product
CAJA JC49,14,product,product
CAJA HSC WOM FRONT SERVICIO,14,product,product
CAJA HSC PANEL LOAD FLOOR 24X,14,product,product
CAJA HSC DJ SERVICIO CON VENTANA (TODOS LOS #),14,product,product
CAJA HSC CARGO BOX (DIVIDER),14,product,product
CAJA BSM OUTER REAR 12X,14,product,product
CAJA HSC BODY SIDE FRONT SERVICIO 20X,14,product,product
CAJA HSC 15*12*9-TAPA,14,product,product
CAJA HSC 15*12*9-CELDA,14,product,product
CAJA HSC 15*12*9-CAJA,14,product,product
CAJA HSC 15*12*9 FG ECF CON REJILLA,23,consu,consu
CAJA FOL CONSOLE SERVICE PARTS INDIVIDUAL,14,product,product
CAJA FAN SYSTEM VALEO VW,14,product,product
"CAJA DE CARTÓN DJ 45X48X42"" ALTERNO (UNITARIO)",20,product,product
"CAJA DE CARTÓN DJ 45X48X34"" ALTERNO (UNITARIO)",20,product,product
CAJA DE CARTON 3 Y 4,14,product,product
CAJA DE CARTON (09DS MAGNA),14,product,product
CAJA CORRUGADO SENC 13X10X7 LF36/ LF32,14,product,product
CAJA CONSOLA ABC,14,product,product
CAJA C520 MCA,14,product,product
CAJA BSM OUTER FRONT 10X,14,product,product
CAJA APPLIQUE C1UC,14,product,product
CAJA 785 VARROC,14,product,product
CAJA 773 VARROC,14,product,product
CAJA 24X PANEL LOAD,14,product,product
Beltline internal WIP rack RR RH,28,product,product
BSM FRT,14,product,product
BOX 551391-LH - REFUERZO,24,product,product
BOX 551391-LH - PAD,24,product,product
BOX 551391-LH - INSERTO 2,24,product,product
BOX 551391-LH - INSERTO 1,24,product,product
BOX 551391-LH - CHAROLA,24,product,product
BOX 754549 MOPAR ,14,product,product
BOX 551391-LH ,14,product,product
BOX 551152-RH - REFUERZO,24,product,product
BOX 551152-RH - PAD,24,product,product
BOX 551152-RH - INSERTO 2,24,product,product
BOX 551152-RH - INSERTO 1,24,product,product
BOX 551152-RH - CHAROLA,24,product,product
BOX 3903VD,14,product,product
BOX 2067WO,14,product,product
BOX 051660 SUNRISE MEDICAL - REJILLA,14,product,product
BOX 051660 SUNRISE MEDICAL - PAD,14,product,product
BOX 051660 SUNRISE MEDICAL - CELDA,14,product,product
BOX 551152-RH ,14,product,product
BLOQUEO TRASERO CONSOLE SERVICE PARTS INDIVIDUAL,14,product,product
BLOQUEO INFERIOR CONSOLE SERVICE PARTS INDIVIDUAL,14,product,product
BLOQUEO FRONTAL CONSOLE SERVICE PARTS INDIVIDUAL,14,product,product
"BLOQUEADOR DE CARTÓN 43.5x15x5"" DJ AIRBOX (UNITARIO)",20,product,product
BARROTE ARMADO 745,20,product,product
B PILLAR UPPER,23,consu,consu
AR FR Internal WIP RACK LH,28,product,product
1578213-CELDA A,20,product,product
/CAJA IND.CORRUGADO S 10X06X04 IN TOY VP,14,product,product
PAD DJ SERVICIO (TODOS #),20,product,product
CELDA A BODY SIDE FRONT SERVICIO 20X,14,product,product
CAJA WOM FRONT FG,14,product,product
CAJA HSC WOM REAR SERVICIO,14,product,product
DUNNAGE 12X,28,product,product
CAJAALPHATRIM,14,product,product
CAJA WOM REAR FG,14,product,product
1578213-CELDA B,20,product,product
CAJA PARA FACHADA SIX 1 Y 2,14,product,product
CAJA NUMERO 5,23,consu,consu
Backframe 60% - cell alterno desechable,14,product,product
CELDA C 309,20,product,product
AR RR Internal WIP RACK LH,28,product,product
AR FR Internal WIP RACK RH,28,product,product
Beltline internal WIP rack FR LH,28,product,product
Beltline internal WIP rack FR RH,28,product,product
AR RR Internal WIP RACK RH,28,product,product
CAJA PTR 32X10X07,14,product,product
Beltline internal WIP rack RR LH,28,product,product
TAPA CARTON,14,product,product
539693 CAJA BACKUP CC91,23,consu,consu
CARTON: BP#=48CP456: SHT=1: DETAIL=1: DA,23,product,product
VENTANA 745,15,product,product
Dunnage window plate 780B & U554,30,product,product
BOX 124047 GM,14,product,product
BOX 237811,14,product,product
BOX 0371813,14,product,product
BOX 12*15*07 ALTERNATE FCA,23,product,product
BOX  2064WY,14,product,product
BOX HONDA EXPORT ,23,product,product
INSERT 754788 MOPAR ,14,product,product
BOX 3904VZ,14,product,product
KIT:BP#=48CP1013:SHT=1DETAIL=1:DATE,23,product,product
BOX 051660 SUNRISE MEDICAL,23,product,product
BOX 3906VP,14,product,product
TESLA BOX TMC 070,32,product,product
KIT EMPAQUE D544,23,product,product
KIT: BP DRAWING/48CP2101,23,product,product
U725 Floor console,23,product,product
KIT 27 CAV DRAWING/48CP2056,23,product,product
Kit Array - alterno,23,product,product
BOX 3901VN,14,product,product
PLANTA B 32,15,product,product
BOX 358268,15,product,product
CAJA PUERTAS,15,product,product
CAJA VARROC 700,15,product,product
TAPA FAN SYSTEM  / T. CC91,15,product,product
CAJA TRASERO,15,product,product
CELDA PUERTAS,15,product,product
CAJA CAMRY,15,product,product
TUBO ACERO C 40,15,product,product
COROPLAST 5MM 122 X 244 NEGRO,15,product,product
DJ694087,15,product,product
CHAROLA AUDIQ5,15,product,product
CAJA 770,15,product,product
TAPA GENERAL NEXTRACKER,15,product,product
BOX 357790,15,product,product
CELDA A VENTILLAS,15,product,product
CHAROLA VW CHATTANOOGA,15,product,product
TAPA NEXTRACKER /SHOCK T,15,product,product
Caja backup Chrysler,14,product,product
Tapa backup Chrysler,14,product,product
Kit backup Chrysler,18,service,service
B - WINDOW PLATE CX430,20,product,product
ANCHO DE MAQUINA 42 ECT,15,product,product
CELDA NEXTRACKER ALTERNO,15,product,product
CHAROLA NEXTRACKER ALTERNO,15,product,product
RODAPIE LARGO - BACKFRAME 60%,27,product,product
ESQUINERO KRAFT CC91,15,product,product
CC91 ANCHO DE MAQUINA (copia),15,product,product
"CAJA INDUSTRIAL 34"" (copia)",15,product,product
ANCHO DE MAQUINA 44 ECT (copia),15,product,product
"ARANDELA PLANA DE 6.4MM 1/4"" ZINC",25,product,product
ANCHO DE MAQUINA 44 ECT,15,product,product
ESQUINERO BACKFRAME,15,product,product
"PIJA PUNTA DE BROCA 8 X 1/2"" ZINC (copia)",25,consu,consu
"TOTE 15"" X 12"" X 9"" FONDO LISO",27,product,product
ANCHO DE MAQUINA 44 ECT,15,product,product
ANCHO DE MAQUINA 55 ECT,15,product,product
"TOTE 24"" X 15"" X 07"" FONDO LISO",33,product,product
ANCHO DE MAQUINA MICROCORRUGADO ECT 32 (copia),15,product,product
CORTILONA ANTIDUST 13 AZUL (copia),27,product,product
XLPE 2# SUDAFRICA BMW G01 (copia),27,product,product
CRAYON PARA ACERO,25,consu,consu
CAJA ARMREST YF,15,product,product
ANCHO DE MAQUINA 61 ECT (copia),15,product,product
XLINK BACKFRAME 60% - PARTICION 2,27,product,product
XLINK BACKFRAME 60% - PARTICION 2 (copia),27,product,product
INSERTO  SUDAFRICA HELLA,32,product,product
CELDA  SUDAFRICA HELLA,32,product,product
ETIQUETA PULL HANDLE (copia),25,consu,consu
"BROQUERO 5/8"" C/LLAVE",25,consu,consu
BASE NW SOFTEK DUBETINA,27,product,product
POLIFOAM DE 1/4 DE 2 X 55MTS C/CORTE A 35CMS (copia),15,product,product
REMACHE DE 4.8 X 20,25,consu,consu
"PTR DE 1 1/4"" CALIBRE 12",27,product,product
CC91 ANCHO DE MAQUINA (copia),15,product,product
ETIQUETA ESTIRENO 76.2MM X 165.1MM CAL.20 (copia),27,product,product
Tapa backframe,15,product,product
COROPLAST 4MM 122X244 VERDE BOTELLA (copia),27,product,product
"PIJA AUTOTALADRANTE 1/4"" * 3/4""",25,consu,consu
HANDHOLE TERMOFORMADO EN HDPE NEGRO,27,product,product
CHAROLA AUDIQ5 NM (copia),15,product,product
CARPA ELEGANTE  BCA (copia),27,product,product
ANCHO DE MAQUINA 32ECT (copia),15,product,product
ANCHO DE MAQUINA 32ECT (copia),15,product,product
lamina lisa Cal.18  de 4*10 ( 1.2MM *1.22*3.05MTS,27,product,product
"Tubo ced 40 de 1/2"" (13 mm) (2.77 mm esp) a 6mts",27,product,product
"Solera de 1/8""*2"" (3.2*51mm) * 6.10mts",27,product,product
CAJA ARMREST YF (copia),15,product,product
COROPLAST 10MM  1.22MTS X 2.44MTS NEGRO,27,product,product
LINER 33PTS 985MM X 938MM																			LINER 33PTS 985MM X 938MM,15,product,product
LINER 33PTS 985MM X 938MM (copia),15,product,product
LINER 33PTS 490MM X 665MM (copia),15,product,product
LINER 33PTS 800MM X 1083MM (copia),15,product,product
ANCHO CK ECT 32 A 2180MM L 2500MM (copia),15,product,product
CELDA  SUDAFRICA HELLA 1 (copia),15,product,product
BURBUJA CHICA (copy),18,service,service
TAPA TERMOFORMADA EN PET CON CORTE PERIMETRAL 570 x 604 MM,27,product,product
TAPA TERMOFORMADA EN PET CON CORTE PERIMETRAL 570 x 604 MM (copia),27,product,product
COROPLAST NEGRO 4MM 690MM X 940MM,27,product,product
SOPORTE XLPE Soporte 1- 92 mm x 65mm x 25mm,27,product,product
SOPORTE XLPE Soporte 1- 92 mm x 65mm x 25mm (copia),27,product,product
SOPORTE XLPE soporte 3- 195mmx 60mm x 16mm (copia),27,product,product
SOPORTE XLPE soporte 4- 323mm x 65mm x 51mm (copia),27,product,product
SOPORTE XLPE soporte 5 -  80mm x 110mm x 6.4mm (copia),27,product,product
SOPORTE XLPE DEN/2  soporte 5 -  80mm x 110mm x 6.4mm (copia) (copia),27,product,product
"PIJA PUNTA DE BROCA 8 X 1/2"" ZINC (copia)",25,consu,consu
FOAM 170mm x 280mm densidad 1.2,27,product,product
FOAM 170mm x 280mm densidad 1.2 (copia),27,product,product
Pieza 1 40x92x40mm con adhesivo,27,product,product
Pieza 1 40x92x40mm con adhesivo (copia),27,product,product
Pieza 2 16x58x195mm con adhesivo (copia),27,product,product
Pieza 3 48x121x51mm con adhesivo (copia),27,product,product
Celda Audi 42 ect,15,product,product
COROPLAST NEGRO 4MM 690MM X 940MM (copia),27,product,product
"Charola  12 Cavidades pet 0.035""",33,product,product
ACRILICO CRISTAL 2MM (copia),27,product,product
CX430XLPE BLACK D-2# PCF ( 200 X 133 X 38 mm),27,product,product
ESMALTE FLASH COAT VERDE (copia),25,consu,consu
"PLACA ACERO 3/16"" X 4' X 10' (copia)",27,product,product
AEROCOMEX PINTURA EN AEROSOL (copia),25,consu,consu
"FRENO DE PISO 5"" X 2"" (copia)",27,product,product
"RODAJA 5"" X 2"" GIRATORIA (copia)",27,product,product
"RODAJA 5"" X 2"" GIRATORIA CON FRENO (copia)",27,product,product
"ETIQUETA KENNEDY 6 1/2"" X 4 1/2"" BLANCA (copia)",25,consu,consu
Etiqueta Estireno cal .20 10cm x 30cm hella (copia),25,consu,consu
AGUJA RED GROZ BECKERT DB X 1 NM 140/22 (copia),25,consu,consu
REMACHE 4 .8 X 15 (copia),25,consu,consu
REMACHE 4 .8 X 17 (copia),25,consu,consu
"TARIMA 48"" X 40"" NUEVA (copia)",15,product,product
"PLACA 1/4"" 4 ft x 10 ft",27,product,product
"LAMINA DESPLEGADA 1/8"" X 4FT X 10 FT",27,product,product
"TORNILLO 3/4"" X 6""",25,consu,consu
"TORNILLO 3/4"" X 6"" (copia)",25,consu,consu
"STACKING CAP  DE 2""",27,product,product
CAJA IP UPPER (copia),15,product,product
Charola 790 X 590 X 173,33,product,product
Charola 790 X 590 X 173 (copia),33,product,product
CHAROLA AUDIQ5 NM (copia),15,product,product
ADHESIVO B-1527 (copia),25,consu,consu
Etiqueta  Impresion en vinil Con tinta UV con acabado mate de 7 x 3 cms. HUD 2 (copia),25,consu,consu
ANCHO DE MAQUINA 51 ECT (copia),15,product,product
PALLET (copia),15,product,product
Lamina HIPS de estireno 1.20 X 1.52 40ml ( 1.0mm),27,product,product
FLASH COAT VIVID B4  AZUL INTENSO - 19LTS,25,consu,consu
COROPLAST 2 MM 1.185 X 1.160 AZUL REY (copia),27,product,product
XLPE 4# BARRA SUDAFRICA 393 X 89 X 25.4MM (copia),33,product,product
BLOQUE 51.8 mm X 28.8 mm X 43 mm XLPE 4# STD. NGB 4X48X72 (copia),33,product,product
PIEZA U 344 mm X 195.8 mm X 52 mm XLPE 4# STD. NGB 4X48X72 (copia),33,product,product
SEPARADOR 1008.4 mm X 344 mm X 37 mm XLPE 4# STD. NGB 3X48X72 (copia),33,product,product
"LAMINA 1 , 297 mm X 196 mm X 3 mm ,XLPE 4# STD. NGB 3X48X72, (copia)",33,product,product
EVOLON GRAY 100GR (copia),27,product,product
"FOAM .2LB EN 1.5"" 544MM*101MM",27,product,product
EVOLON GRAY 100GR (copia),27,product,product
ESQUINERO 102CM - STAB. 3 (copia),32,product,product
COROPLAST 2 MM 1.185 X 1.160 BLANCO (copia),27,product,product
"TARIMA 46.25"" X 44.5"" HT DE PRIMERA (copia)",15,product,product
INSERTO 1 FOAM 51MMX1090X70MM D2.2LB,27,product,product
INSERTO 1 FOAM 51MMX1090X70MM D2.2LB (copia),27,product,product
INSERTO 2 FOAM 51MMX1090X84MM D2.2LB (copia),27,product,product
"TARIMA 46.25"" X 44.5"" HT DE PRIMERA (copia)",15,product,product
Polipropileno Blanco 470mm x 1050mm cal 1mm,27,product,product
Etiqueta  Impresion en vinil Con tinta UV con acabado mate de 7 x 3 cms. HUD 2 (copia),25,consu,consu
Etiqueta  Impresion en vinil Con tinta UV con acabado mate de 7 x 3 cms. P703 LOWER CASE (copia),25,consu,consu
Etiqueta  Impresion en vinil Con tinta UV con acabado mate de 7 x 3 cms. P703 CASE (copia),25,consu,consu
Etiqueta Impresion en vinil Con tinta UV con acabado mate de 7 x 3 cms.143D LOWER CASE (copia),25,consu,consu
Etiqueta Impresion en vinil Con tinta UV con acabado mate de 7 x 3 cms.143D CASE (copia),25,consu,consu
Etiqueta Impresion en vinil Con tinta UV con acabado mate de 7 x 3 cms.CX430 RING (copia),25,consu,consu
Etiqueta Impresion en vinil Con tinta UV con acabado mate de 7 x 3 cms.CX430 SHIELD (copia),25,consu,consu
Etiqueta Impresion en vinil Con tinta UV con acabado mate de 7 x 3 cms.CX430 DECORATE (copia),25,consu,consu
Etiqueta Impresion en vinil Con tinta UV con acabado mate de 7 x 3 cms.P703 BRACKETS & FLAT WIRE (copia),25,consu,consu
"PIEZA ""U"" EN ESPUMA DE POLIETILENO (POLIFOAM) 2.2 LBS DENSIDAD CANTIDAD: 4 PIEZAS",27,product,product
inserto 1 2.2lb 230x1010x 50mm con adhesivo,27,product,product
"POLIFOAM 120 MM DE LARGO X 20 MM DE ANCHO X 1/2"" DE ESPESOR, EN 1.2 LBS",27,product,product
"Pieza foam 1.2lb 120x20mm esp. 0.5""",27,product,product
ANCHO DE MAQUINA 29 ECT (copia),15,product,product
INSERTO  A 63MM*25MM*76MM (copia),27,product,product
17X18  DUVETINA 2 CARAS (copia),27,product,product
"SOLERA DE 1/8*3"" (copia)",27,product,product
"SOLERA DE 1/8*3"" (copia)",27,product,product
"PLACA HDPE NATURAL 48"" X 120"" - 1/8"" ESPESOR (copia)",27,product,product
TAPON PARA TUBO  3/4,27,product,product
"PLACA DE POLIFOAM ESD 1"" 1.2MX2.7M",27,product,product
TORNILLO  STD 1/2 X 1 (copia),25,consu,consu
PR53581189 00010 Núcleo de Cartón 1.125” BLACK,32,product,product
Rollo Adhesivo Doble Capa 1.50m*225m,27,product,product
EVOLON GRAY 100GR (copia),27,product,product
POLIFOAM DE 1/4 DE 2 X 55MTS C/CORTE A 33CMS (copia),15,product,product
POLIFOAM DE 1/16 2MTS CON CORTE A 30CM,15,product,product
"Chaveta de Hierro pulido1/4 * 2""",25,consu,consu
"TARIMA 46.25"" X 44.5"" HT DE PRIMERA (copia)",15,product,product
"TARIMA 47"" X 63"" HT NUEVA (copia)",15,product,product
"3S5. Back Up Honda & Back Tarima 45"" X 42"" HT de PRIMERA (copia)",15,product,product
"TARIMA 47"" X 63"" HT NUEVA (copia)",15,product,product
"PIJA PUNTA DE BROCA 8 X 1/2"" ZINC (copia)",25,consu,consu
PALLET (copia),15,product,product
TOTE 24X15X7.5 NUEVO CON FONDO LISO (copia),33,product,product
"ETIQUETA U725 IC WINDOW PLATE 3.52 X 1.375"" (copia)",25,consu,consu
"TARIMA 47"" X 63"" HT NUEVA (copia)",15,product,product
"FOAM TAPA 200MM X 1100MM X 1"" (copia)",32,product,product
CELDA  SUDAFRICA HELLA 1 (copia),15,product,product
CAJA GLOVE BOX (copia),15,product,product
PAD GLOVE BOX (copia),15,product,product
CELDA A GLOVE BOX (copia),15,product,product
CELDA B GLOVE BOX (copia),15,product,product
BOLSA GLOVE BOX,15,product,product
PERFIL CUADRADO 1/2 (13MM.) X 1.2 MM (CAL. 18) X 6.0 (copia),27,product,product
"Lámina rPET Cristal 40 mils, 450x680 mm",27,product,product
"PTR 1.5"" X 1.5"" CAL. 12 (copia)",27,product,product
"SOLERA 2"" X 1/4"" GROSOR (copia)",27,product,product
"TORNILLO HEX. STD 3/8 X 3 1/2"" ZINC (copia)",25,consu,consu
ANCHO DE MAQUINA 71 ECT (copia),15,product,product
"Bolsas de Polietileno Industriales - Grosor 2 Mil, 76 x 112 cm",15,product,product
"TOTE 15"" X 12"" X 9"" FONDO LISO (copia)",33,product,product
XLPE 4# BARRA SUDAFRICA 393 X 89 X 25.4MM (copia),15,product,product
"TARIMA 48"" X 42"" HT (copia)",15,product,product
PACK REEL TERM,32,product,product
PACK REEL TERM (copia),32,product,product
"CMP-C0027162 Nucleo de Cartón de 1.250"" Yellow",32,product,product
"CMP-C0027165 Nucleo de Cartón de 1.500"" Gray",32,product,product
"CMP-C0027157 Nucleo de Cartón de 1.625"" DK Green",32,product,product
"CMP-C0027159 Nucleo de Cartón de 1.875"" Brown",32,product,product
"Núcleo de Cartón de 1.375"" Beige",32,product,product
COROPLAST BLANCO 4MM  A 1032mm x L1059mm,27,product,product
CELDA  SUDAFRICA HELLA 2 (copia),32,product,product
COROPLAST 4MM  1.40 X 2.44MTS BLANCO (copia),27,product,product
"DISCO MAKITA 14"" X 1/8"" X 1""  B-30514 (copia)",25,consu,consu
"TORNILLO HEXAGONAL DE 1/2"" X 2 1/2""",25,product,product
"SOLERA 1 1/2"" GROSOR 1/4"" (copia)",27,product,product
"SOLERA 1/8"" X 2"" (copia)",27,product,product
SUJETADORES DE CABLE,27,product,product
"CMP-C0027158 Centro de Cartón de 0.940"" Blue (copia)",32,product,product
"CMP-C0030139 Núcleo de Cartón de 0.500"" Red (copia)",32,product,product
NOVABIN MONOFLO BC 48 x 45 x 34IN,27,product,product
CARDBOARD CORNER 102 CM - STAB. 3 (copia),32,product,product
"REGATON REDONDO PLANO 1"" DE PLÁSTICO",27,product,product
"REGATON REDONDO PLANO 1"" DE PLÁSTICO (copia)",27,product,product
"RODAPIÉ HIDER 59"" EN LÁMINA DE 1/8"" ESP. (copia)",27,product,product
INSERTO A LOWER IMGL PIEZA DE XLPE 4#  COLOR NEGRO CON ADHESIVO. (copia),27,product,product
INSERTO B LOWER IMGL PIEZA DE XLPE 4#  COLOR NEGRO CON ADHESIVO. (copia),27,product,product
ETIQUETA 500B IC WINDOW PLATE (copia),25,consu,consu
"ETIQUETA VERDE LIMA 6""X3"" EN ESTIRENO CAL.40 1-2 TINTAS (copia)",25,consu,consu
"Foam peine 163mm x 1180mm espesor 2"" foam 2.2lbs",15,product,product
ETIQUETA SIDE WALL VERDE IMPRESA UV EN LEXAN DE 3” X 3”,25,consu,consu
ETIQUETA SIDE WALL VERDE IMPRESA UV EN LEXAN DE 3” X 3” (copia),25,consu,consu
ETIQUETA SIDE WALL VERDE IMPRESA UV EN LEXAN DE 6” X 3” (copia),25,consu,consu
NO TEJIDO DE POLIESTER 40 GR BLANCO H.150CM CON CORTE A 95CM,15,product,product
"ARANDELA PLANA DE 4.8MM 3/16"" ZINC ( 0.0012 Kg/ Pza.). (copia)",25,product,product
"CARDA PARA ESMERIL 3""",25,consu,consu
ANGULO 1/4 X2,27,product,product
"PTR 2"" x 2"" CAL. 11",27,product,product
TIP DOWN TOW PACKAGE,27,product,product
HDPE NEGRO 1/8 ESPESOR 1220MM*2440MM,27,product,product
HDPE NATURAL 1/8 1220MM X 2440MM,27,product,product
NO TEJIDO DE POLIPROP. 70GR. BLANCO ADHESIVO H.150CM (CORTE A 1.2M SOBRANTE DE .3M),27,product,product
"STACKCAPS 1 1/2"" (copia)",27,product,product
"RODAPIÉ HIDER 59"" EN LÁMINA DE 1/8"" ESP. (copia)",27,product,product
INSERTO #1 CABLE SET 6LB,27,product,product
BISAGRA TUBULAR 3/4 (copia),25,consu,consu
PTR 1 X 1 CAL 12,27,product,product
LOWER INSERTO A 1200 MM X 71 MM X 38 mm XLPE 4# STD BLACK + ADHESIVO 8950,27,product,product
ADHESIVO CKW-205  (RESISTOL) (copia),19,consu,consu
"RODAPIÉ HIDER 59"" EN LÁMINA DE 1/8"" ESP. (copia)",27,product,product
PLACA PARA TIRON - G42 (copia),27,product,product
ESMALTE FLASH COAT BLANCO (copia),25,consu,consu
3S5. BackUp. Carton. 1. Inserto. FOAM 51MMX1090X70MM D2.2LB (copia),27,product,product
"MH-6114B-3575P Spring Loaded Latch Barrel Dia ~0.61"" x Length ~1.4"" Plunger Dia ~0.35"" x Length ~0.75""",27,product,product
CAJA 746 & 747 (copia),15,product,product
LAMINA INSERTO PASSENGER & DRIVER,15,product,product
ANCHO DE MAQUINA 36 ECT (copia),15,product,product
"ARANDELA 1/2"" (copia)",27,product,product
"CABLE RECUBIERTO DE PVC  1/8"" (copia)",25,product,product
"PLACA # 27 8""*8""*1/8"" (copia)",27,product,product
ANCHO DE MAQUINA VERMONT 36 ECT,15,product,product
"PLACA # 19 43 5/8""*6""*3/16"" (copia)",27,product,product
"TUBO  3/4""  CED 40 (copia)",27,product,product
COROPLAST BLANCO 4MM A854MM*L680MM (copia),27,product,product
ANCHO DE MAQUINA 32ECT (copia),15,product,product
FOAM 1.7 LBS 544 MM DE L X 101 MM DE A X 38.1 MM DE ESP. CON ADHESIVO X LAS 2CARAS (copia),15,product,product
CHAROLA NEXTRACKER 42 (copia),15,product,product
COROPLAST 4MM 122X244  BLANCO (copia),15,product,product
TAPA NEXTRACKER /SHOCK T (copia),15,product,product
COROPLAST 5 MM 1.22 X 2.44 GRIS (copia),15,product,product
ECONO-PRIMER PRIMARIO ALQUIDALICO BLANCO (copia),27,product,product
"MX157793 1 X ITEM ""B"" XLPE BLACK D-4.0# PCF (213 X 80 X 20 mm) (copia)",27,product,product
Console LOWER (copia),15,product,product
"PLACA # 24  8""*8""*1/8"" (copia)",27,product,product
TARIMA DE MADERA 60x48” (copia),15,product,product
CAJA 241B STABILUS,15,product,product
CAJA PUERTAS (copia),15,product,product
"U725INSERT ""B"" XLPE BLACK D-2# PCF ( 220 X 38 X 25 mm) (copia)",27,product,product
"PLACA 1/8"" 4 ft x 10 ft (copia)",27,product,product
"LAMINA DESPLEGADA 1/8"" X 4FT X 10 FT (copia)",27,product,product
"INDUSTRIAL 16"" CAJA COMPLETA (copia)",15,product,product
"MX157793 1 X ITEM ""B"" XLPE BLACK D-4.0# PCF (213 X 80 X 20 mm) (copia)",27,product,product
INSERTO X-LINK A 245MM X 38MM X 25MM 8LB (copia),27,product,product
NO TEJIDO DE POLIESTER 40 GR BLANCO H.150CM CON CORTE A 50CM (copia),15,product,product
CHAROLA AUDIQ5 NM (copia),15,product,product
METALEX ULTRA DEEP BRILLANTE SUNFLOWER SW6678 (copia),27,product,product
TAPA GENERAL NEXTRACKER 42 (copia),15,product,product
INSERTO 241B STABILUS,15,product,product
PLASTILONA INCOLORA ANTI DUST 18 PLUS (copia),27,product,product
INSERTO 1 502 mm X 105 mm X 51 mm XLPE 4# CHARCOAL (copia),27,product,product
"TUERCA DE SEGURIDAD 3/4"" (copia)",27,product,product
CAJA VARROC 700 (copia),15,product,product
ARANDELA  PARA PIJA 1/16 (copia),25,consu,consu
BOX TESLA IMC 070,32,product,product
CELDA IP (copia),15,product,product
LAMINA STABILUS 1 (FORD & SOLARES) (copia),15,product,product
"PLACA # 15  8""*8""*1/8"" (copia)",27,product,product
Polipropileno Blanco 470mm x 1050mm cal 1mm (copia),27,product,product
METALEX ULTRA DEEP BRILLANTE AZUL DJ LOWER (COLOR AZUL 006) (copia),27,product,product
"BROCA P/FIERRO 9/16"" (copia)",27,product,product
COROPLAST 5MM  1.00MTS X 1.185MTS NEGRO (copia),27,product,product
COROPLAST 5 MM 1.22 X 2.44 NEGRO (copia),27,product,product
TAPA PUERTAS,15,product,product
COROPLAST BLANCO 4MM  A 1032mm x L1059mm (copia),27,product,product
CELDA NEXTRACKER 42 (copia),15,product,product
HEAVY DUTY SPRING LATCH (copia),25,product,product
"PIEZA 6 LÁMINA DOBLADA 3"" X 2"" ESPESOR 1/8"" (copia)",25,product,product
"TORNILLO 3/4"" X 6"" (copia)",25,consu,consu
CELDA AUDIQ5 (copia),15,product,product
CAJA IP UPPER (copia),15,product,product
Polipropileno Blanco 470mm x 1050mm cal 1mm (copia),27,product,product
"CARDA PARA ESMERIL 3"" (copia)",25,consu,consu
NO TEJIDO DE POLIESTER 40 GR BLANCO H.150CM CON CORTE A 95CM (copia),15,product,product
inserto 1 2.2lb 150x1008x 101mm con adhesivo (copia),27,product,product
"143D INSERT ""B"" XLPE BLACK D-2# PCF (214 X 25 X 38 mm) (copia)",27,product,product
TARIMA DE MADERA 71x46” (copia),15,product,product
Avanzar TRMX (copia),15,product,product
"CAJA INDUSTRIAL 48"" NM",15,product,product
"EVOLON GRAY 100 GREY  37"" ( 1094LY * ROLLO ) (copia)",27,product,product
"PTR 2"" * 1"" CAL 16 (copia)",27,product,product
PIEZA 4 TOPE DE MECANISMO LOWER BEAM (copia),25,product,product
PINTURA ACABADO BRILLANTE COLOR CAFE SIENA 33-08 (copia),25,consu,consu
"MY AUSTIN CCB - CEL.D. INS.A,B,C,D. (copia)",15,product,product
CELDA A VENTILLAS (copia),15,product,product
MY AUSTIN CCB (copia),15,product,product
"PLACA # 12 5""*2""*3/16"" (copia)",27,product,product
MY AUSTIN CCB (copia),15,product,product
Avanzar TRMX (copia),15,product,product
"Foam peine 163mm x 1180mm espesor 2"" foam 2.2lbs (copia)",15,product,product
TIP DOWN TOW PACKAGE (copia),27,product,product
"TARIMA PLASTICA 48"" X 45""",33,product,product
CAJA PUERTAS (copia),15,product,product
"U725 INSERT ""A"" XLPE BLACK D-2# PCF (220 X 133 X 38 mm) (copia)",27,product,product
EVOLON GRAY 100 GREY 1524MM/1000M (copia),27,product,product
"TUERCA DE SEGURIDAD 3/4"" (copia)",25,consu,consu
"RODAJA FIJA 8X2"" OVALADA VERDE (copia)",27,product,product
"RODAJA GIRATORIA 4"" X 2"" CON RUEDA DE POLIURETANO DURATOUGH (copia)",15,product,product
INSERTO 6 128 mm X 34 mm X 51 mm XLPE 4# CHARCOAL (copia),27,product,product
PVC CALIBRE CAL10 TRANSPARENTE (copia),27,product,product
"SOLERA DE 1/2"" * 2"" (copia)",27,product,product
COROPLAST BLANCO 5 MM 122X244,15,product,product
EVOLON GRAY 100 GREY 981MM/1000M (copia),27,product,product
Console LOWER (copia),15,product,product
"RODAPIÉ CORTO 36.06"" EN LÁMINA DE 1/8"" ESP. (copia)",27,product,product
CAJA TRASERO (copia),15,product,product
TAPA FAN SYSTEM  / T. CC91 (copia),15,product,product
INSERTO B DE XLINK 8 LB - LOWER BEAM (copia),27,product,product
"PERNO DE HOMBRO DE 1/2"" X 1 1/2"" (copia)",25,product,product
CAJA C 520,15,product,product
"MANGUERA LISA NEGRA DE 1"" (copia)",25,product,product
"143DINSERT ""A"" XLPE BLACK D-2# PCF ( 215 X 133 X 38 mm) (copia)",27,product,product
CAJA C 520 (copia),15,product,product
SOBRANTE SENCILLO (copia),27,product,product
PRIMARIO ANTICORROSIVO BLANCO GL (copia),25,consu,consu
LOWER INSERTO A 1200 MM X 71 MM X 38 mm XLPE 4# STD BLACK + ADHESIVO 8950 (copia),27,product,product
"PLACA # 10 29 1/2""*2""*3/16"" (copia)",27,product,product
"PTR 2"" X 2"" CAL. 14",15,product,product
"143D INSERT ""B"" XLPE BLACK D-2# PCF (214 X 25 X 38 mm) (copia)",27,product,product
ANCHO DE MAQUINA 51 ECT (copia),15,product,product
INSERTO 3 RH 502 mm X 101 mm X 51 mm XLPE 4# CHARCOAL (copia),27,product,product
"MCV  Celda B, Celda C e Inserto E (copia)",15,product,product
U725. DIAL. A. Insert. XLPE BLACK D-2# PCF (220 X 133 X 38 mm) (copia),27,product,product
"PLACA # 25 43 5/8""*6""*3/16"" (copia)",27,product,product
INSERTO X-LINK A 100MM X 127MM X 85MM 8LB (copia),27,product,product
Charola 790 X 590 X 158 (copia),33,product,product
"MY AUSTIN CCB - CEL.A,B,C. INS.E. PAD (copia)",15,product,product
"RODAJA GIRATORIA 8X2"" OVALADA VERDE (copia)",27,product,product
TAPA GENERAL NEXTRACKER (copia),15,product,product
"PLACA DE BLOQUEO EN PLACA DE 1/4"" (copia)",27,product,product
TONILLO ESTUFA 1/4 X 1 1/2 (copia),25,consu,consu
CELDA ARMREST (copia),15,product,product
COROPLAST 5.0 MM ESD 140 X 244 NEGRO (copia),27,product,product
DILUYENTE ESTANDAR SAYER GL (copia),25,consu,consu
Evolon ESD Guard 13oz/yd Grey,27,product,product
"PIEZA 5  RIEL 2"" X 1"" (copia)",25,product,product
"GANCHO 3/4"" SURTEK (copia)",27,product,product
ESQUINERO 2.75” x 2.75” x 74cm Cal.225,15,product,product
Esquinero para 745 y  2320272,14,product,product
INSERTO A DE XLINK 8 LB - LOWER BEAM (copia),27,product,product
TAPA FAN SYSTEM  / T. CC91 (copia),15,product,product
"SOLERA 3/16"" * 3"" (copia)",27,product,product
CELDA /INSERTO 955961,15,product,product
"CMP-C0030140 Núcleo de Cartón de 0.625"" Orange (copia)",32,product,product
INSERTO B DE XLINK 8 LB - LOWER BEAM (copia),27,product,product
LOWER INSERTO B 1200 MM X 127 MM X 38 mm LOWER IMGL INS B XLPE 4# STD BLACK + ADHESIVO 8950 (copia),27,product,product
CAJA TRASERO (copia),15,product,product
CAJA TRASERO (copia),15,product,product
CAJA 241B STABILUS (copia),15,product,product
PINTURA ACABADO BRILLANTE COLOR CAÑA DE AZÚCAR (copia),27,product,product
"MX157793 1 X ITEM ""B"" XLPE BLACK D-4.0# PCF (213 X 80 X 20 mm) (copia)",27,product,product
"PIEZA ""SEPARADOR"" EN ESPUMA DE POLIETILENO (POLIFOAM) 2.2 LBS DENSIDAD CANTIDAD: 1 PIEZA (copia)",27,product,product
1 ROLLO DE 2.10M DE TELA NO TEJIDA 30GR (copia),15,product,product
inserto 1 2.2lb 230x1010x 50mm con adhesivo (copia),27,product,product
"PIEZA ""U"" EN ESPUMA DE POLIETILENO (POLIFOAM) 2.2 LBS DENSIDAD CANTIDAD: 4 PIEZAS (copia)",27,product,product
JALADERA 4 1/2 (copia),15,product,product
Charola 790 X 590 X 172 (copia),33,product,product
INSERTO 3 LH 502 mm X 101 mm X 51 mm XLPE 4# CHARCOAL (copia),27,product,product
"PERRO DE ACERO PARA CABLE DE 1/8"" (copia)",27,product,product
"RODAPIÉ UNIVERSAL 45.98"" EN LÁMINA DE 1/8"" ESP. (copia)",27,product,product
TAPA PUERTAS NM (copia),15,product,product
"TUERCA DE SEGURIDAD 1/2"" (copia)",27,product,product
COROPLAST BLANCO 4MM 1350MM*1450MM (copia),27,product,product
PIEZA 2 SUJETADOR DE MECANISMO LOWER BEAM (copia),25,product,product
1 ROLLO DE 75 CM DE TELA NO TEJIDA (copia),15,product,product
"PTR 2"" x 2"" CAL. 11 (copia)",27,product,product
GRAPA 6618-C 14.29 MM (copia),19,consu,consu
ANCHO DE MAQUINA 51 ECT (copia),15,product,product
CAJA PUERTAS (copia),15,product,product
CARTON PLANTA B (copia),15,product,product
LAMINA DE ESTATICO C/A 100 GRS 1 CARA  1.5mm x 200 mm x 200mm (copia),32,product,product
LOWER INSERTO C 1165 MM X 38 MM X 25 mm XLPE 4# STD BLACK + ADHESIVO 8950 (copia),27,product,product
"TORNILLO HEXAGONAL 1/2"" X 3 1/2"" (copia)",27,product,product
ANCHO DE MAQUINA ABC (copia),15,product,product
COROPLAST BLANCO 4MM 1350MM*1450MM,27,product,product
EVOLON GRAY 100 GREY 1830MM/1500M (copia),27,product,product
"RODAJA GIRATORIA 8X2"" OVALADA VERDE M (copia)",27,product,product
PVC CALIBRE 20 BLANC,15,product,product
TAPA IP (copia),15,product,product
"CMP-C0027161 Núcleo de Cartón de 2.250"" Maroon (copia)",32,product,product
CORTILONA MATE,15,product,product
MY AUSTIN CCB - CUELLO (copia),15,product,product
"RODAJA FIJA 4"" X 2"" CON RUEDA DE POLIURETANO DURATOUGH (copia)",15,product,product
"TAQUETE TABLAROCA 1"" (copia)",27,product,product
COROPLAST 4.0 MM 122 X 244 NEGRO (copia),27,product,product
"MX157793 1 X ITEM ""A"" XLPE BLACK D-4.0# PCF (213 X 18 X 35 mm) (copia)",27,product,product
"EVOLON GRAY 100 GREY  22.5"" ( 1094LY * ROLLO ) (copia)",15,product,product
INSERTO 4 LH 148 mm X 101 mm X 51 mm XLPE 4# CHARCOAL (copia),27,product,product
INSERTO 4 RH 148 mm X 101 mm X 51 mm XLPE 4# CHARCOAL (copia),27,product,product
"PTR 1.5"" x 1.5"" CAL. 14 (copia)",27,product,product
PTR 1 X 1 CAL 12 (copia),27,product,product
1 ROLLO DE 66 CM DE TELA NO TEJIDA,15,product,product
INSERTO 2 152 mm X 105 mm X 51 mm  XLPE 4# CHARCOAL (copia),27,product,product
KEY RING MAXUM (copia),27,product,product
Coroplast color negro 5 mm 1.185x1.000,15,product,product
NO TEJIDO DE POLIESTER 40 GR BLANCO H.150CM CON CORTE A 81CM (copia),15,product,product
CAJA TRASERO (copia),15,product,product
TUBO CED. 30 DE 1/2 (13 MM.) (1.91 MM ESP) A 6 MTS (copia),27,product,product
TIP DOWN TOW PACKAGE (copia),27,product,product
U725. DIAL. A. Insert. XLPE BLACK D-2# PCF (220 X 133 X 38 mm) (copia),27,product,product
CX430XLPE BLACK D-2# PCF ( 200 X 133 X 38 mm) (copia),27,product,product
"PIJA PUNTA BROCA CON CABEZA HEXAGONAL 1/8 2"" (copia)",27,product,product
CARTON PLANTA B (copia),15,product,product
TYVECK- LONA 2473,15,product,product
CAJA IP UPPER (copia),15,product,product
"ESQUINERO 45"" (copia)",32,product,product
LONA TRANSFLEX (copia),27,product,product
INSERTO #1 CABLE SET 6LB (copia),27,product,product
"FOAM CAJA 200MM X 1100MM X 2.75"" (copia)",32,product,product
COROPLAST BLANCO  4 MM 994mm x 1216mm (copia),27,product,product
"PEINE BRUSH 18"" (copia)",27,product,product
PIEZA 3 LÁMINA LOWER BEAM (copia),25,product,product
ANCHO DE MAQUINA 61 DK 2470MM X 2500 (copia),15,product,product
PINTURA ACABADO BRILLANTE COLOR CAÑA DE AZÚCAR (copia),27,product,product
COUPLER (copia),27,product,product
ORDEN CERRADA ROTATIVA (copia),15,product,product
"PIJA PUNTA DE BROCA  1/16 X 1 1/4"" PUNTA EXAGONAL (copia)",25,consu,consu
"CMP-C0027166 Núcleo de Cartón de 0.8125"" LT Green (copia)",32,product,product
"INDUSTRIAL 16"" CAJA COMPLETA (copia)",15,product,product
PIEZA 1  SUJETADOR DE PERNO LOWER BEAM (copia),25,product,product
MY AUSTIN CCB (copia),15,product,product
COROPLAST BLANCO  4 MM 972mm x 994mm (copia),27,product,product
CELDA PUERTAS (copia),15,product,product
"PLACA # 22 8""*6""*3/16"" (copia)",27,product,product
PROYECTO ITRANSFER,15,product,product
"ESQUINERO 3"" X 3"" X 100CM CAL 180 (copia)",15,product,product
HDPE NEGRO 1/8 1220MM X 2440MM (copia),27,product,product
CHAROLA VW CHATTANOOGA (copia),15,product,product
inserto 1 2.2lb 150x1008x32mm con adhesivo (copia),27,product,product
INSERTO 5 136 MM X 30 MM X 25 MM XLPE 4# CHARCOAL (copia),27,product,product
LAMINA DE ESTATICO C/A 100 GRS 1 CARA  1.5mm x 100 mm x 200mm (copia),32,product,product
"EVOLON GRAY 100 GREY  22.5"" ( 1094LY * ROLLO ) (copia)",27,product,product
"RODAJA GIRATORIA 4"" X 2"" FENOLICA (copia)",15,product,product
PAD IP (copia),15,product,product
Charola 790 X 590 X 210 (copia),33,product,product
COUPLER (copia),27,product,product
ANCHO DE MAQUINA MICROCORRUGADO ECT 32 (copia),15,product,product
"PLACA TOPE EN PLACA DE 1/2"" DE ESPESOR (copia)",27,product,product
"RODAPIE DE 56"" LGO. EN PLACA DE 1/8"" ESP. (copia)",27,product,product
MY AUSTIN CCB - TAPA (copia),15,product,product
"MX157793 1 X ITEM ""A"" XLPE BLACK D-4.0# PCF (213 X 18 X 35 mm) (copia)",27,product,product
"PIJA PUNTA DE BROCA 8 X 1/2"" ZINC",25,consu,consu
REMACHE 4 .8 X 27,19,consu,consu
"CORNER BOARD 45""",32,product,product
TARIMA 745,15,product,product
"CORNER BOARD 40""",14,product,product
"CORNER BOARD 30"" ",32,product,product
"CORNER BOARD 48"" ",32,product,product
CAJA PKG003671,15,product,product
"RODAJA 8"" X 3"" FIJA",27,product,product
"RODAJA 5"" X 2"" GIRATORIA",27,product,product
"BASE XLPE 4# DE 4"" x 2"" x 1""",27,product,product
RESISTOL 5000,25,consu,consu
"PLACA BARRENADA EN PLACA DE 1/4"" DE ESPESOR (copia)",27,product,product
TRAY FOR PIPE PN MX082750-0180 PACKAGING MCV,33,product,product
"TOTE 24"" X 15"" X 11"" FONDO LISO (copia)",33,product,product
"Un vehículo usado en las condiciones en las que se encuentra marca DODGE, tipo RAM 4000, año modelo 2024, número de serie 3C7WRAKT3RG183192, número de motor H EN MEXICO. Este comprobante sustituye a la factura número A048292 expedida por MIRADOR AUTOMOTRIZ, S.A. DE C.V. el 15 de febrero de 2024.",18,service,service
NEW NEXTRACKER BOX KIT,23,product,product
Planificación o administración de proyectos,18,service,service
DJPE Glass Sub Assy RH-LH Grande,28,product,product
DJPE GLASS SUB ASSY RH-LH CORTO,28,product,product
"Servicios de representación comercial, distribución y logística.",18,service,service
"DJ Grille, Rack SPD Prototipo para valid",28,product,product
DJPE GLASS SUB ASSY RH-LH LARGO,28,product,product
BOX 3902VI,14,product,product
AUTOMOVIL DODGE ATTITUDE SXT MT 2020 NO. DE SERIE ML3AB56J7LH007869 COLOR PLATA/GRIS OSCURO TRANSMISION MANUAL 5 VELOCIDADES (copia),18,service,service
"BOLSA PE 700 mm X 480 mm X 1/8"" PE BAJA DENSIDAD BCO",15,product,product
RACK DJ LOWER CENTER AND SIDE,28,product,product
"TOTE 15"" X 12"" X 9"" FONDO LISO (copia)",33,product,product
ETIQUETA A PILLAR VERDE IMPRESA UV EN LEXAN DE 3” X 3” (copia),25,consu,consu
RAM MODELO:2015  VIN: 3C7WRAKT3FG599464  VERSION:4000,18,service,service
TOYOTA SIENNA 2015 COLOR : BLANCO TAPICERIA: BEIGE VIN 5TDYK3DC6FS619131 NUMERO DE MOTOR 2GR-E840516,18,service,service
NEXTRACKER KIT BOXES (copia),23,product,product
PAD 43X36 DAIMLER ,14,product,product
VELCRO 1 FELPA,27,product,product
CARTON: BP#=48CP994: SHT=1: DETAIL=1: DA,14,product,product
AUTOMOVIL DODGE ATTITUDE SXT MT 2020 NO. DE SERIE ML3AB56J7LH007869 COLOR PLATA/GRIS OSCURO TRANSMISION MANUAL 5 VELOCIDADES,18,service,service
Servicios de planeación búsqueda e identificación y administración en la implementación de nuevos proyectos de ventas de exportación a USA.,18,service,service
NEXTRACKER KIT (copia),23,product,product
RAM MODELO:2015  VIN: 3C7WRAKT1FG599463  VERSION:4000,18,service,service
Y0093055 TAPA 760,14,product,product
"TOTE 24"" X 22"" X 7"" FONDO LISO",33,product,product
CAPLE 180300810-44,32,product,product
"TOTE 24"" X 22"" X 14"" FONDO REFORZADO (copia)",33,product,product
Metal Mount RFID Label Metal Racks/Container ARMREST REAR,25,product,product
GUA-KNEW002 (copia),18,service,service
CARETA SANITARIA,15,product,product
Thermoformed Tray for 52.181-00 (copia),18,service,service
