name,type,detailed_type,categ_id
"""	[RTM-CB5-6001] COROPLAST 5.0 MM ESD 140 X 244 NEGRO""",Producto almacenable,Producto almacenable,Todos
0.53,Producto almacenable,Producto almacenable,Todos
/ CAJA INTERMEDIA CORR DOB 21X13X12IN TO,Producto almacenable,Producto almacenable,Cartón / Producto Terminado (Cartón)
00010 VF Lower Beam WIP Racks,Producto almacenable,Producto almacenable,Retornable / Producto Terminado (Retornable)
00220 451531 FS 30 99 0000 00 000 CARTÓN,Producto almacenable,Producto almacenable,Cartón / Producto Terminado (Cartón)
0057,Consumible,Consumible,Todos
00688,Consumible,Consumible,Todos
00720 239538 AS 30 99 0000 00 000 CARTÓN (EMPAQUE),Producto almacenable,Producto almacenable,Cartón / Producto Terminado (Cartón)
0093,Consumible,Consumible,Todos
0116,Consumible,Consumible,Todos
0308-01. PALLET-0154-02 Tesla Glove 45x48 (Recycled).,Producto almacenable,Producto almacenable,Cartón / Producto Terminado (Cartón)
048541. IMC 120. Caja S.M.,Producto almacenable,Producto almacenable,Cartón / Producto Terminado (Cartón)
048541. IMC 120. Corte.,Producto almacenable,Producto almacenable,Cartón / Producto en proceso (Cartón)
048541. IMC 120. Lamina Impresa.,Producto almacenable,Producto almacenable,Cartón / Producto en proceso (Cartón)
1 Prototype boxes,Producto almacenable,Producto almacenable,Cartón / Producto Terminado (Cartón)
1 ROLLO DE 105CM TELA NO TEJIDA,Producto almacenable,Producto almacenable,Cartón / Materia Prima (Cartón)
1 ROLLO DE 2.10M DE TELA NO TEJIDA 30GR,Producto almacenable,Producto almacenable,Cartón / Materia Prima (Cartón)
1 ROLLO DE 50CM TELA NO TEJIDA,Producto almacenable,Producto almacenable,Cartón / Materia Prima (Cartón)
1 ROLLO DE 60 CM TELA NO TEJIDA,Producto almacenable,Producto almacenable,Cartón / Materia Prima (Cartón)
1 ROLLO DE 61CM TELA NO TEJIDA,Producto almacenable,Producto almacenable,Cartón / Materia Prima (Cartón)
1 ROLLO DE 70CM TELA NO TEJIDA,Producto almacenable,Producto almacenable,Cartón / Materia Prima (Cartón)
1 ROLLO DE 75 CM DE TELA NO TEJIDA,Producto almacenable,Producto almacenable,Cartón / Materia Prima (Cartón)
1 ROLLO DE 81 CM DE TELA NO TEJIDA,Producto almacenable,Producto almacenable,Cartón / Materia Prima (Cartón)
1 ROLLO DE 95CM TELA NO TEJIDA,Producto almacenable,Producto almacenable,Cartón / Materia Prima (Cartón)
1.3. Chattanooga. Bloqueo. Pieza.,Producto almacenable,Producto almacenable,Cartón / Producto en proceso (Cartón)
1.3. Chattanooga. Celda. Pieza.,Producto almacenable,Producto almacenable,Cartón / Producto en proceso (Cartón)
1.3. Chattanooga. Charola Impresa. Pieza.,Producto almacenable,Producto almacenable,Cartón / Producto en proceso (Cartón)
1.3. Chattanooga. Charola Troquelada. Pieza.,Producto almacenable,Producto almacenable,Cartón / Producto en proceso (Cartón)
"1035 VELCRO 1"" DUNNAGE ROPACK",Producto almacenable,Producto almacenable,Retornable / Producto en proceso (Retornable)
"1100 MM VELCRO AUTO 1"" ROPACK",Producto almacenable,Producto almacenable,Retornable / Producto en proceso (Retornable)
"1100 VELCRO 1"" DUNNAGE ROPACK",Producto almacenable,Producto almacenable,Retornable / Producto en proceso (Retornable)
"1110 TUBO 3/4"" - DECO ASSY PASSENGER",Producto almacenable,Producto almacenable,Retornable / Producto en proceso (Retornable)
"120 NYLON 1"" TAPA 2422 - LADO 22 AL DUNNAGE",Producto almacenable,Producto almacenable,Retornable / Producto en proceso (Retornable)
120 NYLON TAPA -  780B,Producto almacenable,Producto almacenable,Retornable / Producto en proceso (Retornable)
"1278 PAD, 125C 10 3/8 X 14 5/8",Servicio,Servicio,Servicios
1282,Consumible,Consumible,Todos
13791. GM177. Charola Armada.,Producto almacenable,Producto almacenable,Cartón / Producto Terminado (Cartón)
13802  U611. 341332.  U625. Charola Armada.,Producto almacenable,Producto almacenable,Cartón / Producto Terminado (Cartón)
13803   U611. 341332. U625. Celda. Pieza.,Producto almacenable,Producto almacenable,Cartón / Producto en Proceso MTS (Cartón)
13804  U611. 341332. U625. Charola Impresa. Pieza.,Producto almacenable,Producto almacenable,Cartón / Producto en Proceso MTS (Cartón)
13805   U611. 341332. U625. Divisor. Pieza.,Producto almacenable,Producto almacenable,Cartón / Producto en Proceso MTS (Cartón)
13808. 357790.  TAPA,Producto almacenable,Producto almacenable,Cartón / Producto Terminado (Cartón)
13808. 357790. TAPA,Producto almacenable,Producto almacenable,Todos
13809. 358268. CAJA,Producto almacenable,Producto almacenable,Cartón / Producto Terminado (Cartón)
13810. 358268. TAPA.,Producto almacenable,Producto almacenable,Cartón / Producto Terminado (Cartón)
13817. Audi Q5. Charola Armada.,Producto almacenable,Producto almacenable,Cartón / Producto Terminado (Cartón)
13833. 928069 Chattanooga. St3. Charola Armada.,Producto almacenable,Producto almacenable,Cartón / Producto Terminado (Cartón)
13834. 955061. Charola Armada.,Producto almacenable,Producto almacenable,Cartón / Producto Terminado (Cartón)
13850,Consumible,Consumible,Todos
13851. BOX 12*15*07. FCA EXPORT ALTERNATIVA. CAJA.,Producto almacenable,Producto almacenable,Cartón / Producto Terminado (Cartón)
13852. BOX 12*15*07. FCA EXPORT ALTERNATIVA. TAPA.,Producto almacenable,Producto almacenable,Cartón / Producto Terminado (Cartón)
13860  BOX 2066WT,Producto almacenable,Producto almacenable,Cartón / Producto Terminado (Cartón)
13863,Consumible,Consumible,Todos
13867. VH. 3899. Caja.,Producto almacenable,Producto almacenable,Cartón / Producto Terminado (Cartón)
"13876 16"". Caja Terminada.",Producto almacenable,Producto almacenable,Cartón / Producto Terminado (Cartón)
13877,Consumible,Consumible,Todos
"13877  24"". Caja Terminada.",Producto almacenable,Producto almacenable,Cartón / Producto Terminado (Cartón)
13891. 643920. Stabomat. Caja.,Producto almacenable,Producto almacenable,Cartón / Producto Terminado (Cartón)
13893. MOPAR CH. 755266. CAJA IMP.,Producto almacenable,Producto almacenable,Cartón / Producto Terminado (Cartón)
13910 241B. Export. Caja.,Producto almacenable,Producto almacenable,Cartón / Producto Terminado (Cartón)
1400 NYLON - DECO ASSY PASSENGER,Producto almacenable,Producto almacenable,Retornable / Producto en proceso (Retornable)
14007. Shock Tower. Caja.,Producto almacenable,Producto almacenable,Cartón / Producto Terminado (Cartón)
14096. Audi Q5. Celda Troquelada.,Producto almacenable,Producto almacenable,Cartón / Producto en Proceso MTS (Cartón)
14100. GM177. Celda Troquelada.,Producto almacenable,Producto almacenable,Cartón / Producto en Proceso MTS (Cartón)
14116    Chattanooga. St3. Celda Troquelada.,Producto almacenable,Producto almacenable,Cartón / Producto en Proceso MTS (Cartón)
14128. Audi Q5. Charola Troquelada.,Producto almacenable,Producto almacenable,Cartón / Producto en Proceso MTS (Cartón)
14131. GM177. Charola Troquelada.,Producto almacenable,Producto almacenable,Cartón / Producto en Proceso MTS (Cartón)
14139   Chattanooga. St1 y St3. Charola Troquelada.,Producto almacenable,Producto almacenable,Cartón / Producto en Proceso MTS (Cartón)
14142. CHRYSLER INSERT DJ. 694087.,Producto almacenable,Producto almacenable,Cartón / Producto Terminado (Cartón)
14234. Audi Q5. Divisor Troquelado.,Producto almacenable,Producto almacenable,Cartón / Producto en Proceso MTS (Cartón)
14236   Chattanooga. St1 y St3. Divisor Troquelado.,Producto almacenable,Producto almacenable,Cartón / Producto en Proceso MTS (Cartón)
14238. GM177. Divisor.,Producto almacenable,Producto almacenable,Cartón / Producto en Proceso MTS (Cartón)
14240   Chattanooga. St1 y St3. Zig Zag Troquelado.,Producto almacenable,Producto almacenable,Cartón / Producto en Proceso MTS (Cartón)
14301. 642762. Pad. S.M.,Producto almacenable,Producto almacenable,Cartón / Producto Terminado (Cartón)
14303. MOPAR 734453. INSERTO.,Producto almacenable,Producto almacenable,Cartón / Producto Terminado (Cartón)
14305. MOPAR. 755027. INSERTO. CH. S.M.,Producto almacenable,Producto almacenable,Cartón / Producto Terminado (Cartón)
14306. Damper Ford DTP. Inserto.,Producto almacenable,Producto almacenable,Cartón / Producto Terminado (Cartón)
14308. 241B. Export. Inserto.,Producto almacenable,Producto almacenable,Cartón / Producto Terminado (Cartón)
14322. Nextracker. 1 y 2. Charola Troquelada.,Producto almacenable,Producto almacenable,Cartón / Producto en Proceso MTS (Cartón)
14324. Nextracker. 1 y 2. Tapa Troquelada.,Producto almacenable,Producto almacenable,Cartón / Producto en Proceso MTS (Cartón)
14332 241B. Export. Lid Carboard.,Producto almacenable,Producto almacenable,Cartón / Producto Terminado (Cartón)
14385    CELDA 576,Producto almacenable,Producto almacenable,Cartón / Producto Terminado (Cartón)
143907. Solares. Celda Troquelada.,Producto almacenable,Producto almacenable,Cartón / Producto en proceso (Cartón)
143907. Solares. Charola Troquelada.,Producto almacenable,Producto almacenable,Cartón / Producto en proceso (Cartón)
143907. Solares. Charola. Armada.,Producto almacenable,Producto almacenable,Cartón / Producto Terminado (Cartón)
143907. Solares. Inserto Troquelada.,Producto almacenable,Producto almacenable,Cartón / Producto en proceso (Cartón)
143907. Solares. Tapa Troquelada.,Producto almacenable,Producto almacenable,Cartón / Producto en proceso (Cartón)
"143D INSERT ""B"" XLPE BLACK D-2# PCF (214 X 25 X 38 mm)",Producto almacenable,Producto almacenable,Retornable / Materia Prima (Retornable)
143D. DIAL. Charola.,Producto almacenable,Producto almacenable,Retornable / Producto en proceso (Retornable)
143D. Dial. A. Pieza.,Producto almacenable,Producto almacenable,Retornable / Producto en proceso (Retornable)
"143DINSERT ""A"" XLPE BLACK D-2# PCF ( 215 X 133 X 38 mm)",Producto almacenable,Producto almacenable,Retornable / Materia Prima (Retornable)
14452. VF3894. SEPARADOR,Producto almacenable,Producto almacenable,Cartón / Producto Terminado (Cartón)
14454. Daimler. TMC. Pad 43 x 36.,Producto almacenable,Producto almacenable,Cartón / Producto Terminado (Cartón)
14455. 6587RJ. STABOMAT. SEPARADOR.,Producto almacenable,Producto almacenable,Cartón / Producto Terminado (Cartón)
14586. Nextracker. 1. Celda Troquelada.,Producto almacenable,Producto almacenable,Cartón / Producto en Proceso MTS (Cartón)
14587. Nextracker. 1 y 2. Inserto Troquelada.,Producto almacenable,Producto almacenable,Cartón / Producto en Proceso MTS (Cartón)
14643  241B. Export. Pad. Pieza.,Producto almacenable,Producto almacenable,Cartón / Producto en proceso (Cartón)
14644 241B. Export. A. Pieza.,Producto almacenable,Producto almacenable,Cartón / Producto en proceso (Cartón)
14645 241B. Export. B. Pieza.,Producto almacenable,Producto almacenable,Cartón / Producto en proceso (Cartón)
14652  241B. Export. Tapa o Pad.,Producto almacenable,Producto almacenable,Cartón / Producto Terminado (Cartón)
14759. Shock Tower. Tapa Gral.,Producto almacenable,Producto almacenable,Cartón / Producto Terminado (Cartón)
14783,Consumible,Consumible,Todos
14783. TMC150. Inserto.,Producto almacenable,Producto almacenable,Cartón / Producto Terminado (Cartón)
"1500 MM NYLON 1"" - DECO ASSY DRIVER",Producto almacenable,Producto almacenable,Retornable / Producto en proceso (Retornable)
1520,Consumible,Consumible,Todos
15676,Producto almacenable,Producto almacenable,Todos
15676,Consumible,Consumible,Todos
15676,Consumible,Consumible,Todos
"15676      34"". Caja Terminada.",Producto almacenable,Producto almacenable,Cartón / Producto Terminado (Cartón)
"15686      48"". Lamina sin Impresión.",Producto almacenable,Producto almacenable,Cartón / Producto en Proceso MTS (Cartón)
"15687      48"". Lamina Troquelada.",Producto almacenable,Producto almacenable,Cartón / Producto en Proceso MTS (Cartón)
"15741   34"". Lamina Troquelada.",Producto almacenable,Producto almacenable,Cartón / Producto en Proceso MTS (Cartón)
"15783 16"". Lamina Troquelada.",Producto almacenable,Producto almacenable,Cartón / Producto en Proceso MTS (Cartón)
15785. BACK UP CANASTILLA. GRIS- P3. CABLE SET PARA CANASTILLA. CAJA,Producto almacenable,Producto almacenable,Cartón / Producto Terminado (Cartón)
15785. CABLE SET PARA CANASTILLA. Caja. Pieza.,Producto almacenable,Producto almacenable,Cartón / Producto en proceso (Cartón)
"16 x 33 x 8"". CHAROLA. PIELES No. 9.",Producto almacenable,Producto almacenable,Retornable / Producto Terminado (Retornable)
16072025,Servicio,Servicio,Servicios
"16090 24"". Lamina Troquelada.",Producto almacenable,Producto almacenable,Cartón / Producto en Proceso MTS (Cartón)
16110  Chattanooga. St1. Charola Armada.,Producto almacenable,Producto almacenable,Cartón / Producto Terminado (Cartón)
16111. Chattanooga. St1. Celda Troquelada.,Producto almacenable,Producto almacenable,Cartón / Producto en Proceso MTS (Cartón)
"16124. Y0124108, BAG FOR ESHIFTER LOWER CLOSEOUT Y0070747",Producto almacenable,Producto almacenable,Retornable / Producto Terminado (Retornable)
1616,Consumible,Consumible,Todos
1616,Producto almacenable,Producto almacenable,Todos
16487  XDA90. 927838. Charola Ensamblada.,Producto almacenable,Producto almacenable,Cartón / Producto Terminado (Cartón)
16488  XDA90. Charola Ensamblada.,Producto almacenable,Producto almacenable,Cartón / Producto en proceso (Cartón)
16489 XDA90. Charola. Pieza.,Producto almacenable,Producto almacenable,Cartón / Producto en proceso (Cartón)
16490  XDA90. A. Pieza.,Producto almacenable,Producto almacenable,Cartón / Producto en proceso (Cartón)
16491 XDA90. B. Pieza.,Producto almacenable,Producto almacenable,Cartón / Producto en proceso (Cartón)
16728. Empaque Toyota Japan. Cuello.,Producto almacenable,Producto almacenable,Cartón / Producto Terminado (Cartón)
16729. Empaque Toyota Japan. Tapa Autoensamble.,Producto almacenable,Producto almacenable,Cartón / Producto Terminado (Cartón)
"16823 16"". Lamina Impresa.",Producto almacenable,Producto almacenable,Cartón / Producto en Proceso MTS (Cartón)
"16824 24"". Lamina Impresa.",Producto almacenable,Producto almacenable,Cartón / Producto en Proceso MTS (Cartón)
"16825  34"". Lamina Impresa.",Producto almacenable,Producto almacenable,Cartón / Producto en Proceso MTS (Cartón)
"16826   48"". Lamina Impresa.",Producto almacenable,Producto almacenable,Cartón / Producto en Proceso MTS (Cartón)
"17"" x 42"". Seat Back RH y LH. Separador.",Producto almacenable,Producto almacenable,Cartón / Producto Terminado (Cartón)
17215. P558. P702. CD539. ICP. Caja HSC. Pieza.,Producto almacenable,Producto almacenable,Cartón / Producto en proceso (Cartón)
17343. IMC 070. Celdado.,Producto almacenable,Producto almacenable,Cartón / Producto Terminado (Cartón)
17397. 500033. FORD China. Inserto.,Producto almacenable,Producto almacenable,Cartón / Producto Terminado (Cartón)
17X18  DUVETINA 2 CARAS,Producto almacenable,Producto almacenable,Cartón / Materia Prima (Cartón)
180003720 CAJA RSC,Producto almacenable,Producto almacenable,Cartón / Producto Terminado (Cartón)
180020760 RSC,Producto almacenable,Producto almacenable,Cartón / Producto Terminado (Cartón)
180020780 L02D WIP,Producto almacenable,Producto almacenable,Cartón / Producto Terminado (Cartón)
180060490 CELDA ARMADA,Producto almacenable,Producto almacenable,Cartón / Producto Terminado (Cartón)
180100650 CELDA A,Producto almacenable,Producto almacenable,Cartón / Producto en proceso (Cartón)
180100650 CELDA ARMADA,Producto almacenable,Producto almacenable,Cartón / Producto Terminado (Cartón)
180100650 CELDA B,Producto almacenable,Producto almacenable,Cartón / Producto en proceso (Cartón)
180100660,Producto almacenable,Producto almacenable,Cartón / Producto Terminado (Cartón)
180111960,Producto almacenable,Producto almacenable,Cartón / Producto Terminado (Cartón)
180111980 HSC,Producto almacenable,Producto almacenable,Cartón / Producto Terminado (Cartón)
180201580,Producto almacenable,Producto almacenable,Cartón / Producto Terminado (Cartón)
180201590,Producto almacenable,Producto almacenable,Cartón / Producto Terminado (Cartón)
180201600,Producto almacenable,Producto almacenable,Cartón / Producto Terminado (Cartón)
180201610,Producto almacenable,Producto almacenable,Cartón / Producto en proceso (Cartón)
180201610,Producto almacenable,Producto almacenable,Cartón / Producto en proceso (Cartón)
180201610,Producto almacenable,Producto almacenable,Cartón / Producto Terminado (Cartón)
180201620,Producto almacenable,Producto almacenable,Cartón / Producto Terminado (Cartón)
180204640 RU CAMARA CELDA A,Producto almacenable,Producto almacenable,Cartón / Producto en proceso (Cartón)
180204640 RU CAMARA CELDA ARMADA,Producto almacenable,Producto almacenable,Cartón / Producto Terminado (Cartón)
180204640 RU CAMARA CELDA B,Producto almacenable,Producto almacenable,Cartón / Producto en proceso (Cartón)
180204710,Producto almacenable,Producto almacenable,Cartón / Producto Terminado (Cartón)
180205100 CELDA A,Producto almacenable,Producto almacenable,Cartón / Producto en proceso (Cartón)
180205100 CELDA ARMADA,Producto almacenable,Producto almacenable,Cartón / Producto Terminado (Cartón)
180205100 CELDA B,Producto almacenable,Producto almacenable,Cartón / Producto en proceso (Cartón)
180205110 CELDA A,Producto almacenable,Producto almacenable,Cartón / Producto en proceso (Cartón)
180205110 CELDA ARMADA,Producto almacenable,Producto almacenable,Cartón / Producto Terminado (Cartón)
180205110 CELDA B,Producto almacenable,Producto almacenable,Cartón / Producto en proceso (Cartón)
180302550,Producto almacenable,Producto almacenable,Retornable / Producto en proceso (Retornable)
180302550,Producto almacenable,Producto almacenable,Retornable / Producto en proceso (Retornable)
180302850 CELDA A,Producto almacenable,Producto almacenable,Cartón / Producto en proceso (Cartón)
180302850 CELDA B,Producto almacenable,Producto almacenable,Cartón / Producto en proceso (Cartón)
180303320,Producto almacenable,Producto almacenable,Cartón / Producto Terminado (Cartón)
180304200,Producto almacenable,Producto almacenable,Cartón / Producto Terminado (Cartón)
18109. Y0194915. Carrier. Caja con ITB 48 cav.,Producto almacenable,Producto almacenable,Cartón / Producto Terminado (Cartón)
18183   Sudafrica. A. Pieza.,Producto almacenable,Producto almacenable,Cartón / Producto en proceso (Cartón)
18184  Sudáfrica. B. Pieza.,Producto almacenable,Producto almacenable,Cartón / Producto en proceso (Cartón)
18185  Sudáfrica. C. Pieza.,Producto almacenable,Producto almacenable,Cartón / Producto en proceso (Cartón)
18186   Sudáfrica. D. Pieza.,Producto almacenable,Producto almacenable,Cartón / Producto en proceso (Cartón)
18187   Sudáfrica. E. Pieza.,Producto almacenable,Producto almacenable,Cartón / Producto en proceso (Cartón)
18188  Sudáfrica. F. Pieza.,Producto almacenable,Producto almacenable,Cartón / Producto en proceso (Cartón)
18234. Modelo S. Armrest. 174213. Caja.,Producto almacenable,Producto almacenable,Cartón / Producto Terminado (Cartón)
18235. CONSOLE LOWER. CAJA IMP. RSC.,Producto almacenable,Producto almacenable,Cartón / Producto Terminado (Cartón)
18267. TR11910. U725. DMS. & Cambio. ITB. Charola con ITB.,Producto almacenable,Producto almacenable,Cartón / Producto Terminado (Cartón)
18271. 60% Backframe. Tapa Base.,Producto almacenable,Producto almacenable,Cartón / Producto Terminado (Cartón)
18273. 60% Backframe. Tapa Superior.,Producto almacenable,Producto almacenable,Cartón / Producto Terminado (Cartón)
18274. 60% Backframe. Celda Armada.,Producto almacenable,Producto almacenable,Cartón / Producto Terminado (Cartón)
18439 MQ4A-Dunnage. Kia. Charola Armada.,Producto almacenable,Producto almacenable,Cartón / Producto Terminado (Cartón)
18440  Kia. Charola. Pieza.,Producto almacenable,Producto almacenable,Cartón / Producto en proceso (Cartón)
18441  Kia. Celda. Pieza.,Producto almacenable,Producto almacenable,Cartón / Producto en proceso (Cartón)
18442   Kia. Inserto. Pieza.,Producto almacenable,Producto almacenable,Cartón / Producto en proceso (Cartón)
18742. DK 48 ECT. VOLVO. CAJA Autoensamblable,Producto almacenable,Producto almacenable,Cartón / Producto Terminado (Cartón)
18743. CK 32 ECT. VOLVO. TAPA.,Producto almacenable,Producto almacenable,Cartón / Producto Terminado (Cartón)
18771. 780B. Inner Case. Dunnage 6 cav. en Totte.,Producto almacenable,Producto almacenable,Retornable / Producto Terminado (Retornable)
18775. 780B. Cover. / U554 HUD,Producto almacenable,Producto almacenable,Retornable / Producto Terminado (Retornable)
18779. U554. Hud. Outer Case.,Producto almacenable,Producto almacenable,Retornable / Producto Terminado (Retornable)
18783. U554. Windows Plate.,Producto almacenable,Producto almacenable,Retornable / Producto Terminado (Retornable)
18805. 60% Backframe. Cuello Armado.,Producto almacenable,Producto almacenable,Cartón / Producto Terminado (Cartón)
18840. CD539. Tapa.,Producto almacenable,Producto almacenable,Cartón / Producto Terminado (Cartón)
18841. P558. Caja con Celda.,Producto almacenable,Producto almacenable,Cartón / Producto Terminado (Cartón)
18842. P558. Tapa.,Producto almacenable,Producto almacenable,Cartón / Producto Terminado (Cartón)
18843. CD539. Celdado Armado.,Producto almacenable,Producto almacenable,Cartón / Producto en proceso (Cartón)
18848. P558. Celda Armada.,Producto almacenable,Producto almacenable,Cartón / Producto en proceso (Cartón)
18890. Coupe. Charola Troquelada.,Producto almacenable,Producto almacenable,Cartón / Producto en proceso (Cartón)
18891. Coupe. Charola Armada.,Producto almacenable,Producto almacenable,Cartón / Producto Terminado (Cartón)
18892. Coupe. Celda Troquelada.,Producto almacenable,Producto almacenable,Cartón / Producto en proceso (Cartón)
18974    Nextracker. 2.0. Damper. Tapa de Coroplast.,Producto almacenable,Producto almacenable,Cartón / Producto Terminado (Cartón)
18975. Nextracker. Damper. 2.0. Tapa Carton.,Producto almacenable,Producto almacenable,Cartón / Producto Terminado (Cartón)
"18976. Nextracker. 2.0. Damper. Cuello,",Producto almacenable,Producto almacenable,Cartón / Producto Terminado (Cartón)
18977    Nextracker. 2.0. Damper. Inserto.,Producto almacenable,Producto almacenable,Cartón / Producto Terminado (Cartón)
19014. TR13777. TGTX. KIT. Caja + Celda,Producto almacenable,Producto almacenable,Cartón / Producto Terminado (Cartón)
19022. TR13778. Avanzar. Caja Ensamblada con 1 Pad.,Producto almacenable,Producto almacenable,Cartón / Producto Terminado (Cartón)
19079. 95161. Kit. Caja.,Producto almacenable,Producto almacenable,Cartón / Producto Terminado (Cartón)
19081. 95161. Kit. Celdado.,Producto almacenable,Producto almacenable,Cartón / Producto Terminado (Cartón)
19125. TR13776. Caja con Porta Etiqueta.,Producto almacenable,Producto almacenable,Cartón / Producto Terminado (Cartón)
19130. Tesla Y. Console Armrest Outer.,Producto almacenable,Producto almacenable,Retornable / Producto Terminado (Retornable)
19131. Tesla Y. Console Armrest. Dunnage 55 cav.,Producto almacenable,Producto almacenable,Retornable / Producto Terminado (Retornable)
19148. Modelo Y. TMC0110. Armrest & Rear & Center. Caja,Producto almacenable,Producto almacenable,Cartón / Producto Terminado (Cartón)
19149. Modelo Y. TMC0100. Rear & Armrest. Separador.,Producto almacenable,Producto almacenable,Cartón / Producto Terminado (Cartón)
19150. Modelo Y. TMC110. Armrest. Celda.,Producto almacenable,Producto almacenable,Cartón / Producto Terminado (Cartón)
19157. Modelo Y. TMC100. Lumbar. Caja.,Producto almacenable,Producto almacenable,Cartón / Producto Terminado (Cartón)
19158. Modelo Y. TMC100. Lumbar. Celda Armada.,Producto almacenable,Producto almacenable,Cartón / Producto Terminado (Cartón)
19162. Modelo Y. TMC095. Front. Caja.,Producto almacenable,Producto almacenable,Cartón / Producto Terminado (Cartón)
19163. Modelo Y. TMC095. Front. Celda.,Producto almacenable,Producto almacenable,Cartón / Producto Terminado (Cartón)
19166. TMC095. Front & Lumbar & Rear & Armrest & Center. Tapa.,Producto almacenable,Producto almacenable,Cartón / Producto Terminado (Cartón)
19168. Modelo Y. TMC110. Rear. Celda.,Producto almacenable,Producto almacenable,Cartón / Producto Terminado (Cartón)
19173 Modelo Y. TMC0110. Center. Obsoleto. Celdado.,Producto almacenable,Producto almacenable,Cartón / Producto Terminado (Cartón)
19181. CX430. P703. DUNNAGE. EN COROPLAST CON DOBLE TAPA TRANSFLEX EN TOTTE.,Producto almacenable,Producto almacenable,Retornable / Producto Terminado (Retornable)
"19183. 78B. DCAB MIDBB. Dunnage 84 cav. con lona especializada, tapas, etiqueta identificadora para montar en un ropak 45x45x44 - Y0387031",Producto almacenable,Producto almacenable,Retornable / Producto Terminado (Retornable)
19203. B16. Charola Armada Negra 4 mm. con Esq. y Perfiles.,Producto almacenable,Producto almacenable,Retornable / Producto Terminado (Retornable)
19210. U554. Windows Plate.,Producto almacenable,Producto almacenable,Retornable / Producto Terminado (Retornable)
19232  Nextracker. 2.0. Damper. Esquinero.,Producto almacenable,Producto almacenable,Cartón / Producto Terminado (Cartón)
19246,Producto almacenable,Producto almacenable,Todos
19254. Pivot. Cont. Retornable. Pad.,Producto almacenable,Producto almacenable,Cartón / Producto Terminado (Cartón)
19269. Kit. Emp. de Carton. Pivote. Celdado.,Producto almacenable,Producto almacenable,Cartón / Producto Terminado (Cartón)
19321. MCV BODY. HOUSING. P7N MZ082711-0040. DUNNAGE 12 cav. PL. CORRUGADO 2mm BCO. con PAD Inferior FOAM 1/4.,Producto almacenable,Producto almacenable,Retornable / Producto Terminado (Retornable)
19334. BOLSA EVOLON. 340MM X 745MM 487.203-74,Producto almacenable,Producto almacenable,Retornable / Producto Terminado (Retornable)
"19336. HUD 555. Lower Case con Tapa, Esquineros y Canaletas.",Producto almacenable,Producto almacenable,Retornable / Producto Terminado (Retornable)
19340. U554. Flat Mirror. Charola con Divisor y Tapa,Producto almacenable,Producto almacenable,Muestras / Producto Terminado (Muestras)
19346. 143D. Dial. Charola 9 cav.,Producto almacenable,Producto almacenable,Retornable / Producto Terminado (Retornable)
19349. DIAL U725. Charola Armada.,Producto almacenable,Producto almacenable,Retornable / Producto Terminado (Retornable)
19353. CX430. DIAL. Charola Armada.,Producto almacenable,Producto almacenable,Retornable / Producto Terminado (Retornable)
"19360. ESD. 14""X 22.5 X 10"". Caja de Pl.",Producto almacenable,Producto almacenable,Retornable / Producto Terminado (Retornable)
19371. HUD 554. Repacking. Concave Mirror CM2 Bracket. Charola en coroplsat 4mm negro ESD con inserto en coroplast 4mm ESD negro,Producto almacenable,Producto almacenable,Retornable / Producto Terminado (Retornable)
19419,Consumible,Consumible,Todos
19419. Toyota. MCV. Pallet,Producto almacenable,Producto almacenable,Cartón / Producto Terminado (Cartón)
19426. U555 Repacking. ML4 Concave Mirror. Charola en coroplast 4 mm. ESD negro con insertos en coroplast negro 4 mm.,Producto almacenable,Producto almacenable,Retornable / Producto Terminado (Retornable)
19452 FEDERBEIN. Charola. Pieza.,Producto almacenable,Producto almacenable,Cartón / Producto en proceso (Cartón)
19459  VW316. 1.3. Chattanooga. Charola Armada.,Producto almacenable,Producto almacenable,Cartón / Producto Terminado (Cartón)
19482. Armrest J34A. Dunnage 99 cav.,Producto almacenable,Producto almacenable,Retornable / Producto Terminado (Retornable)
19569. JL. PECP. Charola Armada.,Producto almacenable,Producto almacenable,Cartón / Producto Terminado (Cartón)
19570. PECP2. A. Inserto.,Producto almacenable,Producto almacenable,Cartón / Producto en proceso (Cartón)
19571. PECP2. B. Inserto.,Producto almacenable,Producto almacenable,Cartón / Producto en proceso (Cartón)
19583. S2.8. 143D CASE. CHAROLA + CELDADO.,Producto almacenable,Producto almacenable,Retornable / Producto Terminado (Retornable)
19583. S2.8. 143D LOWER CASE. CHAROLA + CELDADO.,Producto almacenable,Producto almacenable,Retornable / Producto Terminado (Retornable)
19584. S2.8. CX430. DECORATE. CHAROLA + CELDADO.,Producto almacenable,Producto almacenable,Retornable / Producto Terminado (Retornable)
19585. CX430. S2.8. SHIELD. CHAROLA + CELDAS.,Producto almacenable,Producto almacenable,Retornable / Producto Terminado (Retornable)
19589 Fortoflex. Complemento para Tapa.,Producto almacenable,Producto almacenable,Retornable / Producto Terminado (Retornable)
19626,Consumible,Consumible,Todos
19680  U611. 341332. U625. Charola Impresa Troquelada. Pieza.,Producto almacenable,Producto almacenable,Cartón / Producto en Proceso MTS (Cartón)
19681. 893892. G02. Charola Armada.,Producto almacenable,Producto almacenable,Cartón / Producto Terminado (Cartón)
19682. 894131. PAD.,Producto almacenable,Producto almacenable,Cartón / Producto Terminado (Cartón)
19722. CX430. PRISMA.,Producto almacenable,Producto almacenable,Retornable / Producto Terminado (Retornable)
19729.G02. 893892. A. Inserto. Pieza.,Producto almacenable,Producto almacenable,Cartón / Producto en proceso (Cartón)
19730. G02. 893892. B. Inserto. Pieza.,Producto almacenable,Producto almacenable,Cartón / Producto en proceso (Cartón)
19732. G02. 893892. Separador o Charola. Pieza.,Producto almacenable,Producto almacenable,Cartón / Producto en proceso (Cartón)
"20,705",Producto almacenable,Producto almacenable,Todos
20090. Modelo Y. PAD. V.I.,Producto almacenable,Producto almacenable,Cartón / Producto Terminado (Cartón)
20180. MY Austin GB Packaging 276 Kits. MODEL Y. GLOVEBOX.,Producto almacenable,Producto almacenable,Cartón / Producto Terminado (Cartón)
20186. BOX-0308-01. TESLA. GLOVE BOX ASSY.,Producto almacenable,Producto almacenable,Cartón / Producto Terminado (Cartón)
20200. CHAROLA EN TERMOFORMADO 12 CAVIDADES,Producto almacenable,Producto almacenable,Retornable / Producto Terminado (Retornable)
"20246. 20 X 47.2 X 8"". PIELES. 5. CHAROLA",Producto almacenable,Producto almacenable,Retornable / Producto Terminado (Retornable)
"20247. 11X25X8"". PIELES. 6. CHAROLA.",Producto almacenable,Producto almacenable,Retornable / Producto Terminado (Retornable)
20260. TESLA. EVEREST. IP. LOWER ASSY. CUELLO 1/2.,Producto almacenable,Producto almacenable,Cartón / Producto Terminado (Cartón)
20262. TESLA. EVEREST. IP LOWER ASSY. A. Pieza.,Producto almacenable,Producto almacenable,Cartón / Producto en proceso (Cartón)
20263. TESLA. EVEREST. IP LOWER ASSY. B. Pieza.,Producto almacenable,Producto almacenable,Cartón / Producto en proceso (Cartón)
20264. TESLA. EVEREST. IP. LOWER ASSY. PAD para CUELLO.,Producto almacenable,Producto almacenable,Cartón / Producto Terminado (Cartón)
20265. TESLA EVEREST IP. GLOVEBOX / LOWER ASY. TAPA AUTOENSAMBLE 60 x 48.,Producto almacenable,Producto almacenable,Cartón / Producto Terminado (Cartón)
20266. TESLA. EVEREST. IP. LOWER ASSY. CELDADO.,Producto almacenable,Producto almacenable,Cartón / Producto Terminado (Cartón)
20267. TESLA IP EVEREST LOWER STD 6 CAVIDADES,Producto almacenable,Producto almacenable,Cartón / Kit (Cartón)
20268. TESLA EVEREST IP. GLOVEBOX. 1/2 CUELLO.,Producto almacenable,Producto almacenable,Cartón / Producto Terminado (Cartón)
20270.TESLA EVEREST IP. GLOVEBOX. A. Pieza.,Producto almacenable,Producto almacenable,Cartón / Producto en proceso (Cartón)
20272.TESLA EVEREST IP. GLOVEBOX. B. Pieza.,Producto almacenable,Producto almacenable,Cartón / Producto en proceso (Cartón)
20273. TESLA EVEREST IP. GLOVEBOX. CELDADO.,Producto almacenable,Producto almacenable,Cartón / Producto Terminado (Cartón)
20274. TESLA IP EVEREST GLOVE BOX ASSY STD 20 CAVIDADES,Producto almacenable,Producto almacenable,Cartón / Kit (Cartón)
20276. TESLA EVEREST IP. GLOVEBOX. PAD para CUELLO.,Producto almacenable,Producto almacenable,Cartón / Producto Terminado (Cartón)
20283. TESLA. EVEREST IP. TOP. PAD ASSY / MID PANEL / DEFROST PANEL / IP COWL. TAPA AUTOENSABLE   71 x 46.,Producto almacenable,Producto almacenable,Cartón / Producto Terminado (Cartón)
20288. TESLA IP. TOP PAD. 1/2 CUELLO.,Producto almacenable,Producto almacenable,Cartón / Producto Terminado (Cartón)
20289. TESLA IP. TOP PAD. PAD para CUELLO.,Producto almacenable,Producto almacenable,Cartón / Producto Terminado (Cartón)
20292. TESLA IP. TOP PAD GAP. CELDADO.,Producto almacenable,Producto almacenable,Cartón / Producto Terminado (Cartón)
20293 TESLA IP EVEREST IP TOP PAD ASSY STD 22 CAVIDADES,Producto almacenable,Producto almacenable,Cartón / Kit (Cartón)
20294,Producto almacenable,Producto almacenable,Todos
20294. TESLA IP. MID PANEL. TAPA BASE.,Producto almacenable,Producto almacenable,Cartón / Producto Terminado (Cartón)
20297. TESLA IP. MID PANEL. CELDADO.,Producto almacenable,Producto almacenable,Cartón / Producto Terminado (Cartón)
20299. TESLA. EVEREST IP. DEFROST PANEL. CUELLO 1/2.,Producto almacenable,Producto almacenable,Cartón / Producto Terminado (Cartón)
20300 TESLA. EVEREST IP. DEFROST PANEL. PAD para CUELLO.,Producto almacenable,Producto almacenable,Cartón / Producto Terminado (Cartón)
20301. TESLA. EVEREST IP. DEFROST PANEL. A. Pieza.,Producto almacenable,Producto almacenable,Cartón / Producto en proceso (Cartón)
20302. TESLA. EVEREST IP. DEFROST PANEL. B. Pieza.,Producto almacenable,Producto almacenable,Cartón / Producto en proceso (Cartón)
20303. TESLA. EVEREST IP. DEFROST PANEL. CELDADO.,Producto almacenable,Producto almacenable,Cartón / Producto Terminado (Cartón)
20304. TESLA IP DEFROST KIT 26 CAVIDADES,Producto almacenable,Producto almacenable,Cartón / Kit (Cartón)
20307 TESLA IP. QTR PANEL LH. A. Pieza.,Producto almacenable,Producto almacenable,Cartón / Producto en proceso (Cartón)
20309. TESLA IP. QTR PANEL LH. Celdado.,Producto almacenable,Producto almacenable,Cartón / Producto Terminado (Cartón)
20310. TESLA IP. QTR PANEL LH. Tapa 52 x 41.,Producto almacenable,Producto almacenable,Cartón / Producto en proceso (Cartón)
20311 TESLA IP EVEREST QTR STD. 130 CAVIDADES,Producto almacenable,Producto almacenable,Cartón / Producto Terminado (Cartón)
20312. TESLA IP. QTR PANEL LH. Caja Completa.,Producto almacenable,Producto almacenable,Cartón / Producto Terminado (Cartón)
20398. TAPA PARA PIPE. TAPA DE PLÁSTICO CORRUGADO BLANCA 4MM +  FOAM PARA TOTE REFORZADO,Producto almacenable,Producto almacenable,Retornable / Producto Terminado (Retornable)
20418. TESLA. EVEREST. IP. LOWER ASY. INSERTO A,Producto almacenable,Producto almacenable,Cartón / Producto Terminado (Cartón)
20419. TESLA. EVEREST. IP. LOWER ASY. INSERTO B,Producto almacenable,Producto almacenable,Cartón / Producto Terminado (Cartón)
20459.Tesla Everest Ip. Mid Panel. A. Pieza.,Producto almacenable,Producto almacenable,Cartón / Producto en proceso (Cartón)
20461.Tesla Everest Ip. Mid Panel. B. Pieza.,Producto almacenable,Producto almacenable,Cartón / Producto en proceso (Cartón)
20463. Tesla Everest Ip. Mid Panel. Inserto.,Producto almacenable,Producto almacenable,Cartón / Producto Terminado (Cartón)
20464. Tesla Everest Ip. Mid Panel. Celda Armada.,Producto almacenable,Producto almacenable,Cartón / Producto Terminado (Cartón)
20466. TESLA. EVEREST. IP. LOWER ASSY. CUELLO 1/2.,Producto almacenable,Producto almacenable,Cartón / Producto Terminado (Cartón)
20467. TESLA. EVEREST. IP. LOWER ASSY. PAD para CUELLO.,Producto almacenable,Producto almacenable,Cartón / Producto Terminado (Cartón)
20468. TESLA. EVEREST. IP LOWER ASSY. A. Pieza.,Producto almacenable,Producto almacenable,Cartón / Producto en proceso (Cartón)
20469. TESLA. EVEREST. IP LOWER ASSY. B. Pieza.,Producto almacenable,Producto almacenable,Cartón / Producto en proceso (Cartón)
20470. TESLA. EVEREST. IP. LOWER ASSY. CELDADO.,Producto almacenable,Producto almacenable,Cartón / Producto Terminado (Cartón)
20471. TESLA EVEREST IP. GLOVEBOX / LOWER ASY. TAPA AUTOENSAMBLE 60 x 48. ECT 42,Producto almacenable,Producto almacenable,Cartón / Producto Terminado (Cartón)
20472,Consumible,Consumible,Todos
20476. TES IP SERVICE PARTS - TOP PAD GAP HIDER,Producto almacenable,Producto almacenable,Cartón / Kit (Cartón)
20477. TES IP SERVICE PARTS - TOP PAD GAP HIDER CELDA A,Producto almacenable,Producto almacenable,Cartón / Producto en proceso (Cartón)
20478. TES IP SERVICE PARTS - TOP PAD GAP HIDER CELDA B,Producto almacenable,Producto almacenable,Cartón / Producto en proceso (Cartón)
20479. TES IP SERVICE PARTS - TOP PAD GAP HIDER - MEDIA CAJA,Producto almacenable,Producto almacenable,Cartón / Producto en proceso (Cartón)
20480. TES IP SERVICE PARTS - TOP PAD GAP HIDER - CAJA COMPLETA,Producto almacenable,Producto almacenable,Cartón / Producto Terminado (Cartón)
20481. TES IP SERVICE PARTS - TOP PAD GAP HIDER CELDADO,Producto almacenable,Producto almacenable,Cartón / Producto Terminado (Cartón)
20482. TES IP SERVICE PARTS - LOWER IMGL,Producto almacenable,Producto almacenable,Cartón / Kit (Cartón)
20483. TES IP SERVICE PARTS - LOWER IMGL CELDADO,Producto almacenable,Producto almacenable,Cartón / Producto Terminado (Cartón)
20484. TES IP SERVICE PARTS - LOWER IMGL CAJA MEDIA,Producto almacenable,Producto almacenable,Cartón / Producto en proceso (Cartón)
20485. TES IP SERVICE PARTS - LOWER IMGL CAJA COMPLETA,Producto almacenable,Producto almacenable,Cartón / Producto Terminado (Cartón)
20486. TES IP SERVICE PARTS - LOWER IMGL CELDA A,Producto almacenable,Producto almacenable,Cartón / Producto en proceso (Cartón)
20487. TES IP SERVICE PARTS - LOWER IMGL CELDA B,Producto almacenable,Producto almacenable,Cartón / Producto en proceso (Cartón)
20488. TES IP SERVICE PARTS - LOWER IMGL INSERTO A,Producto almacenable,Producto almacenable,Cartón / Producto Terminado (Cartón)
20489. TES IP SERVICE PARTS - LOWER IMGL INSERTO B,Producto almacenable,Producto almacenable,Cartón / Producto Terminado (Cartón)
20503. TESLA. EVEREST IP. DEFROST PANEL. CUELLO 1/2.,Producto almacenable,Producto almacenable,Cartón / Producto Terminado (Cartón)
20504 TESLA. EVEREST IP. DEFROST PANEL. PAD para CUELLO. (CAMBIO ALTURA,Producto almacenable,Producto almacenable,Cartón / Producto Terminado (Cartón)
20513. TESLA. EVEREST IP. DEFROST PANEL. CUELLO 1/2. (CAMBIO ALTURA),Producto almacenable,Producto almacenable,Cartón / Producto Terminado (Cartón)
20514. TESLA. EVEREST IP. DEFROST PANEL. A. Pieza. (CAMBIO ALTURA),Producto almacenable,Producto almacenable,Cartón / Producto en proceso (Cartón)
20515. TESLA. EVEREST IP. DEFROST PANEL. B. Pieza. (CAMBIO ALTURA),Producto almacenable,Producto almacenable,Cartón / Producto en proceso (Cartón)
20516. TESLA. EVEREST IP. DEFROST PANEL. CELDADO. (CAMBIO ALTURA),Producto almacenable,Producto almacenable,Cartón / Producto Terminado (Cartón)
20517. TESLA IP DEFROST KIT CAJA CON 13 CAVIDADES(CAMBIO ALTURA),Producto almacenable,Producto almacenable,Cartón / Kit (Cartón)
20574. BACK UP 380D. TR8678. Celdado.,Producto almacenable,Producto almacenable,Cartón / Producto en proceso (Cartón)
20575. BACK UP 380D. TR8678. A pieza.,Producto almacenable,Producto almacenable,Cartón / Producto en proceso (Cartón)
20576. BACK UP 380D. TR8678. B pieza.,Producto almacenable,Producto almacenable,Cartón / Producto en proceso (Cartón)
20577. BACK UP 380D. TR8678. Tapa Autoensamble.,Producto almacenable,Producto almacenable,Cartón / Producto en proceso (Cartón)
20578. BACK UP 380D. TR8678. Caja.,Producto almacenable,Producto almacenable,Cartón / Producto en proceso (Cartón)
20590.KIT BRAZIL (NUEVA TELA). Caja.,Producto almacenable,Producto almacenable,Cartón / Producto Terminado (Cartón)
20591.KIT BRAZIL (NUEVA TELA). PAD,Producto almacenable,Producto almacenable,Cartón / Producto Terminado (Cartón)
20592.KIT BRAZIL (NUEVA TELA). CELDADO,Producto almacenable,Producto almacenable,Cartón / Producto Terminado (Cartón)
20593.KIT BRAZIL (NUEVA TELA). CELDA A,Producto almacenable,Producto almacenable,Cartón / Producto en proceso (Cartón)
20594.KIT BRAZIL (NUEVA TELA). CELDA B,Producto almacenable,Producto almacenable,Cartón / Producto en proceso (Cartón)
20595.KIT BRAZIL (NUEVA TELA). CELDA C,Producto almacenable,Producto almacenable,Cartón / Producto en proceso (Cartón)
20596.KIT BRAZIL (NUEVA TELA). INSERTO,Producto almacenable,Producto almacenable,Cartón / Producto en proceso (Cartón)
20605. RACK METALICO UPPER SIDE PANEL - LH ASSY PAINTED,Producto almacenable,Producto almacenable,Retornable / Producto Terminado (Retornable)
20725. Toyota. MCV. Pallet,Producto almacenable,Producto almacenable,Cartón / Producto Terminado (Cartón)
20805,Producto almacenable,Producto almacenable,Retornable / Producto Terminado (Retornable)
20807,Producto almacenable,Producto almacenable,Cartón / Producto Terminado (Cartón)
20808,Producto almacenable,Producto almacenable,Retornable / Producto Terminado (Retornable)
20809,Producto almacenable,Producto almacenable,Retornable / Producto Terminado (Retornable)
20810,Producto almacenable,Producto almacenable,Retornable / Producto Terminado (Retornable)
20851,Producto almacenable,Producto almacenable,Retornable / Producto Terminado (Retornable)
20852,Producto almacenable,Producto almacenable,Retornable / Producto Terminado (Retornable)
20853,Producto almacenable,Producto almacenable,Retornable / Producto Terminado (Retornable)
20857,Producto almacenable,Producto almacenable,Retornable / Producto Terminado (Retornable)
20858,Producto almacenable,Producto almacenable,Retornable / Producto Terminado (Retornable)
20860,Producto almacenable,Producto almacenable,Retornable / Producto Terminado (Retornable)
20862,Producto almacenable,Producto almacenable,Retornable / Producto Terminado (Retornable)
20863,Producto almacenable,Producto almacenable,Retornable / Producto Terminado (Retornable)
20864,Producto almacenable,Producto almacenable,Retornable / Producto Terminado (Retornable)
20865,Producto almacenable,Producto almacenable,Retornable / Producto Terminado (Retornable)
20865,Producto almacenable,Producto almacenable,Retornable / Producto Terminado (Retornable)
20866,Producto almacenable,Producto almacenable,Retornable / Producto Terminado (Retornable)
20868,Producto almacenable,Producto almacenable,Retornable / Producto Terminado (Retornable)
20875,Producto almacenable,Producto almacenable,Retornable / Producto Terminado (Retornable)
20888,Producto almacenable,Producto almacenable,Retornable / Producto Terminado (Retornable)
20889,Producto almacenable,Producto almacenable,Retornable / Producto Terminado (Retornable)
20891,Producto almacenable,Producto almacenable,Retornable / Producto Terminado (Retornable)
20895,Producto almacenable,Producto almacenable,Retornable / Producto Terminado (Retornable)
20896,Producto almacenable,Producto almacenable,Retornable / Producto Terminado (Retornable)
20897,Producto almacenable,Producto almacenable,Retornable / Producto Terminado (Retornable)
20898,Producto almacenable,Producto almacenable,Retornable / Producto Terminado (Retornable)
20899,Producto almacenable,Producto almacenable,Retornable / Producto Terminado (Retornable)
20900,Producto almacenable,Producto almacenable,Retornable / Producto Terminado (Retornable)
20901,Producto almacenable,Producto almacenable,Retornable / Producto Terminado (Retornable)
20902,Producto almacenable,Producto almacenable,Retornable / Producto Terminado (Retornable)
20903,Producto almacenable,Producto almacenable,Retornable / Producto Terminado (Retornable)
20996,Producto almacenable,Producto almacenable,Retornable / Producto Terminado (Retornable)
"21,196",Servicio,Servicio,Servicios
"21,197",Servicio,Servicio,Servicios
"21,198",Servicio,Servicio,Servicios
"21,199",Servicio,Servicio,Servicios
"21,200",Servicio,Servicio,Servicios
"21,201",Servicio,Servicio,Servicios
"21,202",Servicio,Servicio,Servicios
"21,203",Servicio,Servicio,Servicios
"21,204",Servicio,Servicio,Servicios
"21,205",Servicio,Servicio,Servicios
"21,206",Servicio,Servicio,Servicios
"21,207",Servicio,Servicio,Servicios
"21,208",Servicio,Servicio,Servicios
"21,209",Servicio,Servicio,Servicios
"21,210",Servicio,Servicio,Servicios
"21,211",Servicio,Servicio,Servicios
"21,212",Servicio,Servicio,Servicios
"21,213",Servicio,Servicio,Servicios
"21,214",Servicio,Servicio,Servicios
"21,215",Servicio,Servicio,Servicios
"21,216",Servicio,Servicio,Servicios
"21,217",Servicio,Servicio,Servicios
"21,218",Servicio,Servicio,Servicios
"21,219",Servicio,Servicio,Servicios
"21,220",Servicio,Servicio,Servicios
"21,221",Servicio,Servicio,Servicios
"21,222",Servicio,Servicio,Servicios
"21,223",Servicio,Servicio,Servicios
"21,224",Servicio,Servicio,Servicios
"21,225",Servicio,Servicio,Servicios
"21,226",Servicio,Servicio,Servicios
"21,227",Servicio,Servicio,Servicios
"21,228",Servicio,Servicio,Servicios
"21,229",Servicio,Servicio,Servicios
"21,230",Servicio,Servicio,Servicios
"21,231",Servicio,Servicio,Servicios
"21,232",Servicio,Servicio,Servicios
"21,233",Servicio,Servicio,Servicios
"21,234",Servicio,Servicio,Servicios
"21,235",Servicio,Servicio,Servicios
"21,236",Servicio,Servicio,Servicios
"21,237",Servicio,Servicio,Servicios
"21,238",Servicio,Servicio,Servicios
"21,239",Servicio,Servicio,Servicios
"21,240",Servicio,Servicio,Servicios
"21,241",Servicio,Servicio,Servicios
"21,242",Servicio,Servicio,Servicios
"21,243",Servicio,Servicio,Servicios
"21,244",Servicio,Servicio,Servicios
"21,245",Servicio,Servicio,Servicios
"21,246",Servicio,Servicio,Servicios
"21,247",Servicio,Servicio,Servicios
"21,248",Servicio,Servicio,Servicios
"21,249",Servicio,Servicio,Servicios
"21,250",Servicio,Servicio,Servicios
"21,251",Servicio,Servicio,Servicios
"21,252",Servicio,Servicio,Servicios
"21,253",Servicio,Servicio,Servicios
"21,254",Servicio,Servicio,Servicios
"21,255",Servicio,Servicio,Servicios
"21,256",Servicio,Servicio,Servicios
"21,257",Servicio,Servicio,Servicios
"21,258",Servicio,Servicio,Servicios
"21,259",Servicio,Servicio,Servicios
"21,260",Servicio,Servicio,Servicios
"21,261",Servicio,Servicio,Servicios
"21,262",Servicio,Servicio,Servicios
"21,263",Servicio,Servicio,Servicios
"21,264",Servicio,Servicio,Servicios
"21,265",Servicio,Servicio,Servicios
"21,266",Servicio,Servicio,Servicios
"21,267",Servicio,Servicio,Servicios
"21,268",Servicio,Servicio,Servicios
"21,269",Servicio,Servicio,Servicios
"21,270",Servicio,Servicio,Servicios
"21,271",Servicio,Servicio,Servicios
"21,272",Servicio,Servicio,Servicios
"21,273",Servicio,Servicio,Servicios
"21,274",Servicio,Servicio,Servicios
"21,275",Servicio,Servicio,Servicios
"21,276",Servicio,Servicio,Servicios
"21,277",Servicio,Servicio,Servicios
"21,278",Servicio,Servicio,Servicios
"21,279",Servicio,Servicio,Servicios
"21,280",Servicio,Servicio,Servicios
"21,281",Servicio,Servicio,Servicios
"21,282",Servicio,Servicio,Servicios
"21,283",Servicio,Servicio,Servicios
21009,Producto almacenable,Producto almacenable,Retornable / Producto Terminado (Retornable)
21026,Producto almacenable,Producto almacenable,Retornable / Producto Terminado (Retornable)
21027,Producto almacenable,Producto almacenable,Retornable / Producto Terminado (Retornable)
21028,Producto almacenable,Producto almacenable,Retornable / Producto Terminado (Retornable)
21029,Producto almacenable,Producto almacenable,Retornable / Producto Terminado (Retornable)
21030,Producto almacenable,Producto almacenable,Retornable / Producto Terminado (Retornable)
21031,Producto almacenable,Producto almacenable,Retornable / Producto Terminado (Retornable)
21032,Producto almacenable,Producto almacenable,Retornable / Producto Terminado (Retornable)
21033,Producto almacenable,Producto almacenable,Retornable / Producto Terminado (Retornable)
21040,Producto almacenable,Producto almacenable,Cartón / Producto Terminado (Cartón)
21112,Servicio,Servicio,Servicios
21113,Consumible,Consumible,Servicios
21115,Consumible,Consumible,Servicios
21116,Consumible,Consumible,Servicios
21117,Consumible,Consumible,Servicios
21118,Consumible,Consumible,Servicios
21119,Consumible,Consumible,Servicios
21120,Consumible,Consumible,Servicios
21121,Consumible,Consumible,Servicios
21122,Consumible,Consumible,Servicios
21123,Consumible,Consumible,Servicios
21124,Consumible,Consumible,Servicios
21125,Consumible,Consumible,Servicios
21126,Consumible,Consumible,Servicios
21127,Consumible,Consumible,Servicios
21128,Consumible,Consumible,Servicios
21140,Servicio,Servicio,Servicios
21141,Servicio,Servicio,Servicios
21142,Servicio,Servicio,Servicios
21145,Servicio,Servicio,Servicios
21146,Servicio,Servicio,Servicios
21159,Servicio,Servicio,Servicios
21163,Servicio,Servicio,Servicios
21164,Servicio,Servicio,Servicios
21165,Servicio,Servicio,Servicios
21169,Producto almacenable,Producto almacenable,Retornable / Producto Terminado (Retornable)
21170,Producto almacenable,Producto almacenable,Retornable / Producto Terminado (Retornable)
21171,Producto almacenable,Producto almacenable,Retornable / Producto Terminado (Retornable)
21172,Producto almacenable,Producto almacenable,Retornable / Producto Terminado (Retornable)
21173,Producto almacenable,Producto almacenable,Retornable / Producto Terminado (Retornable)
21175,Producto almacenable,Producto almacenable,Retornable / Producto Terminado (Retornable)
21176,Producto almacenable,Producto almacenable,Retornable / Producto Terminado (Retornable)
21177,Producto almacenable,Producto almacenable,Retornable / Producto Terminado (Retornable)
21178,Producto almacenable,Producto almacenable,Retornable / Producto Terminado (Retornable)
21179,Producto almacenable,Producto almacenable,Retornable / Producto Terminado (Retornable)
21180,Producto almacenable,Producto almacenable,Retornable / Producto Terminado (Retornable)
21181,Producto almacenable,Producto almacenable,Retornable / Producto Terminado (Retornable)
21182,Producto almacenable,Producto almacenable,Retornable / Producto Terminado (Retornable)
21183,Producto almacenable,Producto almacenable,Retornable / Producto Terminado (Retornable)
21184,Producto almacenable,Producto almacenable,Retornable / Producto Terminado (Retornable)
21185,Producto almacenable,Producto almacenable,Retornable / Producto Terminado (Retornable)
21186,Producto almacenable,Producto almacenable,Retornable / Producto Terminado (Retornable)
21190,Servicio,Servicio,Servicios
21191,Servicio,Servicio,Servicios
21192,Servicio,Servicio,Servicios
21193,Servicio,Servicio,Servicios
21194,Servicio,Servicio,Servicios
21195,Producto almacenable,Producto almacenable,Retornable / Producto Terminado (Retornable)
21294,Producto almacenable,Producto almacenable,Retornable / Producto Terminado (Retornable)
21295,Producto almacenable,Producto almacenable,Retornable / Producto Terminado (Retornable)
21296,Producto almacenable,Producto almacenable,Retornable / Producto Terminado (Retornable)
21302,Servicio,Servicio,Servicios
21316,Servicio,Servicio,Servicios
21317,Servicio,Servicio,Servicios
21318,Servicio,Servicio,Servicios
21319,Servicio,Servicio,Servicios
21320,Servicio,Servicio,Servicios
21321,Servicio,Servicio,Servicios
21322,Servicio,Servicio,Servicios
21323,Servicio,Servicio,Servicios
21324,Servicio,Servicio,Servicios
21325,Servicio,Servicio,Servicios
21326,Servicio,Servicio,Servicios
21327,Servicio,Servicio,Servicios
21328,Servicio,Servicio,Servicios
21329,Servicio,Servicio,Servicios
21330,Servicio,Servicio,Servicios
21331,Servicio,Servicio,Servicios
21332,Servicio,Servicio,Servicios
21333,Servicio,Servicio,Servicios
21334,Servicio,Servicio,Servicios
21335,Servicio,Servicio,Servicios
21354,Servicio,Servicio,Servicios
21355,Servicio,Servicio,Servicios
21356,Servicio,Servicio,Servicios
21357,Servicio,Servicio,Servicios
21360,Servicio,Servicio,Servicios
21361,Servicio,Servicio,Servicios
21362,Servicio,Servicio,Servicios
21363,Servicio,Servicio,Servicios
21363,Servicio,Servicio,Servicios
21365,Servicio,Servicio,Servicios
21366,Servicio,Servicio,Servicios
21367,Servicio,Servicio,Servicios
21368,Servicio,Servicio,Servicios
21375,Servicio,Servicio,Servicios
21376,Servicio,Servicio,Servicios
21377,Servicio,Servicio,Servicios
21378,Servicio,Servicio,Servicios
21380,Producto almacenable,Producto almacenable,Retornable / Producto Terminado (Retornable)
21381,Producto almacenable,Producto almacenable,Retornable / Producto Terminado (Retornable)
21385,Servicio,Servicio,Servicios
21386,Servicio,Servicio,Servicios
21387,Servicio,Servicio,Servicios
21388,Servicio,Servicio,Servicios
21389,Servicio,Servicio,Servicios
21390,Servicio,Servicio,Servicios
21391,Servicio,Servicio,Servicios
21392,Servicio,Servicio,Servicios
21393,Servicio,Servicio,Servicios
21394,Servicio,Servicio,Servicios
21415,Servicio,Servicio,Servicios
21416,Servicio,Servicio,Servicios
21417,Servicio,Servicio,Servicios
21418,Servicio,Servicio,Servicios
21419,Servicio,Servicio,Servicios
21420,Servicio,Servicio,Servicios
21421,Servicio,Servicio,Servicios
21422,Servicio,Servicio,Servicios
21423,Servicio,Servicio,Servicios
21424,Servicio,Servicio,Servicios
21425,Servicio,Servicio,Servicios
21426,Servicio,Servicio,Servicios
21429,Servicio,Servicio,Servicios
21430,Servicio,Servicio,Servicios
21431,Servicio,Servicio,Servicios
21432,Servicio,Servicio,Servicios
21433,Servicio,Servicio,Servicios
21434,Servicio,Servicio,Servicios
21435,Servicio,Servicio,Servicios
21439,Servicio,Servicio,Servicios
21440,Servicio,Servicio,Servicios
21441,Servicio,Servicio,Servicios
21442,Servicio,Servicio,Servicios
21443,Servicio,Servicio,Servicios
21444,Servicio,Servicio,Servicios
21445,Servicio,Servicio,Servicios
21446,Servicio,Servicio,Servicios
21447,Servicio,Servicio,Servicios
21448,Servicio,Servicio,Servicios
21449,Servicio,Servicio,Servicios
21450,Servicio,Servicio,Servicios
21451,Servicio,Servicio,Servicios
21452,Servicio,Servicio,Servicios
21453,Servicio,Servicio,Servicios
21454,Servicio,Servicio,Servicios
21455,Servicio,Servicio,Servicios
21456,Servicio,Servicio,Servicios
21464,Servicio,Servicio,Servicios
21465,Servicio,Servicio,Servicios
21466,Servicio,Servicio,Servicios
21467,Servicio,Servicio,Servicios
21468,Servicio,Servicio,Servicios
21469,Servicio,Servicio,Servicios
21470,Servicio,Servicio,Servicios
21471,Servicio,Servicio,Servicios
21472,Servicio,Servicio,Servicios
21473,Servicio,Servicio,Servicios
21474,Servicio,Servicio,Servicios
21475,Servicio,Servicio,Servicios
21476,Servicio,Servicio,Servicios
21477,Servicio,Servicio,Servicios
21478,Servicio,Servicio,Servicios
21479,Servicio,Servicio,Servicios
21481,Servicio,Servicio,Servicios
21482,Servicio,Servicio,Servicios
21483,Servicio,Servicio,Servicios
21484,Servicio,Servicio,Servicios
21485,Servicio,Servicio,Servicios
21486,Servicio,Servicio,Servicios
21497,Servicio,Servicio,Servicios
21498,Servicio,Servicio,Servicios
21499,Servicio,Servicio,Servicios
21500,Servicio,Servicio,Servicios
21501,Servicio,Servicio,Servicios
21502,Servicio,Servicio,Servicios
21505,Servicio,Servicio,Servicios
21506,Producto almacenable,Producto almacenable,Servicios
21507,Servicio,Servicio,Servicios
21508,Servicio,Servicio,Servicios
21509,Servicio,Servicio,Servicios
21511,Servicio,Servicio,Servicios
21512,Servicio,Servicio,Servicios
21513,Servicio,Servicio,Servicios
21514,Servicio,Servicio,Servicios
21521,Servicio,Servicio,Servicios
21522,Servicio,Servicio,Servicios
21527,Servicio,Servicio,Servicios
21528,Servicio,Servicio,Servicios
21530,Servicio,Servicio,Servicios
21531,Servicio,Servicio,Servicios
21532,Servicio,Servicio,Servicios
21533,Servicio,Servicio,Servicios
21534,Servicio,Servicio,Servicios
21535,Servicio,Servicio,Servicios
21536,Servicio,Servicio,Servicios
21539,Producto almacenable,Producto almacenable,Servicios
21540,Producto almacenable,Producto almacenable,Servicios
21541,Producto almacenable,Producto almacenable,Servicios
21542,Producto almacenable,Producto almacenable,Servicios
21543,Producto almacenable,Producto almacenable,Servicios
21544,Producto almacenable,Producto almacenable,Servicios
21545,Producto almacenable,Producto almacenable,Servicios
21546,Producto almacenable,Producto almacenable,Servicios
21547,Producto almacenable,Producto almacenable,Servicios
21548,Producto almacenable,Producto almacenable,Servicios
21549,Producto almacenable,Producto almacenable,Servicios
21550,Producto almacenable,Producto almacenable,Servicios
21551,Producto almacenable,Producto almacenable,Servicios
21553,Servicio,Servicio,Servicios
21554,Servicio,Servicio,Servicios
21555,Servicio,Servicio,Servicios
21556,Servicio,Servicio,Servicios
21561,Servicio,Servicio,Servicios
21562,Servicio,Servicio,Servicios
21563,Servicio,Servicio,Servicios
21564,Servicio,Servicio,Servicios
21565,Servicio,Servicio,Servicios
21566,Servicio,Servicio,Servicios
2238139-CELDA A,Producto almacenable,Producto almacenable,Cartón / Producto en proceso (Cartón)
2238139-CELDA B,Producto almacenable,Producto almacenable,Cartón / Producto en proceso (Cartón)
225656250023331562356,Consumible,Consumible,Todos
241B EXPORT KIT,Producto almacenable,Producto almacenable,Cartón / Kit (Cartón)
24529,Servicio,Servicio,Servicios
253139 CAJA MEDIANA INTER,Producto almacenable,Producto almacenable,Cartón / Producto Terminado (Cartón)
253378 CAJA GRANDE,Producto almacenable,Producto almacenable,Cartón / Producto Terminado (Cartón)
27160,Consumible,Consumible,Todos
280 TRAMO 5 - EMC SHIELD FRAME 780B,Producto almacenable,Producto almacenable,Retornable / Producto en proceso (Retornable)
3 MM LAMINADA 1 LADO,Producto almacenable,Producto almacenable,Retornable / Producto en proceso (Retornable)
3 MM LAMINADA 2 LADOS,Producto almacenable,Producto almacenable,Retornable / Producto en proceso (Retornable)
"30"" X 28"" RACK VW416 PA2",Producto almacenable,Producto almacenable,Retornable / Producto Terminado (Retornable)
"30"" X 28"" RACK WL74-75 Armrests",Producto almacenable,Producto almacenable,Retornable / Producto Terminado (Retornable)
300 MM TRAMO 10 MM  - CONTENEDOR 480X305X155,Producto almacenable,Producto almacenable,Retornable / Producto en proceso (Retornable)
30AA BACK UP,Producto almacenable,Producto almacenable,Cartón / Kit (Cartón)
30AA. Outer Case. Charola Plastica Corrugado Verde 4mm con Dunnage Cortilona Gris Antestat con ALMA DE PLASTICO CORRUGADO Y TAPA DE LONA CRISTAL,Producto almacenable,Producto almacenable,Retornable / Producto Terminado (Retornable)
30AA. Outer Case. Dunnage Cortilona.,Producto almacenable,Producto almacenable,Retornable / Producto en proceso (Retornable)
30AA. Outer Case. Tapa Lona Cristal Cal. 40,Producto almacenable,Producto almacenable,Retornable / Producto en proceso (Retornable)
"30AA. Outer Case. Totte Coroplast 15"" X 24"" X 9""",Producto almacenable,Producto almacenable,Retornable / Producto en proceso (Retornable)
30AA. Window Plate. CHAROLA DE PLASTICO CORRUGADO VERDE 4 MM CON DUNNAGE DE CORTILONA GRIS ANTIESTAT CON ALMA DE PLASTICO CORRUGADO Y TAPA DE LONA CRISTAL,Producto almacenable,Producto almacenable,Retornable / Producto Terminado (Retornable)
30AA. Window Plate. Dunnage Cortilona Antiestatica con Almas Coroplast.,Producto almacenable,Producto almacenable,Retornable / Producto en proceso (Retornable)
30AA. Window Plate. Tapa Lona Cristal Cal. 40,Producto almacenable,Producto almacenable,Retornable / Producto en proceso (Retornable)
"30AA. Window Plate. Tote 14"" x 19"" x 9"" PL CORRUGADO 4mm negro.",Producto almacenable,Producto almacenable,Retornable / Producto en proceso (Retornable)
310 TRAMO 10 - EMC SHIELD FRAME 780B,Producto almacenable,Producto almacenable,Retornable / Producto en proceso (Retornable)
31XX. Armrest Close Out Panel. Dunnage 90 cav. TYVEK.,Producto almacenable,Producto almacenable,Retornable / Producto Terminado (Retornable)
32-001 CAJA 1,Producto almacenable,Producto almacenable,Retornable / Producto Terminado (Retornable)
32-001 CAJA 2,Producto almacenable,Producto almacenable,Retornable / Producto Terminado (Retornable)
32-001 CAJA 3,Producto almacenable,Producto almacenable,Retornable / Producto Terminado (Retornable)
32-001 CAJA 4,Producto almacenable,Producto almacenable,Retornable / Producto Terminado (Retornable)
3206268 BX.22X36X20 HSC,Servicio,Servicio,Servicios
341332 AS 30 99 0000 00 000 INSERTO U611/U625.,Servicio,Servicio,Servicios
"345 FELPA 2"" TAPA 2422 - LADO 22 AL DUNNAGE",Producto almacenable,Producto almacenable,Retornable / Producto en proceso (Retornable)
3486354-CELDA A,Producto almacenable,Producto almacenable,Cartón / Producto en proceso (Cartón)
3486354-CELDA B,Producto almacenable,Producto almacenable,Cartón / Producto en proceso (Cartón)
3486354-CELDA C,Producto almacenable,Producto almacenable,Cartón / Producto en proceso (Cartón)
357790-TA,Producto almacenable,Producto almacenable,Todos
357790. CAJA.,Producto almacenable,Producto almacenable,Cartón / Producto Terminado (Cartón)
"36"" X 30"" RACK WL74-75 Armrests",Producto almacenable,Producto almacenable,Retornable / Producto Terminado (Retornable)
361010540 DUNNAGE GLOVE BOX,Producto almacenable,Producto almacenable,Retornable / Producto Terminado (Retornable)
362034860 RACK PARA SUSTRATO DE TOP COVER IP,Producto almacenable,Producto almacenable,Retornable / Producto Terminado (Retornable)
362034860-Rack Bolster Passenger,Producto almacenable,Producto almacenable,Retornable / Producto Terminado (Retornable)
362388 REINFORCEMENT MCA MP552 PUERTAS,Producto almacenable,Producto almacenable,Retornable / Producto Terminado (Retornable)
362390 - DUNNAGE ARMREST FRONT MP552 PUERTAS,Producto almacenable,Producto almacenable,Retornable / Producto Terminado (Retornable)
362390. 362391. Dunnage Armrest FRT & RR 88 cav. con Tapa.,Producto almacenable,Producto almacenable,Retornable / Producto en proceso (Retornable)
362391 - DUNNAGE ARMREST REAR MP552 PUERTAS,Producto almacenable,Producto almacenable,Retornable / Producto Terminado (Retornable)
362718 UPPER REAR MP552 PUERTAS,Producto almacenable,Producto almacenable,Retornable / Producto Terminado (Retornable)
362720 SPEAKER GRILLE MP552 PUERTAS,Producto almacenable,Producto almacenable,Retornable / Producto Terminado (Retornable)
362723 APPLIQUE REAR MP552 PUERTAS,Producto almacenable,Producto almacenable,Retornable / Producto Terminado (Retornable)
363010530 DUNNAGE CENTER SPEAKER GRILLE ASSY,Producto almacenable,Producto almacenable,Retornable / Producto Terminado (Retornable)
363010540 DUNNAGE CLUSTER BEZEL,Producto almacenable,Producto almacenable,Retornable / Producto Terminado (Retornable)
363010540 DUNNAGE KNEE BLOCKER,Producto almacenable,Producto almacenable,Retornable / Producto Terminado (Retornable)
363010550 DUNNAGE BEZEL IP CLUSTER CAP,Producto almacenable,Producto almacenable,Retornable / Producto Terminado (Retornable)
363010550 DUNNAGE IGNITION RING,Producto almacenable,Producto almacenable,Retornable / Producto Terminado (Retornable)
363010560 DUNNAGE DECO ASSY DRIVE,Producto almacenable,Producto almacenable,Retornable / Producto Terminado (Retornable)
363010570 DUNNAGE DECO ASSY PASSENGER,Producto almacenable,Producto almacenable,Retornable / Producto Terminado (Retornable)
363010570- PALLET 48*45,Producto almacenable,Producto almacenable,Retornable / Producto Terminado (Retornable)
363010570- PALLET 48*45,Producto almacenable,Producto almacenable,Retornable / Producto Comercialización (Retornable)
363010570- TAPA 48*45,Producto almacenable,Producto almacenable,Retornable / Producto Comercialización (Retornable)
363010570- TAPA 48*45,Producto almacenable,Producto almacenable,Retornable / Producto Terminado (Retornable)
363010580 DUNNAGE BOLSTER DRIVER,Producto almacenable,Producto almacenable,Retornable / Producto Terminado (Retornable)
363010580 DUNNAGE SHROUD LOWER,Producto almacenable,Producto almacenable,Retornable / Producto Terminado (Retornable)
363010580 DUNNAGE SHROUD UPPER,Producto almacenable,Producto almacenable,Retornable / Producto Terminado (Retornable)
363010610 DUNNAGE BEZEL ENDCAP,Producto almacenable,Producto almacenable,Retornable / Producto Terminado (Retornable)
363010610 DUNNAGE CUBBY BIN,Producto almacenable,Producto almacenable,Retornable / Producto Terminado (Retornable)
363010610 DUNNAGE SHIFTER BEZEL,Producto almacenable,Producto almacenable,Retornable / Producto Terminado (Retornable)
3675,Consumible,Consumible,Todos
3710,Consumible,Consumible,Todos
3712,Producto almacenable,Producto almacenable,Todos
3881476-CELDA A,Producto almacenable,Producto almacenable,Cartón / Producto en proceso (Cartón)
3881476-CELDA B,Producto almacenable,Producto almacenable,Cartón / Producto en proceso (Cartón)
3886330-CELDA A,Producto almacenable,Producto almacenable,Cartón / Producto en proceso (Cartón)
3886330-CELDA B,Producto almacenable,Producto almacenable,Cartón / Producto en proceso (Cartón)
3905VU (ATTWOOD). CAJA IMP.,Producto almacenable,Producto almacenable,Cartón / Producto Terminado (Cartón)
3921156 BX.48X15X7 RSC,Servicio,Servicio,Servicios
3957142 - PTN.DT APLR ITB 60 CELL,Producto almacenable,Producto almacenable,Cartón / Producto Terminado (Cartón)
3957142 - PTN.DT APLR ITB 60 CELL,Producto almacenable,Producto almacenable,Cartón / Producto Comercialización (Cartón)
3957150 - PTN.DT B UPR ITB 52 CELL,Producto almacenable,Producto almacenable,Cartón / Producto Terminado (Cartón)
3958071-CELDA A,Producto almacenable,Producto almacenable,Cartón / Producto en proceso (Cartón)
3958071-CELDA B,Producto almacenable,Producto almacenable,Cartón / Producto en proceso (Cartón)
397. A. Pieza.,Producto almacenable,Producto almacenable,Cartón / Producto en proceso (Cartón)
397. B. Pieza.,Producto almacenable,Producto almacenable,Cartón / Producto en proceso (Cartón)
397. Kit. Caja.,Producto almacenable,Producto almacenable,Cartón / Producto Terminado (Cartón)
397. Kit. Celdado.,Producto almacenable,Producto almacenable,Cartón / Producto Terminado (Cartón)
397. Kit. Tapa.,Producto almacenable,Producto almacenable,Cartón / Producto Terminado (Cartón)
"3S5. Back Up Honda & Back Tarima 45"" X 42"" HT de PRIMERA",Producto almacenable,Producto almacenable,Cartón / Materia Prima (Cartón)
3S5. BackUp. Carton. 1. Inserto. FOAM 51MMX1090X70MM D2.2LB,Producto almacenable,Producto almacenable,Retornable / Materia Prima (Retornable)
3S5. BackUp. Carton. 2. Inserto. FOAM 51MMX1090X84MM D2.2LB,Producto almacenable,Producto almacenable,Retornable / Materia Prima (Retornable)
3S5. BackUp. Carton. 3. Inserto. FOAM 51MMX1090X82MM D2.2LB,Producto almacenable,Producto almacenable,Retornable / Materia Prima (Retornable)
3S5. BackUp. Carton. A. Pieza.,Producto almacenable,Producto almacenable,Cartón / Producto en proceso (Cartón)
3S5. BackUp. Carton. B. Pieza.,Producto almacenable,Producto almacenable,Cartón / Producto en proceso (Cartón)
3S5. BackUp. Carton. C. Pieza.,Producto almacenable,Producto almacenable,Cartón / Producto en proceso (Cartón)
3S5. BackUp. Carton. Caja Armada Int.,Producto almacenable,Producto almacenable,Cartón / Producto en proceso (Cartón)
3S5. BackUp. Carton. Caja. Pieza.,Producto almacenable,Producto almacenable,Cartón / Producto en proceso (Cartón)
3S5. BackUp. Carton. Celda Armada.,Producto almacenable,Producto almacenable,Cartón / Producto en proceso (Cartón)
3S5. BackUp. Carton. Cuello. Pieza.,Producto almacenable,Producto almacenable,Cartón / Producto en proceso (Cartón)
3S5. BackUp. Carton. Pad Gral. Pieza.,Producto almacenable,Producto almacenable,Cartón / Producto en proceso (Cartón)
3S5. BackUp. Carton. Tapa Gral. Pieza.,Producto almacenable,Producto almacenable,Cartón / Producto en proceso (Cartón)
400 NYLON - EMC SHIELD FRAME 780B,Producto almacenable,Producto almacenable,Retornable / Producto en proceso (Retornable)
"40121 PAD 200#C 27.5"" X 9""",Servicio,Servicio,Servicios
4067,Producto almacenable,Producto almacenable,Todos
4210,Producto almacenable,Producto almacenable,Todos
4211,Producto almacenable,Producto almacenable,Todos
440-CELDA A,Producto almacenable,Producto almacenable,Cartón / Producto en proceso (Cartón)
440-CELDA B,Producto almacenable,Producto almacenable,Cartón / Producto en proceso (Cartón)
440-TELA17gr,Producto almacenable,Producto almacenable,Cartón / Producto Terminado (Cartón)
4455,Consumible,Consumible,Todos
4506,Consumible,Consumible,Todos
"480 FELPA 1"" TAPA 2422 - LADO 22 AL DUNNAGE",Producto almacenable,Producto almacenable,Retornable / Producto en proceso (Retornable)
"480 GANCHO 1"" TAPA 2422 - LADO 22 AL DUNNAGE",Producto almacenable,Producto almacenable,Retornable / Producto en proceso (Retornable)
480 MM TRAMO 5 MM - CONTENDOR 480X305X155,Producto almacenable,Producto almacenable,Retornable / Producto en proceso (Retornable)
48’’. Caja Terminada.,Producto almacenable,Producto almacenable,Cartón / Producto Terminado (Cartón)
491447 AS 30 99 0000 00 000 CARTON (EMPAQUE),Servicio,Servicio,Servicios
4968,Consumible,Consumible,Todos
500B CCP Front and Rear Case,Producto almacenable,Producto almacenable,Retornable / Producto Terminado (Retornable)
"540 AUTO GANCHO 1"" - SHIFTER BEZEL",Producto almacenable,Producto almacenable,Retornable / Producto en proceso (Retornable)
550B CELDA A,Producto almacenable,Producto almacenable,Retornable / Producto en proceso (Retornable)
550B CELDA ARMADA,Producto almacenable,Producto almacenable,Cartón / Producto Terminado (Cartón)
550B CELDA B,Producto almacenable,Producto almacenable,Cartón / Producto Terminado (Cartón)
550B HSC,Producto almacenable,Producto almacenable,Cartón / Producto Terminado (Cartón)
550B TAPA,Producto almacenable,Producto almacenable,Cartón / Producto Terminado (Cartón)
5X - TR10985 KIT 780 SHIFT LEVER,Producto almacenable,Producto almacenable,Cartón / Producto Terminado (Cartón)
60% Backframe. A. Cuello.,Producto almacenable,Producto almacenable,Cartón / Producto en proceso (Cartón)
60% Backframe. A. Pieza. ( 6 Pza/ Celda.),Producto almacenable,Producto almacenable,Cartón / Producto en proceso (Cartón)
60% Backframe. B. Cuello.,Producto almacenable,Producto almacenable,Cartón / Producto en proceso (Cartón)
60% Backframe. B. Pieza. ( 2 Pza/ Celda).,Producto almacenable,Producto almacenable,Cartón / Producto en proceso (Cartón)
60% Backframe. Separador con Doblez.,Producto almacenable,Producto almacenable,Cartón / Producto Terminado (Cartón)
600 NYLON - WINDOWPLATE 780B,Producto almacenable,Producto almacenable,Retornable / Producto en proceso (Retornable)
608795 AS 30 99 0000 00 000 CARTON,Producto almacenable,Producto almacenable,Cartón / Kit (Cartón)
61010001 #01651-BURBUJA GRANDE EN ROLLO,Servicio,Servicio,Servicios
642053,Producto almacenable,Producto almacenable,Cartón / Producto Terminado (Cartón)
643920 STABOMAT CAJA FLEXO,Producto almacenable,Producto almacenable,Cartón / Producto en proceso (Cartón)
647713. Caja.,Producto almacenable,Producto almacenable,Cartón / Producto Terminado (Cartón)
660B. Y0392179. Substrate Panel Mid 72 cav. Dunnage de Cortilona 2 colores para Ropack 45*48*50,Producto almacenable,Producto almacenable,Retornable / Producto Terminado (Retornable)
675. A. Pieza.,Producto almacenable,Producto almacenable,Cartón / Producto en proceso (Cartón)
675. B. Pieza.,Producto almacenable,Producto almacenable,Cartón / Producto en proceso (Cartón)
675. Celda Armada.,Producto almacenable,Producto almacenable,Cartón / Producto Terminado (Cartón)
676. Caja.,Producto almacenable,Producto almacenable,Cartón / Producto Terminado (Cartón)
71254 BASE,Producto almacenable,Producto almacenable,Cartón / Producto en proceso (Cartón)
71254 TACON,Producto almacenable,Producto almacenable,Cartón / Producto en proceso (Cartón)
71254 TAPA,Producto almacenable,Producto almacenable,Cartón / Producto en proceso (Cartón)
7158,Consumible,Consumible,Todos
723022  AS 30 99 0000 00 000 CARTÓN,Producto almacenable,Producto almacenable,Cartón / Kit (Cartón)
723022 AS 30 99 0000 00 000 CARTÓN (EMPAQUE),Producto almacenable,Producto almacenable,Cartón / Kit (Cartón)
746. A. Pieza.,Producto almacenable,Producto almacenable,Cartón / Producto en proceso (Cartón)
746. B. Pieza.,Producto almacenable,Producto almacenable,Cartón / Producto en proceso (Cartón)
746. Kit. Caja.,Producto almacenable,Producto almacenable,Cartón / Producto Terminado (Cartón)
746. Kit. Celda.,Producto almacenable,Producto almacenable,Cartón / Producto Terminado (Cartón)
746. Kit. Tapa.,Producto almacenable,Producto almacenable,Cartón / Producto Terminado (Cartón)
747. B. Pieza.,Producto almacenable,Producto almacenable,Cartón / Materia Prima (Cartón)
750484 CAJA PARA ECU,Producto almacenable,Producto almacenable,Cartón / Producto Terminado (Cartón)
780B IC GLASS FRONT. Charola coroplast verde 4 mm,Producto almacenable,Producto almacenable,Retornable / Producto Terminado (Retornable)
780B. Cover. / U554 HUD. Bastidor. Pieza.,Producto almacenable,Producto almacenable,Retornable / Producto en proceso (Retornable)
780B. Cover. / U554 HUD. Charola plástica. Pieza.,Producto almacenable,Producto almacenable,Retornable / Producto en proceso (Retornable)
780B. Cover. / U554 HUD. Dunnage. Pieza.,Producto almacenable,Producto almacenable,Retornable / Producto en proceso (Retornable)
780B. Inner Case. Bastidor de Plástico. Pieza.,Producto almacenable,Producto almacenable,Retornable / Producto en proceso (Retornable)
780B. Inner Case. Charola plastica. Pieza.,Producto almacenable,Producto almacenable,Retornable / Producto en proceso (Retornable)
780B. Inner Case. Dunnage. Pieza.,Producto almacenable,Producto almacenable,Retornable / Producto en proceso (Retornable)
784. Kit. Caja.,Producto almacenable,Producto almacenable,Cartón / Producto Terminado (Cartón)
784. Kit. Charola Armada.,Producto almacenable,Producto almacenable,Cartón / Producto Terminado (Cartón)
8001,Producto almacenable,Producto almacenable,Todos
802625 Caja individual para toyota,Producto almacenable,Producto almacenable,Cartón / Producto Terminado (Cartón)
808. Kit. Caja 30 cav.,Producto almacenable,Producto almacenable,Cartón / Producto Terminado (Cartón)
808. Kit. Celda 30 cav.,Producto almacenable,Producto almacenable,Cartón / Producto Terminado (Cartón)
810. A. Pieza.,Producto almacenable,Producto almacenable,Cartón / Producto en proceso (Cartón)
810. B. Pieza.,Producto almacenable,Producto almacenable,Cartón / Producto en proceso (Cartón)
810. Kit. Caja.,Producto almacenable,Producto almacenable,Cartón / Producto Terminado (Cartón)
810. Kit. Celda Armada.,Producto almacenable,Producto almacenable,Cartón / Producto Terminado (Cartón)
810. Kit. Separador.,Producto almacenable,Producto almacenable,Cartón / Producto Terminado (Cartón)
843971 FS 30 99 0000 00 000 CARTON (EMPAQUE),Servicio,Servicio,Servicios
857. Reflex. A. Pieza.,Producto almacenable,Producto almacenable,Cartón / Producto en proceso (Cartón)
857. Reflex. B. Pieza.,Producto almacenable,Producto almacenable,Cartón / Producto en proceso (Cartón)
857. Reflex. Caja.,Producto almacenable,Producto almacenable,Cartón / Producto Terminado (Cartón)
857. Reflex. Celda Armada.,Producto almacenable,Producto almacenable,Cartón / Producto Terminado (Cartón)
857. Reflex. Divisor.,Producto almacenable,Producto almacenable,Cartón / Producto Terminado (Cartón)
862. Kit. Rivian. Body Side. A. Pieza.,Producto almacenable,Producto almacenable,Cartón / Producto en proceso (Cartón)
862. Kit. Rivian. Body Side. B. Pieza.,Producto almacenable,Producto almacenable,Cartón / Producto en proceso (Cartón)
862. Kit. Rivian. Body Side. Caja RSC,Producto almacenable,Producto almacenable,Cartón / Producto Terminado (Cartón)
862. Rivian Body Side. Celda Armada.,Producto almacenable,Producto almacenable,Cartón / Producto Terminado (Cartón)
8821953,Consumible,Consumible,Todos
910B 4WAY,Producto almacenable,Producto almacenable,Retornable / Producto Terminado (Retornable)
915898 AS 30 99 0000 00 000 INSERTO. G09. BMW ALTERNO. CHAROLA ARMADA,Producto almacenable,Producto almacenable,Cartón / Producto Terminado (Cartón)
920 FIN CHAROLA TERMINADA,Producto almacenable,Producto almacenable,Retornable / Producto Terminado (Retornable)
920 LOWER CASE CHAROLA TERMINADA,Producto almacenable,Producto almacenable,Retornable / Producto Terminado (Retornable)
920 TOYOTA LOWER BOLSA,Producto almacenable,Producto almacenable,Retornable / Producto en proceso (Retornable)
920B GLASS FRONT,Producto almacenable,Producto almacenable,Retornable / Producto Terminado (Retornable)
920B SPEAKER CHAROLA TERMINADA,Producto almacenable,Producto almacenable,Retornable / Producto Terminado (Retornable)
920B. CLUSTER. DUNNAGE EN COROPLAST 4  MM INSERTOS EN X-LINK 4 LB CON 4 CAV,Producto almacenable,Producto almacenable,Retornable / Producto Terminado (Retornable)
920B. CLUSTER. TAPA TRANSFLEX CON PLASTICO CORRUGADO PARA TOTE DE DUNNAGE,Producto almacenable,Producto almacenable,Retornable / Producto Terminado (Retornable)
920B. Cluster. Retrabajo. Dunnage,Consumible,Consumible,Servicios
920B. Window Plate. Charola con Celda 4 Cav.,Producto almacenable,Producto almacenable,Retornable / Producto Terminado (Retornable)
922 FC ARTMREST LATCH,Producto almacenable,Producto almacenable,Retornable / Producto Terminado (Retornable)
922 FC HINGE COVERS,Producto almacenable,Producto almacenable,Retornable / Producto Terminado (Retornable)
922B. Lexus. 1/2 Cuello.,Producto almacenable,Producto almacenable,Cartón / Producto en proceso (Cartón)
922B. Lexus. A. Pieza.,Producto almacenable,Producto almacenable,Cartón / Producto en proceso (Cartón)
922B. Lexus. B. Pieza.,Producto almacenable,Producto almacenable,Cartón / Producto en proceso (Cartón)
922B. Lexus. Tapas Gral.,Producto almacenable,Producto almacenable,Cartón / Producto en proceso (Cartón)
95161. Kit. A. Pieza.,Producto almacenable,Producto almacenable,Cartón / Producto en proceso (Cartón)
95161. Kit. B. Pieza.,Producto almacenable,Producto almacenable,Cartón / Producto en proceso (Cartón)
95161. Kit. C. Pieza.,Producto almacenable,Producto almacenable,Cartón / Producto en proceso (Cartón)
95161. Kit. Inserto.,Producto almacenable,Producto almacenable,Cartón / Producto Terminado (Cartón)
95161. Kit. Pad.,Producto almacenable,Producto almacenable,Cartón / Producto Terminado (Cartón)
95161. Tapa General.,Producto almacenable,Producto almacenable,Cartón / Producto Terminado (Cartón)
9550,Consumible,Consumible,Todos
955061,Consumible,Consumible,Todos
955061. Celda Troquelada.,Producto almacenable,Producto almacenable,Cartón / Producto en Proceso MTS (Cartón)
955961. Charola Troquelada.,Producto almacenable,Producto almacenable,Cartón / Producto en Proceso MTS (Cartón)
A - 180020780 L02D WIP,Producto almacenable,Producto almacenable,Cartón / Producto en proceso (Cartón)
A - 362388 REINFORCEMENT MCA MP552 PUERTAS,Producto almacenable,Producto almacenable,Retornable / Producto en proceso (Retornable)
A - 362390 /362391 DUNNAGE ARMREST FRT & RR,Producto almacenable,Producto almacenable,Retornable / Producto en proceso (Retornable)
A - 362718 UPPER REAR MP552 PUERTAS,Producto almacenable,Producto almacenable,Retornable / Producto en proceso (Retornable)
A - DUNNAGE 18X,Producto almacenable,Producto almacenable,Retornable / Producto en proceso (Retornable)
A - EMC SHIELD FRAME 780B,Producto almacenable,Producto almacenable,Retornable / Producto en proceso (Retornable)
A - HEAT SINK 780B,Producto almacenable,Producto almacenable,Retornable / Producto en proceso (Retornable)
A - LOWERCASE 780B,Producto almacenable,Producto almacenable,Retornable / Producto en proceso (Retornable)
A - SERVICIO P1,Producto almacenable,Producto almacenable,Cartón / Producto en proceso (Cartón)
A - SERVICIO P2,Producto almacenable,Producto almacenable,Cartón / Producto en proceso (Cartón)
A - SHIFTER BEZEL,Producto almacenable,Producto almacenable,Retornable / Producto en proceso (Retornable)
A - TAPA - DUNNAGE 18X,Producto almacenable,Producto almacenable,Retornable / Producto en proceso (Retornable)
A - TESLA NV26 FLR CNSL END PANEL,Producto almacenable,Producto almacenable,Cartón / Producto en proceso (Cartón)
A - TESLA NV26 KIT PARA DOOR PANEL,Producto almacenable,Producto almacenable,Cartón / Producto en proceso (Cartón)
A - WINDOWPLATE 780B,Producto almacenable,Producto almacenable,Retornable / Producto en proceso (Retornable)
A CELDA 6X TUNDRA TOYOTA,Producto almacenable,Producto almacenable,Muestras / Producto en proceso (Muestras)
A COROPLAST - SHIFTER BEZEL,Producto almacenable,Producto almacenable,Retornable / Producto en proceso (Retornable)
A COROPLAST - WINDOW PLATE CX430,Producto almacenable,Producto almacenable,Retornable / Producto en proceso (Retornable)
A COROPLAST WINDOW PLATE U725,Producto almacenable,Producto almacenable,Retornable / Producto en proceso (Retornable)
A CP + ESD - CELDA 6X - GLASS FRONT 780B IC,Producto almacenable,Producto almacenable,Retornable / Producto en proceso (Retornable)
A DUNNAGE 28X - CLUSTER BEZEL MP552,Producto almacenable,Producto almacenable,Retornable / Producto en proceso (Retornable)
A GLASS FRONT 500B,Producto almacenable,Producto almacenable,Retornable / Producto en proceso (Retornable)
A GLOVE BOX,Producto almacenable,Producto almacenable,Retornable / Producto en proceso (Retornable)
A TAPA - WINDOWPLATE 780B,Producto almacenable,Producto almacenable,Retornable / Producto en proceso (Retornable)
A TRANSFLEX - HEAT SINK 780B,Producto almacenable,Producto almacenable,Retornable / Producto en proceso (Retornable)
A TRANSFLEX - LOWERCASE 780B,Producto almacenable,Producto almacenable,Retornable / Producto en proceso (Retornable)
A TRANSFLEX TAPA - EMC SHIELD FRAME 780B,Producto almacenable,Producto almacenable,Retornable / Producto en proceso (Retornable)
A WS DP DUNNAGE,Producto almacenable,Producto almacenable,Retornable / Producto en proceso (Retornable)
A+B - WINDOW PLATE CX430,Producto almacenable,Producto almacenable,Retornable / Producto en proceso (Retornable)
A+B ESD - WINDOW PLATE CX430,Producto almacenable,Producto almacenable,Retornable / Producto en proceso (Retornable)
A+B ESD WINDOW PLATE U725,Producto almacenable,Producto almacenable,Retornable / Producto en proceso (Retornable)
A+B WINDOW PLATE U725,Producto almacenable,Producto almacenable,Retornable / Producto en proceso (Retornable)
AAM_SUJETADOR DE REFUERZO,Producto almacenable,Producto almacenable,Retornable / Materia Prima (Retornable)
AA_OMEGASOPORTE,Producto almacenable,Producto almacenable,Retornable / Materia Prima (Retornable)
ABC_DJSENSOR_SERVICIO_RSC,Producto almacenable,Producto almacenable,Cartón / Producto Terminado (Cartón)
AC PANEL LEXUS ALTERNO,Producto almacenable,Producto almacenable,Cartón / Producto Terminado (Cartón)
ACCESORIOS EQUIPO DE TRANSPORTE,Servicio,Servicio,Servicios
ACEITE DE PINO 4LTS,Consumible,Consumible,Cartón / Consumibles (Cartón)
ACEITE P/MAQUINA DE COSER,Consumible,Consumible,Cartón / Consumibles (Cartón)
ACIDO MURIATICO,Consumible,Consumible,Cartón / Consumibles (Cartón)
ACRILICO CRISTAL 2MM,Producto almacenable,Producto almacenable,Retornable / Materia Prima (Retornable)
ACRILICO NARANJA 1/8,Producto almacenable,Producto almacenable,Retornable / Materia Prima (Retornable)
ADHESIVO B-1527,Consumible,Consumible,Retornable / Consumibles (Retornable)
ADHESIVO CJW-730,Consumible,Consumible,Cartón / Consumibles (Cartón)
ADHESIVO CKW 247 (RESISTOL),Consumible,Consumible,Cartón / Consumibles (Cartón)
ADHESIVO CKW-205  (RESISTOL),Consumible,Consumible,Cartón / Consumibles (Cartón)
AERO LENS CUARTO LIMPIO,Producto almacenable,Producto almacenable,Retornable / Producto Terminado (Retornable)
AEROCOMEX PINTURA EN AEROSOL,Consumible,Consumible,Retornable / Consumibles (Retornable)
AEROCOMEX PINTURA EN AEROSOL,Producto almacenable,Producto almacenable,Retornable / Consumibles (Retornable)
AEROCOMEX PINTURA EN AEROSOL,Consumible,Consumible,Retornable / Consumibles (Retornable)
AEROCOMEX PINTURA EN AEROSOL,Consumible,Consumible,Retornable / Consumibles (Retornable)
AEROCOMEX PINTURA EN AEROSOL,Consumible,Consumible,Retornable / Consumibles (Retornable)
AFLOJATODO AEROSOL WD 40 11OZ 310GR,Consumible,Consumible,Cartón / Consumibles (Cartón)
AGUA,Servicio,Servicio,Servicios
AGUAS,Consumible,Consumible,Todos
AGUJA RED 135x17 R 110/18,Consumible,Consumible,Retornable / Consumibles (Retornable)
AGUJA RED 135x17 R 120/19,Consumible,Consumible,Retornable / Consumibles (Retornable)
AGUJA RED GROZ BECKERT DB X 1 NM 120/19,Consumible,Consumible,Retornable / Consumibles (Retornable)
AGUJA RED GROZ BECKERT DB X 1 NM 140/22,Consumible,Consumible,Retornable / Consumibles (Retornable)
AGUJA RED GROZ BECKERT DB X 1 NM 90/14,Producto almacenable,Producto almacenable,Retornable / Materia Prima (Retornable)
AGUJA RED NOR 389 G135x17 R 140,Producto almacenable,Producto almacenable,Retornable / Consumibles (Retornable)
AGUJA RED NOR 389 G135x17 R 160,Consumible,Consumible,Retornable / Consumibles (Retornable)
"AIAG LABEL 6IN X 8 IN""",Producto almacenable,Producto almacenable,Retornable / Materia Prima (Retornable)
AIR VENT,Servicio,Servicio,Servicios
ALMA PLASTICO TAPA 4548 PASSENGER,Producto almacenable,Producto almacenable,Retornable / Producto en proceso (Retornable)
ALTERNO BILLET BARS 45 X 48,Producto almacenable,Producto almacenable,Cartón / Kit (Cartón)
ALTERNO BILLET BARS 56 X 48,Producto almacenable,Producto almacenable,Cartón / Kit (Cartón)
ALTERNO INNER 6 CAVIDADES CX727,Producto almacenable,Producto almacenable,Cartón / Producto Terminado (Cartón)
ANALISIS ECT RESISTENCIA A COMPRENSION,Servicio,Servicio,Servicios
ANCHO CK ECT 32 A 2470MM L 2500MM,Producto almacenable,Producto almacenable,Cartón / Materia Prima (Cartón)
ANCHO DE MAQ CK ECT 44 A 2470 MM L 2500MM,Producto almacenable,Producto almacenable,Cartón / Materia Prima (Cartón)
ANCHO DE MAQUINA 23 ECT,Producto almacenable,Producto almacenable,Cartón / Materia Prima (Cartón)
ANCHO DE MAQUINA 23 ECT,Producto almacenable,Producto almacenable,Cartón / Materia Prima (Cartón)
ANCHO DE MAQUINA 23 ECT,Producto almacenable,Producto almacenable,Cartón / Materia Prima (Cartón)
ANCHO DE MAQUINA 23 ECT FLAUTA B,Producto almacenable,Producto almacenable,Cartón / Materia Prima (Cartón)
ANCHO DE MAQUINA 26 ECT,Producto almacenable,Producto almacenable,Cartón / Materia Prima (Cartón)
ANCHO DE MAQUINA 26 ECT,Producto almacenable,Producto almacenable,Cartón / Materia Prima (Cartón)
ANCHO DE MAQUINA 29 ECT,Producto almacenable,Producto almacenable,Cartón / Materia Prima (Cartón)
ANCHO DE MAQUINA 29 ECT,Producto almacenable,Producto almacenable,Cartón / Materia Prima (Cartón)
ANCHO DE MAQUINA 29 ECT,Producto almacenable,Producto almacenable,Cartón / Materia Prima (Cartón)
ANCHO DE MAQUINA 30 ECT,Producto almacenable,Producto almacenable,Cartón / Materia Prima (Cartón)
ANCHO DE MAQUINA 30 ECT,Producto almacenable,Producto almacenable,Cartón / Materia Prima (Cartón)
ANCHO DE MAQUINA 32 ECT,Producto almacenable,Producto almacenable,Cartón / Materia Prima (Cartón)
ANCHO DE MAQUINA 32ECT,Producto almacenable,Producto almacenable,Cartón / Materia Prima (Cartón)
ANCHO DE MAQUINA 32ECT,Producto almacenable,Producto almacenable,Cartón / Materia Prima (Cartón)
ANCHO DE MAQUINA 32ECT,Producto almacenable,Producto almacenable,Cartón / Materia Prima (Cartón)
ANCHO DE MAQUINA 36 ECT,Producto almacenable,Producto almacenable,Cartón / Materia Prima (Cartón)
ANCHO DE MAQUINA 40 ECT,Producto almacenable,Producto almacenable,Cartón / Materia Prima (Cartón)
ANCHO DE MAQUINA 40 ECT,Producto almacenable,Producto almacenable,Cartón / Materia Prima (Cartón)
ANCHO DE MAQUINA 42 ECT,Producto almacenable,Producto almacenable,Cartón / Materia Prima (Cartón)
ANCHO DE MAQUINA 42 ECT,Producto almacenable,Producto almacenable,Cartón / Materia Prima (Cartón)
ANCHO DE MAQUINA 42 ECT,Producto almacenable,Producto almacenable,Cartón / Materia Prima (Cartón)
ANCHO DE MAQUINA 42 ECT,Producto almacenable,Producto almacenable,Cartón / Materia Prima (Cartón)
ANCHO DE MAQUINA 42 ECT,Producto almacenable,Producto almacenable,Cartón / Materia Prima (Cartón)
ANCHO DE MAQUINA 44 ECT,Producto almacenable,Producto almacenable,Cartón / Materia Prima (Cartón)
ANCHO DE MAQUINA 44 ECT,Producto almacenable,Producto almacenable,Cartón / Materia Prima (Cartón)
ANCHO DE MAQUINA 44 ECT,Producto almacenable,Producto almacenable,Cartón / Materia Prima (Cartón)
ANCHO DE MAQUINA 44 ECT,Producto almacenable,Producto almacenable,Cartón / Materia Prima (Cartón)
ANCHO DE MAQUINA 44 ECT,Producto almacenable,Producto almacenable,Cartón / Materia Prima (Cartón)
ANCHO DE MAQUINA 44 ECT,Producto almacenable,Producto almacenable,Cartón / Materia Prima (Cartón)
ANCHO DE MAQUINA 44 ECT,Producto almacenable,Producto almacenable,Cartón / Materia Prima (Cartón)
ANCHO DE MAQUINA 44ECT,Producto almacenable,Producto almacenable,Cartón / Materia Prima (Cartón)
ANCHO DE MAQUINA 48 ECT,Producto almacenable,Producto almacenable,Cartón / Materia Prima (Cartón)
ANCHO DE MAQUINA 48 ECT,Producto almacenable,Producto almacenable,Cartón / Materia Prima (Cartón)
ANCHO DE MAQUINA 48 ECT,Producto almacenable,Producto almacenable,Cartón / Materia Prima (Cartón)
ANCHO DE MAQUINA 51 ECT,Producto almacenable,Producto almacenable,Cartón / Materia Prima (Cartón)
ANCHO DE MAQUINA 51 ECT,Producto almacenable,Producto almacenable,Cartón / Materia Prima (Cartón)
ANCHO DE MAQUINA 51 ECT,Producto almacenable,Producto almacenable,Cartón / Materia Prima (Cartón)
ANCHO DE MAQUINA 51 ECT,Producto almacenable,Producto almacenable,Cartón / Materia Prima (Cartón)
ANCHO DE MAQUINA 51 ECT,Producto almacenable,Producto almacenable,Cartón / Materia Prima (Cartón)
ANCHO DE MAQUINA 51 ECT,Producto almacenable,Producto almacenable,Cartón / Materia Prima (Cartón)
ANCHO DE MAQUINA 51 ECT SENCILLO,Producto almacenable,Producto almacenable,Cartón / Materia Prima (Cartón)
ANCHO DE MAQUINA 55 ECT,Producto almacenable,Producto almacenable,Cartón / Materia Prima (Cartón)
ANCHO DE MAQUINA 55 ECT SENCILLO,Producto almacenable,Producto almacenable,Cartón / Materia Prima (Cartón)
ANCHO DE MAQUINA 55 ECT SENCILLO,Producto almacenable,Producto almacenable,Cartón / Materia Prima (Cartón)
ANCHO DE MAQUINA 61 DK 2470MM X 2500,Producto almacenable,Producto almacenable,Cartón / Materia Prima (Cartón)
ANCHO DE MAQUINA 61 ECT,Producto almacenable,Producto almacenable,Cartón / Materia Prima (Cartón)
ANCHO DE MAQUINA 71 ECT,Producto almacenable,Producto almacenable,Cartón / Materia Prima (Cartón)
ANCHO DE MAQUINA 80 AAC TRIPLE,Producto almacenable,Producto almacenable,Cartón / Materia Prima (Cartón)
ANCHO DE MAQUINA 80 AAC TRIPLE,Producto almacenable,Producto almacenable,Cartón / Materia Prima (Cartón)
ANCHO DE MAQUINA 90 AAC TRIPLE ?,Producto almacenable,Producto almacenable,Cartón / Materia Prima (Cartón)
ANCHO DE MAQUINA ABC,Producto almacenable,Producto almacenable,Cartón / Materia Prima (Cartón)
ANCHO DE MAQUINA MICROCORRUGADO ECT 23,Producto almacenable,Producto almacenable,Cartón / Materia Prima (Cartón)
ANCHO DE MAQUINA MICROCORRUGADO ECT 29,Producto almacenable,Producto almacenable,Cartón / Materia Prima (Cartón)
ANCHO DE MAQUINA MICROCORRUGADO ECT 32,Producto almacenable,Producto almacenable,Cartón / Materia Prima (Cartón)
ANCHO DE MAQUINA MICROCORRUGADO ECT 32,Producto almacenable,Producto almacenable,Cartón / Materia Prima (Cartón)
ANCHO DE MAQUINA MICROCORRUGADO ECT 32,Producto almacenable,Producto almacenable,Cartón / Materia Prima (Cartón)
ANCHO DE MAQUINA MICROCORRUGADO ECT 32,Producto almacenable,Producto almacenable,Cartón / Materia Prima (Cartón)
ANCHO DE MAQUINA MICROCORRUGADO ECT 32,Producto almacenable,Producto almacenable,Cartón / Materia Prima (Cartón)
ANCHO DE MAQUINA PRACTICAJA 32 CK 1970MM X 2000 MM,Producto almacenable,Producto almacenable,Cartón / Materia Prima (Cartón)
ANGULO - MP552 DECO ASSY PASSENGER,Producto almacenable,Producto almacenable,Retornable / Producto en proceso (Retornable)
"ANGULO 1 1/2"" X 1 1/2"" CAL.  14",Producto almacenable,Producto almacenable,Retornable / Materia Prima (Retornable)
"ANGULO 1 1/2"" X 1/8""",Producto almacenable,Producto almacenable,Cartón / Materia Prima (Cartón)
"ANGULO 1 1/2"" X 3/16""",Producto almacenable,Producto almacenable,Retornable / Materia Prima (Retornable)
"ANGULO 1"" X 1/8""",Producto almacenable,Producto almacenable,Retornable / Materia Prima (Retornable)
"ANGULO 1.5"" CALIBRE 12 (0.109"")",Producto almacenable,Producto almacenable,Retornable / Materia Prima (Retornable)
ANGULO 1/4 X2,Producto almacenable,Producto almacenable,Retornable / Materia Prima (Retornable)
"ANGULO 2"" X 1/8""",Producto almacenable,Producto almacenable,Cartón / Materia Prima (Cartón)
"ANGULO 2"" X 3/16",Producto almacenable,Producto almacenable,Retornable / Materia Prima (Retornable)
"ANGULO 2"" X 3/8""",Producto almacenable,Producto almacenable,Retornable / Materia Prima (Retornable)
ANGULO BRAZO RACK BODY,Producto almacenable,Producto almacenable,Retornable / Producto en proceso (Retornable)
AR FR Internal WIP RACK LH,Producto almacenable,Producto almacenable,Retornable / Producto Terminado (Retornable)
AR FR Internal WIP RACK RH,Producto almacenable,Producto almacenable,Retornable / Producto Terminado (Retornable)
AR RR Internal WIP RACK LH,Producto almacenable,Producto almacenable,Retornable / Producto Terminado (Retornable)
AR RR Internal WIP RACK RH,Producto almacenable,Producto almacenable,Retornable / Producto Terminado (Retornable)
ARANDELA  PARA PIJA 1/16,Consumible,Consumible,Retornable / Consumibles (Retornable)
"ARANDELA 1/2""",Producto almacenable,Producto almacenable,Retornable / Materia Prima (Retornable)
"ARANDELA PLANA DE 12.70MM 1/2"" ZINC",Consumible,Consumible,Retornable / Consumibles (Retornable)
"ARANDELA PLANA DE 25.40MM 1"" ZINC",Consumible,Consumible,Retornable / Consumibles (Retornable)
"ARANDELA PLANA DE 4.8MM 3/16"" ZINC ( 0.0012 Kg/ Pza.).",Producto almacenable,Producto almacenable,Retornable / Consumibles (Retornable)
"ARANDELA PLANA DE 6.4MM 1/4"" ZINC",Producto almacenable,Producto almacenable,Retornable / Consumibles (Retornable)
"ARANDELA PLANA DE 9.5MM 3/8"" ZINC",Consumible,Consumible,Retornable / Consumibles (Retornable)
ARGOLLA 38,Producto almacenable,Producto almacenable,Cartón / Materia Prima (Cartón)
ARGOLLA SIN SOLDAR #4  25 MM 003204,Producto almacenable,Producto almacenable,Cartón / Materia Prima (Cartón)
ARMAZON P/ MOP DE 90 CMS,Consumible,Consumible,Cartón / Consumibles (Cartón)
ARMREST MODEL S,Producto almacenable,Producto almacenable,Cartón / Kit (Cartón)
ARMREST MODEL Y,Producto almacenable,Producto almacenable,Cartón / Kit (Cartón)
ARMREST MODEL Y (copia),Producto almacenable,Producto almacenable,Cartón / Kit (Cartón)
ARMREST REAR RACK UNIVERSAL 644 CAVIDADES,Producto almacenable,Producto almacenable,Retornable / Producto Terminado (Retornable)
ARRENDAMIENTO AUTOMOTRIZ,Servicio,Servicio,Servicios
AS  30 99 0000 00 000 CARTÓN (EMPAQUE). MEVEREST. EMPAQUE DESECHABLE KIT.,Producto almacenable,Producto almacenable,Cartón / Producto Terminado (Cartón)
ATOMIZADOR REFORZADO C/ FRASCO,Consumible,Consumible,Cartón / Consumibles (Cartón)
AUDI/HANON [ Instalación de cubierta ],Servicio,Servicio,Servicios
AUMENTO CALAVERA 4548 BMW G01 LCI,Producto almacenable,Producto almacenable,Cartón / Producto en proceso (Cartón)
"AUTOMOVIL DODGE ATTITUDE SE AT 2020 NO. DE SERIE ML3AB26J5LH007206 CVE. VEHICULAR 0016507 COLOR PLATA/GRIS OSCURO, EN LAS CONDICIONES QUE SE ENCUENTRE",Servicio,Servicio,Servicios
AUTOMOVIL DODGE ATTITUDE SXT MT 2020 NO. DE SERIE ML3AB56J7LH007869 COLOR PLATA/GRIS OSCURO TRANSMISION MANUAL 5 VELOCIDADES,Servicio,Servicio,Servicios
AV DUNNAGE 28X - CLUSTER BEZEL MP552,Producto almacenable,Producto almacenable,Retornable / Producto en proceso (Retornable)
AZUCAR,Consumible,Consumible,Servicios
AZUL GCMI-34,Consumible,Consumible,Cartón / Consumibles (Cartón)
Alma G42 armrest - 6232,Producto almacenable,Producto almacenable,Retornable / Producto en proceso (Retornable)
Alma G42 armrest - 6532,Producto almacenable,Producto almacenable,Retornable / Producto en proceso (Retornable)
Alma de coroplast,Producto almacenable,Producto almacenable,Retornable / Producto en proceso (Retornable)
Alma de coroplast,Producto almacenable,Producto almacenable,Retornable / Producto en proceso (Retornable)
Alterno HELLA  2 ( ANCHO DE MAQ ),Producto almacenable,Producto almacenable,Cartón / Materia Prima (Cartón)
Aportación del Gobierno de Nuevo León en base al convenio celebrado el 31 de Julio del 2024 para el Programa PyMEs Innovadoras 2024,Consumible,Consumible,Servicios
Aportación del Gobierno de Nuevo León en base al convenio celebrado el 31 de Julio del 2024 para el Programa PyMEs Innovadoras 2024,Servicio,Servicio,Servicios
Apoyo de donativo para Mundial de Odyssey Grie-go!,Servicio,Servicio,Servicios
Array Damper - Prolamsa,Producto almacenable,Producto almacenable,Cartón / Producto Terminado (Cartón)
Array. Alterno. Dunnage.,Producto almacenable,Producto almacenable,Cartón / Producto Terminado (Cartón)
Array. Alterno. Tapa Base.,Producto almacenable,Producto almacenable,Cartón / Producto Terminado (Cartón)
Array. Alterno. Tapa Sup.,Producto almacenable,Producto almacenable,Cartón / Producto Terminado (Cartón)
Array. Alterno.Manga o Cuello.,Producto almacenable,Producto almacenable,Cartón / Producto Terminado (Cartón)
Audi. Hanon. Dunnage 15 cav. en Coroplast 4 mm.,Producto almacenable,Producto almacenable,Retornable / Producto Terminado (Retornable)
Audi. Hanon. Tapa Transflex.,Producto almacenable,Producto almacenable,Retornable / Producto Terminado (Retornable)
Avanzar 660. Caja Ensamblada con 3 Pad.,Producto almacenable,Producto almacenable,Cartón / Producto Terminado (Cartón)
Avanzar TRMX,Producto almacenable,Producto almacenable,Cartón / Materia Prima (Cartón)
Avanzar TRMX,Producto almacenable,Producto almacenable,Cartón / Materia Prima (Cartón)
Avanzar. Caja. Pieza.,Producto almacenable,Producto almacenable,Cartón / Producto en proceso (Cartón)
Avanzar. Pad. Pieza.,Producto almacenable,Producto almacenable,Cartón / Producto en proceso (Cartón)
Avanzar. Tapa. Pieza.,Producto almacenable,Producto almacenable,Cartón / Producto en proceso (Cartón)
B - 180020780 L02D WIP,Producto almacenable,Producto almacenable,Cartón / Producto en proceso (Cartón)
B - 362388 REINFORCEMENT MCA MP552 PUERTAS,Producto almacenable,Producto almacenable,Retornable / Producto en proceso (Retornable)
B - 362390 /362391 DUNNAGE ARMREST FRT & RR,Producto almacenable,Producto almacenable,Retornable / Producto en proceso (Retornable)
B - 362718 UPPER REAR MP552 PUERTAS,Producto almacenable,Producto almacenable,Retornable / Producto en proceso (Retornable)
B - DUNNAGE 18X,Producto almacenable,Producto almacenable,Retornable / Producto en proceso (Retornable)
B - HSC TESLA NV26 FRL CONL END ITEM,Producto almacenable,Producto almacenable,Cartón / Producto en proceso (Cartón)
B - SERVICIO P1,Producto almacenable,Producto almacenable,Cartón / Producto en proceso (Cartón)
B - SERVICIO P2,Producto almacenable,Producto almacenable,Cartón / Producto en proceso (Cartón)
B - SHIFTER BEZEL,Producto almacenable,Producto almacenable,Retornable / Producto en proceso (Retornable)
B - TAPA - DUNNAGE 18X,Producto almacenable,Producto almacenable,Retornable / Producto en proceso (Retornable)
B - TESLA NV26 FLR CNSL END PANEL,Producto almacenable,Producto almacenable,Cartón / Producto en proceso (Cartón)
B - TESLA NV26 KIT PARA DOOR PANEL,Producto almacenable,Producto almacenable,Cartón / Producto en proceso (Cartón)
B - WINDOW PLATE CX430,Producto almacenable,Producto almacenable,Cartón / Producto en proceso (Cartón)
B COROPLAST - SHIFTER BEZEL,Producto almacenable,Producto almacenable,Retornable / Producto en proceso (Retornable)
B COROPLAST - WINDOW PLATE CX430,Producto almacenable,Producto almacenable,Retornable / Producto en proceso (Retornable)
B COROPLAST WINDOW PLATE U725,Producto almacenable,Producto almacenable,Retornable / Producto en proceso (Retornable)
B CP + ESD - CELDA 6X - GLASS FRONT 780B IC,Producto almacenable,Producto almacenable,Retornable / Producto en proceso (Retornable)
B DUNNAGE 28X - CLUSTER BEZEL MP552,Producto almacenable,Producto almacenable,Retornable / Producto en proceso (Retornable)
B ESD - WINDOW PLATE CX430,Producto almacenable,Producto almacenable,Retornable / Producto en proceso (Retornable)
B ESD WINDOW PLATE U725,Producto almacenable,Producto almacenable,Retornable / Producto en proceso (Retornable)
B GLASS FRONT 500B,Producto almacenable,Producto almacenable,Retornable / Producto en proceso (Retornable)
B GLOVE BOX,Producto almacenable,Producto almacenable,Retornable / Producto en proceso (Retornable)
B TRANSFLEX TAPA - EMC SHIELD FRAME 780B,Producto almacenable,Producto almacenable,Retornable / Producto en proceso (Retornable)
B TRANSFLEX TAPA 4548 PASSENGER,Producto almacenable,Producto almacenable,Retornable / Producto en proceso (Retornable)
B WINDOW PLATE U725,Producto almacenable,Producto almacenable,Retornable / Producto en proceso (Retornable)
B WS DP DUNNAGE,Producto almacenable,Producto almacenable,Retornable / Producto en proceso (Retornable)
B-1257 HOT MELT  AMARILLO,Consumible,Consumible,Cartón / Consumibles (Cartón)
B88  [CMP-C32-0257],Producto almacenable,Producto almacenable,Todos
BACK UP 3S5A,Producto almacenable,Producto almacenable,Cartón / Producto Terminado (Cartón)
BACK UP T90,Producto almacenable,Producto almacenable,Cartón / Producto Terminado (Cartón)
BACKFRAME 60% ESQUINERO,Producto almacenable,Producto almacenable,Cartón / Producto Terminado (Cartón)
BACKFRAME 60% KIT,Producto almacenable,Producto almacenable,Cartón / Kit (Cartón)
BACKFRAME 60% KIT (copia),Producto almacenable,Producto almacenable,Cartón / Kit (Cartón)
BARRAS ALEMANIA (STMX/STDE),Producto almacenable,Producto almacenable,Cartón / Kit (Cartón)
BARROTE - KIT 330 MCA,Producto almacenable,Producto almacenable,Cartón / Producto en proceso (Cartón)
BARROTE 1450,Producto almacenable,Producto almacenable,Muestras / Producto Terminado (Muestras)
BARROTE 250,Producto almacenable,Producto almacenable,Muestras / Producto Terminado (Muestras)
BARROTE 325,Producto almacenable,Producto almacenable,Muestras / Producto Terminado (Muestras)
BARROTE 745,Producto almacenable,Producto almacenable,Cartón / Producto en proceso (Cartón)
BARROTE 745,Producto almacenable,Producto almacenable,Cartón / Materia Prima (Cartón)
BARROTE ARMADO 745,Producto almacenable,Producto almacenable,Cartón / Producto en proceso (Cartón)
BARROTE CENTRAL - KIT 330 MCA,Producto almacenable,Producto almacenable,Cartón / Producto en proceso (Cartón)
BARROTES 745,Producto almacenable,Producto almacenable,Cartón / Producto Terminado (Cartón)
BARROTES LAM 391,Producto almacenable,Producto almacenable,Cartón / Producto Terminado (Cartón)
BASE 391,Producto almacenable,Producto almacenable,Cartón / Producto en proceso (Cartón)
BASE A PARA SOPORTE K2XL,Producto almacenable,Producto almacenable,Cartón / Producto Terminado (Cartón)
BASE ARMADA 391,Producto almacenable,Producto almacenable,Cartón / Producto en proceso (Cartón)
BASE B PARA SOPORTE K2XL,Producto almacenable,Producto almacenable,Cartón / Producto Terminado (Cartón)
BASE BRAZIL,Producto almacenable,Producto almacenable,Cartón / Producto Terminado (Cartón)
BASE DE CAJA CON DOBLE PISO PARA FACILITAR LA LIMPIEZA DE CAJA - WINDOW PLATE CX430,Producto almacenable,Producto almacenable,Retornable / Producto en proceso (Retornable)
BASE DE COROPLAST NEGRO 4MM ESD SOLDADO CON ULTRASONIDO Y VELCRO SUJETADOR,Producto almacenable,Producto almacenable,Retornable / Producto Terminado (Retornable)
BASE MID PANEL,Producto almacenable,Producto almacenable,Cartón / Producto Terminado (Cartón)
BASE NW SOFTEK DUBETINA,Producto almacenable,Producto almacenable,Retornable / Materia Prima (Retornable)
BASE REAR XLPE 4# G42,Producto almacenable,Producto almacenable,Retornable / Materia Prima (Retornable)
BASE TARIMA 42*48,Producto almacenable,Producto almacenable,Cartón / Producto en proceso (Cartón)
"BASE XLPE 4# DE 4"" x 2"" x 1""",Producto almacenable,Producto almacenable,Retornable / Materia Prima (Retornable)
BASE Y TAPA KIT ATI,Producto almacenable,Producto almacenable,Cartón / Producto Terminado (Cartón)
BASE/TAPA PARA PALLET- 19626 V.I,Producto almacenable,Producto almacenable,Cartón / Producto Terminado (Cartón)
BEZEL INNER 00219198-01-0000 LH,Producto almacenable,Producto almacenable,Retornable / Producto Terminado (Retornable)
BEZEL INNER 00219199-01-0000 RH,Producto almacenable,Producto almacenable,Retornable / Producto Terminado (Retornable)
BEZEL INNER PIEZA A,Producto almacenable,Producto almacenable,Retornable / Producto en proceso (Retornable)
BEZEL INNER PIEZA B,Producto almacenable,Producto almacenable,Retornable / Producto en proceso (Retornable)
BEZEL INNER PIEZA C,Producto almacenable,Producto almacenable,Retornable / Producto en proceso (Retornable)
BEZEL INNER PIEZA D,Producto almacenable,Producto almacenable,Retornable / Producto en proceso (Retornable)
BEZEL INNER PIEZA E,Producto almacenable,Producto almacenable,Retornable / Producto en proceso (Retornable)
BEZEL OUTER 00219188-01-0000 LH,Producto almacenable,Producto almacenable,Retornable / Producto Terminado (Retornable)
BEZEL OUTER 00219189-01-0000 RH,Producto almacenable,Producto almacenable,Retornable / Producto Terminado (Retornable)
BEZEL-FWD COLLISION,Producto almacenable,Producto almacenable,Retornable / Producto Terminado (Retornable)
BF3011 A PILLAR,Producto almacenable,Producto almacenable,Retornable / Producto Terminado (Retornable)
BIN ST92,Producto almacenable,Producto almacenable,Cartón / Materia Prima (Cartón)
BISAGRA TUBULAR 3/4,Consumible,Consumible,Retornable / Consumibles (Retornable)
"BISAGRA TUBULAR 3/8""",Consumible,Consumible,Retornable / Consumibles (Retornable)
"BLISTER TAPA A-24 PET CAL 0.025""",Producto almacenable,Producto almacenable,Retornable
BLOQUE 51.8 mm X 28.8 mm X 43 mm XLPE 4# STD. NGB 4X48X72,Producto almacenable,Producto almacenable,Retornable / Producto Comercialización (Retornable)
"BLOQUEADOR DE CARTÓN 43.5x15x5"" DJ AIRBOX (UNITARIO)",Producto almacenable,Producto almacenable,Cartón / Producto Terminado (Cartón)
BLOQUEO GAS SPRING COROPLAST 4MM,Producto almacenable,Producto almacenable,Retornable / Producto Terminado (Retornable)
BLOQUEO GAS SPRING COROPLAST 4MM (RETRABAJO),Producto almacenable,Producto almacenable,Retornable / Producto Terminado (Retornable)
BMS REAR Y FRONT ,Producto almacenable,Producto almacenable,Cartón / Materia Prima (Cartón)
BMW G65 POWER DOOR (G65-084192),Servicio,Servicio,Servicios
BOLA DE ARRASTRE 2000LB,Producto almacenable,Producto almacenable,Retornable / Materia Prima (Retornable)
BOLSA  FLOOR CONSOLE,Producto almacenable,Producto almacenable,Cartón / Producto Comercialización (Cartón)
BOLSA  FLOOR CONSOLE,Producto almacenable,Producto almacenable,Cartón / Producto Comercialización (Cartón)
BOLSA 13X - BOLSTER PASSENGER,Producto almacenable,Producto almacenable,Retornable / Producto Terminado (Retornable)
BOLSA 500G CAFE ORGANICO,Consumible,Consumible,Servicios
BOLSA 70 X 90CMS NEGRA,Consumible,Consumible,Cartón / Consumibles (Cartón)
BOLSA 90 X 120 CMS,Consumible,Consumible,Cartón / Consumibles (Cartón)
BOLSA ANTIESTÁTICA ROSA CAL. 200,Producto almacenable,Producto almacenable,Cartón / Producto Comercialización (Cartón)
BOLSA DOOR PANEL,Producto almacenable,Producto almacenable,Cartón / Producto Comercialización (Cartón)
BOLSA DOOR PANEL,Producto almacenable,Producto almacenable,Cartón / Producto Comercialización (Cartón)
BOLSA END PANEL,Producto almacenable,Producto almacenable,Cartón / Producto Comercialización (Cartón)
BOLSA GLOVE BOX,Producto almacenable,Producto almacenable,Cartón / Materia Prima (Cartón)
BOLSA HD 24 X 24 C/ 1000 PZAS,Consumible,Consumible,Cartón / Consumibles (Cartón)
BOLSA MID PANEL,Producto almacenable,Producto almacenable,Retornable / Producto en proceso (Retornable)
BOLSA PARA CUBREBOCAS,Producto almacenable,Producto almacenable,Retornable / Materia Prima (Retornable)
"BOLSA PE 700 mm X 480 mm X 1/8"" (4mm espesor  +/-1 ) PE BAJA DENSIDAD BCO",Producto almacenable,Producto almacenable,Cartón / Materia Prima (Cartón)
BOLSA RACK GLOVE OUTER,Producto almacenable,Producto almacenable,Retornable / Producto en proceso (Retornable)
BOLSAS DE RACK HIDER 12 CAVIDADES,Producto almacenable,Producto almacenable,Retornable / Producto en proceso (Retornable)
BOLSAS HIDER,Producto almacenable,Producto almacenable,Retornable / Producto en proceso (Retornable)
BOLSAS PARA L232 Outer Panel WIP Rack LH,Producto almacenable,Producto almacenable,Retornable / Producto en proceso (Retornable)
BOLSTER PASSENGER COMPLETO,Producto almacenable,Producto almacenable,Retornable / Producto Terminado (Retornable)
BOX  2064WY,Producto almacenable,Producto almacenable,Cartón / Producto Terminado (Cartón)
BOX 0371813,Producto almacenable,Producto almacenable,Cartón / Producto Terminado (Cartón)
BOX 051660 SUNRISE MEDICAL,Producto almacenable,Producto almacenable,Cartón / Kit (Cartón)
BOX 051660 SUNRISE MEDICAL - CAJA RSC,Producto almacenable,Producto almacenable,Cartón / Producto Terminado (Cartón)
BOX 051660 SUNRISE MEDICAL - CELDA,Producto almacenable,Producto almacenable,Cartón / Producto Terminado (Cartón)
BOX 051660 SUNRISE MEDICAL - PAD,Producto almacenable,Producto almacenable,Cartón / Producto Terminado (Cartón)
BOX 051660 SUNRISE MEDICAL - REJILLA,Producto almacenable,Producto almacenable,Cartón / Producto Terminado (Cartón)
BOX 12*15*07 ALTERNATE FCA,Producto almacenable,Producto almacenable,Cartón / Kit (Cartón)
BOX 124047 GM,Producto almacenable,Producto almacenable,Cartón / Producto Terminado (Cartón)
BOX 124047 MOPAR ,Producto almacenable,Producto almacenable,Cartón / Producto Terminado (Cartón)
BOX 143907 - DIVISOR,Producto almacenable,Producto almacenable,Cartón / Producto en proceso (Cartón)
BOX 2067WO,Producto almacenable,Producto almacenable,Cartón / Producto Terminado (Cartón)
BOX 237811,Producto almacenable,Producto almacenable,Cartón / Producto Terminado (Cartón)
BOX 237811 IMPRESA,Producto almacenable,Producto almacenable,Cartón / Producto en proceso (Cartón)
BOX 357790,Producto almacenable,Producto almacenable,Cartón / Materia Prima (Cartón)
BOX 357790,Producto almacenable,Producto almacenable,Cartón / Kit (Cartón)
BOX 357790 ECT 48,Producto almacenable,Producto almacenable,Cartón / Materia Prima (Cartón)
BOX 358268,Producto almacenable,Producto almacenable,Cartón / Kit (Cartón)
BOX 358268,Producto almacenable,Producto almacenable,Cartón / Materia Prima (Cartón)
BOX 358268,Producto almacenable,Producto almacenable,Cartón / Materia Prima (Cartón)
BOX 3897VR,Producto almacenable,Producto almacenable,Cartón / Producto Terminado (Cartón)
BOX 3898VM ,Producto almacenable,Producto almacenable,Cartón / Producto Terminado (Cartón)
BOX 3901VN,Producto almacenable,Producto almacenable,Cartón / Producto Terminado (Cartón)
BOX 3902VI,Producto almacenable,Producto almacenable,Cartón / Producto Terminado (Cartón)
BOX 3903VD,Producto almacenable,Producto almacenable,Cartón / Producto Terminado (Cartón)
BOX 3904VZ,Producto almacenable,Producto almacenable,Cartón / Producto Terminado (Cartón)
BOX 3906VP,Producto almacenable,Producto almacenable,Cartón / Producto Terminado (Cartón)
BOX 551152-RH ,Producto almacenable,Producto almacenable,Cartón / Producto Terminado (Cartón)
BOX 551152-RH - CHAROLA,Producto almacenable,Producto almacenable,Cartón / Producto en Proceso MTS (Cartón)
BOX 551152-RH - INSERTO 1,Producto almacenable,Producto almacenable,Cartón / Producto en Proceso MTS (Cartón)
BOX 551152-RH - INSERTO 2,Producto almacenable,Producto almacenable,Cartón / Producto en Proceso MTS (Cartón)
BOX 551152-RH - PAD,Producto almacenable,Producto almacenable,Cartón / Producto en Proceso MTS (Cartón)
BOX 551152-RH - REFUERZO,Producto almacenable,Producto almacenable,Cartón / Producto en Proceso MTS (Cartón)
BOX 551391-LH ,Producto almacenable,Producto almacenable,Cartón / Producto Terminado (Cartón)
BOX 551391-LH - CHAROLA,Producto almacenable,Producto almacenable,Cartón / Producto en Proceso MTS (Cartón)
BOX 551391-LH - INSERTO 1,Producto almacenable,Producto almacenable,Cartón / Producto en Proceso MTS (Cartón)
BOX 551391-LH - INSERTO 2,Producto almacenable,Producto almacenable,Cartón / Producto en Proceso MTS (Cartón)
BOX 551391-LH - PAD,Producto almacenable,Producto almacenable,Cartón / Producto en Proceso MTS (Cartón)
BOX 551391-LH - REFUERZO,Producto almacenable,Producto almacenable,Cartón / Producto en Proceso MTS (Cartón)
BOX 560249 BMW,Producto almacenable,Producto almacenable,Cartón / Kit (Cartón)
BOX 754549 MOPAR ,Producto almacenable,Producto almacenable,Cartón / Producto Terminado (Cartón)
BOX 755266 MOPAR FLEXO,Producto almacenable,Producto almacenable,Cartón / Producto en proceso (Cartón)
BOX HONDA EXPORT ,Producto almacenable,Producto almacenable,Cartón / Kit (Cartón)
BOX HONDA EXPORT - CAJA,Producto almacenable,Producto almacenable,Cartón / Producto Terminado (Cartón)
BOX HONDA EXPORT - TAPA,Producto almacenable,Producto almacenable,Cartón / Producto Terminado (Cartón)
BOX HR FR,Producto almacenable,Producto almacenable,Cartón / Kit (Cartón)
BOX HR RR,Producto almacenable,Producto almacenable,Cartón / Kit (Cartón)
BOX TESLA IMC 070,Producto almacenable,Producto almacenable,Cartón / Producto Comercialización (Cartón)
BOX TMC 150 TESLA,Producto almacenable,Producto almacenable,Cartón / Producto Terminado (Cartón)
BOX-0308-01,Producto almacenable,Producto almacenable,Cartón / Producto Terminado (Cartón)
BOX-0308-01 TESLA GLOVE BOX ASSY,Servicio,Servicio,Servicios
BOX-0308-01. A. Pieza.,Producto almacenable,Producto almacenable,Cartón / Producto en proceso (Cartón)
BOX-0308-01. B. Pieza.,Producto almacenable,Producto almacenable,Cartón / Producto en proceso (Cartón)
BOX-0308-01. Caja Troquelada.,Producto almacenable,Producto almacenable,Cartón / Producto en proceso (Cartón)
BOX-0308-01. Celdado.,Producto almacenable,Producto almacenable,Cartón / Producto en proceso (Cartón)
BOX-0308-01. Pad. Pieza.,Producto almacenable,Producto almacenable,Cartón / Producto en proceso (Cartón)
BOX-0308-01. Tapa Troquelada.,Producto almacenable,Producto almacenable,Cartón / Producto en proceso (Cartón)
BRAZO ARMADO RACK BODY,Producto almacenable,Producto almacenable,Retornable / Producto en proceso (Retornable)
"BROCA P/FIERRO 1/2""",Consumible,Consumible,Retornable / Consumibles (Retornable)
"BROCA P/FIERRO 1/4""",Consumible,Consumible,Retornable / Consumibles (Retornable)
"BROCA P/FIERRO 13/32""",Consumible,Consumible,Retornable / Consumibles (Retornable)
"BROCA P/FIERRO 3/8""",Consumible,Consumible,Retornable / Consumibles (Retornable)
"BROCA P/FIERRO 5/16""",Consumible,Consumible,Retornable / Consumibles (Retornable)
"BROCA P/FIERRO 7/32""",Consumible,Consumible,Retornable / Consumibles (Retornable)
"BROCA P/FIERRO 9/16""",Producto almacenable,Producto almacenable,Retornable / Consumibles (Retornable)
"BROCA P/FIERRO 9/32""",Consumible,Consumible,Retornable / Consumibles (Retornable)
BROCA PARA 13/32,Consumible,Consumible,Retornable / Consumibles (Retornable)
BROCA RECTA AV ZANCO REDUCIDO C/COBALTO 3/4 SURTEK,Consumible,Consumible,Retornable / Consumibles (Retornable)
"BROCA THUNDERBOLT TITANIUM 1/4"" MILWAUKEE 48-89-2213",Consumible,Consumible,Retornable / Consumibles (Retornable)
"BROCA THUNDERBOLT TITANIUM 3/16"" MILWAUKEE Cod.48-89-2209",Consumible,Consumible,Todos
"BROCA THUNDERBOLT TITANIUM 3/8"" MILWAUKEE 48-89-2221",Consumible,Consumible,Cartón / Consumibles (Cartón)
"BROCA THUNDERBOLT TITANIUM 5/16"" MILWAUKEE * 48-89-2217",Consumible,Consumible,Retornable / Consumibles (Retornable)
"BROQUERO 5/8"" C/LLAVE",Consumible,Consumible,Retornable / Consumibles (Retornable)
BSUV GP CHAROLA GENERAL TROQ,Producto almacenable,Producto almacenable,Cartón / Producto en proceso (Cartón)
BSUV GP CHAROLA IND TROQ,Producto almacenable,Producto almacenable,Cartón / Producto en proceso (Cartón)
BSUV GP CUELLO GENERAL A,Producto almacenable,Producto almacenable,Cartón / Producto en proceso (Cartón)
BSUV GP CUELLO GENERAL B,Producto almacenable,Producto almacenable,Cartón / Producto en proceso (Cartón)
BSUV GP CUELLO INDIVIDUAL,Producto almacenable,Producto almacenable,Cartón / Producto en proceso (Cartón)
BSUV GP INSERTO CHICO,Producto almacenable,Producto almacenable,Cartón / Producto en proceso (Cartón)
BSUV GP INSERTO GRANDE,Producto almacenable,Producto almacenable,Cartón / Producto en proceso (Cartón)
BSUV GP KIT,Producto almacenable,Producto almacenable,Cartón / Producto Terminado (Cartón)
BSUV GP TAPA GENERAL,Producto almacenable,Producto almacenable,Cartón / Producto en proceso (Cartón)
BSUV GP TAPA LATERAL,Producto almacenable,Producto almacenable,Cartón / Producto en proceso (Cartón)
BSUV PAD IND TROQ,Producto almacenable,Producto almacenable,Cartón / Producto en proceso (Cartón)
"BT1CC FC WIP NEW DUNNAGE_4845425_DUNNAGE EN CORTILONA ANTIDUST PARA ROPACK 45X48X25""+ RFID AND ID",Producto almacenable,Producto almacenable,Retornable / Producto Terminado (Retornable)
BT1ZYL_Y0770439_DUNNAGE EN PLASTILONA ANTIDUST+SEPARADOR DE LONABLANCA+TAPA TRANSFLEX MONTADO EN ROPACK 48X45X42,Producto almacenable,Producto almacenable,Retornable / Producto Terminado (Retornable)
BT1ZYL_Y0770439_ROPACK 45X48X42+ PLATE+ RFID’S,Producto almacenable,Producto almacenable,Retornable / Producto Terminado (Retornable)
"BUMPER EPDM NEGRO 2"" X 2"" X 4""",Producto almacenable,Producto almacenable,Retornable / Materia Prima (Retornable)
BURBUJA CHICA,Producto almacenable,Producto almacenable,Cartón / Materia Prima (Cartón)
BURBUJA GRANDE,Producto almacenable,Producto almacenable,Cartón / Consumibles (Cartón)
BUZZER. DUNNAGE POLIPROPILENO. 120 CAV. con Pad en TOTE.,Producto almacenable,Producto almacenable,Retornable / Producto Terminado (Retornable)
BV DUNNAGE 28X - CLUSTER BEZEL MP552,Producto almacenable,Producto almacenable,Retornable / Producto en proceso (Retornable)
Back Up. 30AA. HUD. 1. Pieza. Caja. CORTE.,Producto almacenable,Producto almacenable,Cartón / Producto en proceso (Cartón)
Back Up. 30AA. HUD. 1. Pieza. Caja. Troquel.,Producto almacenable,Producto almacenable,Cartón / Producto en proceso (Cartón)
Back Up. 30AA. HUD. 2. Pieza. Caja. CORTE.,Producto almacenable,Producto almacenable,Cartón / Producto en proceso (Cartón)
Back Up. 30AA. HUD. 2. Pieza. Caja. Troquel.,Producto almacenable,Producto almacenable,Cartón / Producto en proceso (Cartón)
Back Up. 30AA. HUD. A. Pieza. Corte.,Producto almacenable,Producto almacenable,Cartón / Producto en proceso (Cartón)
Back Up. 30AA. HUD. A. Pieza. Troquel.,Producto almacenable,Producto almacenable,Cartón / Producto en proceso (Cartón)
Back Up. 30AA. HUD. B. Pieza. Corte.,Producto almacenable,Producto almacenable,Cartón / Producto en proceso (Cartón)
Back Up. 30AA. HUD. B. Pieza. Troquel.,Producto almacenable,Producto almacenable,Cartón / Producto en proceso (Cartón)
Back Up. 30AA. HUD. BLOQUE. Pieza. En espuma de polietileno (POLIFOAM) 2.2 LBS densidad cantidad: 4 piezas.,Producto almacenable,Producto almacenable,Retornable / Materia Prima (Retornable)
Back Up. 30AA. HUD. Caja.,Producto almacenable,Producto almacenable,Cartón / Producto en proceso (Cartón)
Back Up. 30AA. HUD. Celdado.,Producto almacenable,Producto almacenable,Cartón / Producto en proceso (Cartón)
Back Up. 30AA. HUD. Cuello.,Producto almacenable,Producto almacenable,Cartón / Producto en proceso (Cartón)
"Back Up. 30AA. HUD. Esquinero 3” x 3"" x 74 cm cal.225",Producto almacenable,Producto almacenable,Cartón / Materia Prima (Cartón)
Back Up. 30AA. HUD. Pad Gral.,Producto almacenable,Producto almacenable,Cartón / Producto en proceso (Cartón)
Back Up. 30AA. HUD. Pallet.,Producto almacenable,Producto almacenable,Cartón / Producto Terminado (Cartón)
Back Up. 30AA. HUD. Separador. Pieza. En espuma de polietileno (POLIFOAM) 2.2 LBS densidad: 1 pieza.,Producto almacenable,Producto almacenable,Retornable / Materia Prima (Retornable)
Back Up. 30AA. HUD. Tapa Gral.,Producto almacenable,Producto almacenable,Cartón / Producto en proceso (Cartón)
Back Up. 30AA. HUD. U. Pieza. En espuma de polietileno (POLIFOAM) 2.2 LBS densidad cantidad: 4 piezas.,Producto almacenable,Producto almacenable,Retornable / Materia Prima (Retornable)
Back Up. Honda T90. Caja Armada.,Producto almacenable,Producto almacenable,Cartón / Producto en proceso (Cartón)
Back Up. Honda T90. Caja Pieza.,Producto almacenable,Producto almacenable,Cartón / Producto en proceso (Cartón)
Back Up. Honda T90. Cuello.,Producto almacenable,Producto almacenable,Cartón / Producto en proceso (Cartón)
Back Up. Honda T90. Cuello. venta individual,Producto almacenable,Producto almacenable,Cartón / Producto Terminado (Cartón)
Back Up. Honda T90. Inserto 1 2.2lb 150x1008x 101mm con adhesivo,Producto almacenable,Producto almacenable,Retornable / Materia Prima (Retornable)
Back Up. Honda T90. Inserto 1 2.2lb 150x1008x32mm con adhesivo,Producto almacenable,Producto almacenable,Retornable / Materia Prima (Retornable)
Back Up. Honda T90. Inserto 1 2.2lb 230x1010x 50mm con adhesivo,Producto almacenable,Producto almacenable,Retornable / Materia Prima (Retornable)
Back Up. Honda T90. Pad Gral.,Producto almacenable,Producto almacenable,Cartón / Producto en proceso (Cartón)
"Back Up. Honda T90. Pieza 4 100x230mm esp. 1""",Producto almacenable,Producto almacenable,Retornable / Materia Prima (Retornable)
Back Up. Honda T90. Tapa Gral.,Producto almacenable,Producto almacenable,Cartón / Producto en proceso (Cartón)
Back Up. Honda T90. Tapa Gral. venta individual,Producto almacenable,Producto almacenable,Cartón / Producto Terminado (Cartón)
Backframe 60% - cell A alterno desechable,Producto almacenable,Producto almacenable,Cartón / Producto en proceso (Cartón)
Backframe 60% - cell A retournable,Producto almacenable,Producto almacenable,Retornable / Producto en proceso (Retornable)
Backframe 60% - cell B alterno desechable,Producto almacenable,Producto almacenable,Cartón / Producto en proceso (Cartón)
Backframe 60% - cell B retournable,Producto almacenable,Producto almacenable,Retornable / Producto en proceso (Retornable)
Backframe 60% - cell C retournable,Producto almacenable,Producto almacenable,Retornable / Producto en proceso (Retornable)
Backframe 60% - cell alterno desechable,Producto almacenable,Producto almacenable,Cartón / Producto Terminado (Cartón)
Backframe 60% - cell retournable,Producto almacenable,Producto almacenable,Retornable / Producto en proceso (Retornable)
Backframe 60% - pad retournable,Producto almacenable,Producto almacenable,Retornable / Producto en proceso (Retornable)
Backframe 60% - sleeve,Producto almacenable,Producto almacenable,Cartón / Producto en proceso (Cartón)
Backframe 60% Kit retornable,Producto almacenable,Producto almacenable,Retornable / Producto Terminado (Retornable)
Barrote CH - Varroc - VW CKD,Producto almacenable,Producto almacenable,Cartón / Producto Terminado (Cartón)
Barrote G1 - Varroc - VW CKD,Producto almacenable,Producto almacenable,Cartón / Producto Terminado (Cartón)
Barrote G2 - Varroc - VW CKD,Producto almacenable,Producto almacenable,Cartón / Producto Terminado (Cartón)
Barrote M - Varroc - VW CKD,Producto almacenable,Producto almacenable,Cartón / Producto Terminado (Cartón)
Base Backframe 60% YF-CG,Producto almacenable,Producto almacenable,Retornable / Producto en proceso (Retornable)
Base SDD2,Producto almacenable,Producto almacenable,Retornable / Producto Terminado (Retornable)
Base para cuello BC48,Consumible,Consumible,Servicios
Bastidor WS Central,Producto almacenable,Producto almacenable,Retornable / Producto en proceso (Retornable)
Bastidor WS Driver,Producto almacenable,Producto almacenable,Retornable / Producto en proceso (Retornable)
Bastidor WS Passenger,Producto almacenable,Producto almacenable,Retornable / Producto en proceso (Retornable)
Bastidor pasador para Tiron 2 RU - YF QRO,Producto almacenable,Producto almacenable,Retornable / Producto en proceso (Retornable)
Bastidor plastico outer case U554 HUD,Producto almacenable,Producto almacenable,Retornable / Producto en proceso (Retornable)
Bastidor plastico window plate 780B & U554,Producto almacenable,Producto almacenable,Retornable / Producto en proceso (Retornable)
Beltline internal WIP rack FR LH,Producto almacenable,Producto almacenable,Retornable / Producto Terminado (Retornable)
Beltline internal WIP rack FR RH,Producto almacenable,Producto almacenable,Retornable / Producto Terminado (Retornable)
Beltline internal WIP rack RR LH,Producto almacenable,Producto almacenable,Retornable / Producto Terminado (Retornable)
Beltline internal WIP rack RR RH,Producto almacenable,Producto almacenable,Retornable / Producto Terminado (Retornable)
Big Box. Caja Chica.,Producto almacenable,Producto almacenable,Cartón / Producto Terminado (Cartón)
Big Box. Caja Gde.,Producto almacenable,Producto almacenable,Cartón / Producto Terminado (Cartón)
Big Box. Tapa Chica.,Producto almacenable,Producto almacenable,Cartón / Producto Terminado (Cartón)
Big Box. Tapa Gde.,Producto almacenable,Producto almacenable,Cartón / Producto Terminado (Cartón)
Bloqueador Backframe 60% YF-CG,Producto almacenable,Producto almacenable,Retornable / Producto en proceso (Retornable)
Bloqueo,Producto almacenable,Producto almacenable,Cartón / Producto Terminado (Cartón)
Bloqueo para ropack u625 Ford,Producto almacenable,Producto almacenable,Retornable / Producto Terminado (Retornable)
Bloqueo retornable Gas Spring- powerise (retrabajo),Producto almacenable,Producto almacenable,Retornable / Producto Terminado (Retornable)
Bolsa Evolon. Chica. 285MM X 635MM 487.204-07 EVOLON 80,Producto almacenable,Producto almacenable,Retornable / Producto Terminado (Retornable)
"Bolsa de Evolon 340mm X 745mm. ""487.203-74 NISSAN""",Producto almacenable,Producto almacenable,Retornable / Producto Terminado (Retornable)
"Bolsas de Polietileno Industriales - Grosor 2 Mil, 76 x 112 cm",Producto almacenable,Producto almacenable,Cartón / Materia Prima (Cartón)
C - 362388 REINFORCEMENT MCA MP552 PUERTAS,Producto almacenable,Producto almacenable,Retornable / Producto en proceso (Retornable)
C - 362390 /362391 DUNNAGE ARMREST FRT & RR,Producto almacenable,Producto almacenable,Retornable / Producto en proceso (Retornable)
C - 362718 UPPER REAR MP552 PUERTAS,Producto almacenable,Producto almacenable,Retornable / Producto en proceso (Retornable)
C - DUNNAGE 18X,Producto almacenable,Producto almacenable,Retornable / Producto en proceso (Retornable)
C - SERVICIO P1,Producto almacenable,Producto almacenable,Cartón / Producto en proceso (Cartón)
C - SERVICIO P2,Producto almacenable,Producto almacenable,Cartón / Producto en proceso (Cartón)
C - SHIFTER BEZEL,Producto almacenable,Producto almacenable,Retornable / Producto en proceso (Retornable)
C - TAPA - DUNNAGE 18X,Producto almacenable,Producto almacenable,Retornable / Producto en proceso (Retornable)
C - TESLA NV26 KIT PARA DOOR PANEL,Producto almacenable,Producto almacenable,Cartón / Producto en proceso (Cartón)
C - WINDOW PLATE CX430,Producto almacenable,Producto almacenable,Retornable / Producto en proceso (Retornable)
C COROPLAST - WINDOW PLATE CX430,Producto almacenable,Producto almacenable,Retornable / Producto en proceso (Retornable)
C COROPLAST WINDOW PLATE U725,Producto almacenable,Producto almacenable,Retornable / Producto en proceso (Retornable)
C CP -  PISO - GLASS FRONT 780B IC,Producto almacenable,Producto almacenable,Retornable / Producto en proceso (Retornable)
C DUNNAGE 28X - CLUSTER BEZEL MP552,Producto almacenable,Producto almacenable,Retornable / Producto en proceso (Retornable)
C ESD - WINDOW PLATE CX430,Producto almacenable,Producto almacenable,Retornable / Producto en proceso (Retornable)
C ESD WINDOW PLATE U725,Producto almacenable,Producto almacenable,Retornable / Producto en proceso (Retornable)
C GLASS FRONT 500B,Producto almacenable,Producto almacenable,Retornable / Producto en proceso (Retornable)
C GLOVE BOX,Producto almacenable,Producto almacenable,Retornable / Producto en proceso (Retornable)
C WINDOW PLATE U725,Producto almacenable,Producto almacenable,Retornable / Producto en proceso (Retornable)
C WS DP DUNNAGE,Producto almacenable,Producto almacenable,Retornable / Producto en proceso (Retornable)
C1YX SILAO PLANT DEPT 1531QUOTE F230707 - DHS52,Servicio,Servicio,Servicios
"CABLE RECUBIERTO DE PVC  1/8""",Producto almacenable,Producto almacenable,Retornable / Consumibles (Retornable)
CABLE SET,Producto almacenable,Producto almacenable,Cartón / Materia Prima (Cartón)
CABLE SET REDISEÑO,Producto almacenable,Producto almacenable,Retornable / Producto Terminado (Retornable)
CABLE SET. INSERTO DE PLÁSTICO PARA BIN,Producto almacenable,Producto almacenable,Retornable / Producto Terminado (Retornable)
"CADENA DE ESLABON  1/2""",Producto almacenable,Producto almacenable,Retornable / Materia Prima (Retornable)
CADENA TIPO VICTOR CARR. 2.0MM,Producto almacenable,Producto almacenable,Retornable / Materia Prima (Retornable)
CAFETERIA,Servicio,Servicio,Todos
CAHROLA CAJA ESD,Producto almacenable,Producto almacenable,Retornable / Producto en proceso (Retornable)
"CAHROLA TFT 500B 4.2""",Producto almacenable,Producto almacenable,Retornable / Producto en proceso (Retornable)
CAJA,Producto almacenable,Producto almacenable,Cartón / Producto en proceso (Cartón)
CAJA  237811,Producto almacenable,Producto almacenable,Cartón / Materia Prima (Cartón)
CAJA - A PILLAR GARNISH,Producto almacenable,Producto almacenable,Cartón / Producto Terminado (Cartón)
CAJA - B PILLAR LOWER GARNISH,Producto almacenable,Producto almacenable,Cartón / Producto Terminado (Cartón)
CAJA - EMC SHIELD FRAME 780B,Producto almacenable,Producto almacenable,Retornable / Producto en proceso (Retornable)
CAJA - GLASS FRONT 780B IC,Producto almacenable,Producto almacenable,Retornable / Producto Terminado (Retornable)
CAJA - HEAT SINK 780B,Producto almacenable,Producto almacenable,Retornable / Producto en proceso (Retornable)
CAJA - LOWERCASE 780B,Producto almacenable,Producto almacenable,Retornable / Producto en proceso (Retornable)
CAJA - WINDOWPLATE 780B,Producto almacenable,Producto almacenable,Retornable / Producto en proceso (Retornable)
CAJA 1/2 LENTE TESLA,Producto almacenable,Producto almacenable,Cartón / Producto en proceso (Cartón)
CAJA 22.750X15.625X7.50ITEC NAV OP 20,Producto almacenable,Producto almacenable,Cartón / Producto Terminado (Cartón)
CAJA 2415 TRMX,Producto almacenable,Producto almacenable,Cartón / Materia Prima (Cartón)
CAJA 241B STABILUS,Producto almacenable,Producto almacenable,Cartón / Materia Prima (Cartón)
CAJA 309,Producto almacenable,Producto almacenable,Cartón / Producto Terminado (Cartón)
CAJA 311 VARROC,Producto almacenable,Producto almacenable,Cartón / Producto Terminado (Cartón)
CAJA 342 VARROC,Producto almacenable,Producto almacenable,Cartón / Producto Terminado (Cartón)
CAJA 3720,Producto almacenable,Producto almacenable,Cartón / Materia Prima (Cartón)
CAJA 3958068-LEXUS,Producto almacenable,Producto almacenable,Cartón / Producto Terminado (Cartón)
CAJA 4200/0190,Producto almacenable,Producto almacenable,Cartón / Materia Prima (Cartón)
CAJA 4291AL,Producto almacenable,Producto almacenable,Cartón / Producto Terminado (Cartón)
CAJA 4815-7,Producto almacenable,Producto almacenable,Cartón / Producto Terminado (Cartón)
CAJA 510X420X270MM g07,Producto almacenable,Producto almacenable,Cartón / Producto Terminado (Cartón)
CAJA 560 X 335 X 320 MM BC 48,Consumible,Consumible,Servicios
CAJA 560 X 335 X 350 MM BC 48,Consumible,Consumible,Servicios
CAJA 718 VARROC,Producto almacenable,Producto almacenable,Cartón / Producto Terminado (Cartón)
CAJA 731 VARROC,Producto almacenable,Producto almacenable,Cartón / Producto Terminado (Cartón)
CAJA 732 VARROC,Producto almacenable,Producto almacenable,Cartón / Producto Terminado (Cartón)
CAJA 733 VARROC,Producto almacenable,Producto almacenable,Cartón / Producto Terminado (Cartón)
CAJA 734 VARROC,Producto almacenable,Producto almacenable,Cartón / Producto Terminado (Cartón)
CAJA 734949,Producto almacenable,Producto almacenable,Cartón / Producto Terminado (Cartón)
CAJA 745,Producto almacenable,Producto almacenable,Cartón / Materia Prima (Cartón)
CAJA 745 VARROC,Producto almacenable,Producto almacenable,Cartón / Producto Terminado (Cartón)
CAJA 745/729,Producto almacenable,Producto almacenable,Cartón / Materia Prima (Cartón)
CAJA 746,Producto almacenable,Producto almacenable,Cartón / Materia Prima (Cartón)
CAJA 746 & 747,Producto almacenable,Producto almacenable,Cartón / Materia Prima (Cartón)
CAJA 770,Producto almacenable,Producto almacenable,Cartón / Materia Prima (Cartón)
CAJA 773 VARROC,Producto almacenable,Producto almacenable,Cartón / Producto Terminado (Cartón)
CAJA 785 VARROC,Producto almacenable,Producto almacenable,Cartón / Producto Terminado (Cartón)
CAJA A HSC QTR LOWER 5 CAV,Producto almacenable,Producto almacenable,Cartón / Materia Prima (Cartón)
CAJA ALABAMA,Producto almacenable,Producto almacenable,Cartón / Producto Terminado (Cartón)
CAJA ARMADA - KIT 330 MCA,Producto almacenable,Producto almacenable,Cartón / Producto Terminado (Cartón)
CAJA ARMREST YF,Producto almacenable,Producto almacenable,Cartón / Materia Prima (Cartón)
CAJA ARMREST YF NM,Producto almacenable,Producto almacenable,Cartón / Materia Prima (Cartón)
CAJA B PILLAR UPPER,Producto almacenable,Producto almacenable,Cartón / Producto Terminado (Cartón)
CAJA BOLT COVER,Producto almacenable,Producto almacenable,Cartón / Producto Terminado (Cartón)
CAJA BOX 357790,Producto almacenable,Producto almacenable,Cartón / Materia Prima (Cartón)
CAJA BOX 358268 REs 48,Producto almacenable,Producto almacenable,Cartón / Materia Prima (Cartón)
CAJA BRAZIL,Producto almacenable,Producto almacenable,Cartón / Materia Prima (Cartón)
CAJA BSM FRONT,Producto almacenable,Producto almacenable,Cartón / Producto Terminado (Cartón)
CAJA C 520,Producto almacenable,Producto almacenable,Cartón / Materia Prima (Cartón)
CAJA C 520,Producto almacenable,Producto almacenable,Cartón / Materia Prima (Cartón)
CAJA CAMRY,Producto almacenable,Producto almacenable,Cartón / Materia Prima (Cartón)
CAJA CARTON WL,Producto almacenable,Producto almacenable,Cartón / Producto Terminado (Cartón)
CAJA CARTÓN IMC 070-  Con celda,Producto almacenable,Producto almacenable,Cartón / Kit (Cartón)
CAJA CHICA INTERCOMPAÑÍA,Producto almacenable,Producto almacenable,Cartón / Producto Terminado (Cartón)
CAJA CONCAVE MIRROR,Producto almacenable,Producto almacenable,Retornable / Producto Terminado (Retornable)
CAJA CONSOLA ABC,Producto almacenable,Producto almacenable,Cartón / Materia Prima (Cartón)
CAJA CX482,Producto almacenable,Producto almacenable,Cartón / Producto en proceso (Cartón)
CAJA CX482,Producto almacenable,Producto almacenable,Cartón / Materia Prima (Cartón)
CAJA DE CART N 2415-9 HSC CON SOLAPA SUPERIOR DE 50 MM Y TAPA DE CARTON SENCILLO TIPO PAD,Producto almacenable,Producto almacenable,Cartón / Producto Terminado (Cartón)
"CAJA DE CARTÓN DJ 45X48X34"" ALTERNO (UNITARIO)",Producto almacenable,Producto almacenable,Cartón / Producto Terminado (Cartón)
"CAJA DE CARTÓN DJ 45X48X42"" ALTERNO (UNITARIO)",Producto almacenable,Producto almacenable,Cartón / Producto Terminado (Cartón)
CAJA DE CARTÓN WS,Producto almacenable,Producto almacenable,Cartón / Producto Terminado (Cartón)
CAJA DE PLASTICO CORRUGADO 4MM VERDE BOTELLA + DUNNAGE 6X PLASTILONA ESD C/ ALMA DE COROPLAST + PISO DESLIZABLES + ACCESORIOS DE ESTIBA,Producto almacenable,Producto almacenable,Retornable / Producto Terminado (Retornable)
CAJA DE PLASTICO CORRUGADO 4MM VERDE BOTELLA C/ ACCESORIOS DE ESTIBA CON PERFORACIONES PARA LIMPIEZA Y PISO DESLIZABLE,Producto almacenable,Producto almacenable,Retornable / Producto en proceso (Retornable)
CAJA DE PLASTICO CORRUGADO 4MM VERDE BOTELLA C/ ACCESORIOS DE ESTIBA CON PERFORACIONES PARA LIMPIEZA Y PISO DESLIZABLE + CELDADO 5X PLASTILONA ANTIESTATICA CON ALMA DE PLASTICO CORRUGADO 4MM + TAPA DE TRANSFLEX C/ INSERTO DE PC 4MM,Producto almacenable,Producto almacenable,Retornable / Producto Terminado (Retornable)
CAJA DJ BRACKET,Producto almacenable,Producto almacenable,Cartón / Producto Terminado (Cartón)
CAJA DJ INLET,Producto almacenable,Producto almacenable,Cartón / Producto Terminado (Cartón)
CAJA DS,Producto almacenable,Producto almacenable,Cartón / Materia Prima (Cartón)
CAJA EFC COMPONENTE,Producto almacenable,Producto almacenable,Cartón / Producto Terminado (Cartón)
CAJA EMPTY MCV - 19638 V.I,Producto almacenable,Producto almacenable,Cartón / Producto Terminado (Cartón)
CAJA ESD,Producto almacenable,Producto almacenable,Retornable / Producto Terminado (Retornable)
CAJA FARO FR HELLA,Producto almacenable,Producto almacenable,Cartón / Producto Terminado (Cartón)
CAJA GLOVE BOX,Producto almacenable,Producto almacenable,Cartón / Materia Prima (Cartón)
CAJA HSC - KIT 330 MCA,Producto almacenable,Producto almacenable,Cartón / Producto en proceso (Cartón)
CAJA HSC 1/2 30AA BACK UP,Producto almacenable,Producto almacenable,Cartón / Producto Terminado (Cartón)
CAJA HSC 15*12*9-CELDA A,Producto almacenable,Producto almacenable,Cartón / Producto en proceso (Cartón)
CAJA HSC 15*12*9-CELDA B,Producto almacenable,Producto almacenable,Cartón / Producto en proceso (Cartón)
CAJA HSC 15*12*9-CELDA C,Producto almacenable,Producto almacenable,Cartón / Producto en proceso (Cartón)
CAJA HSC 15*12*9-CELDA D,Producto almacenable,Producto almacenable,Cartón / Producto en proceso (Cartón)
CAJA HSC 15*12*9-CELDA E,Producto almacenable,Producto almacenable,Cartón / Producto en proceso (Cartón)
CAJA HSC 2415-9,Producto almacenable,Producto almacenable,Cartón / Producto en proceso (Cartón)
CAJA HSC 45X48X34,Producto almacenable,Producto almacenable,Cartón / Producto Terminado (Cartón)
CAJA HSC 48X45X26C,Producto almacenable,Producto almacenable,Cartón / Producto Terminado (Cartón)
CAJA HSC AC PANEL LEXUS,Producto almacenable,Producto almacenable,Cartón / Producto en proceso (Cartón)
CAJA HSC CARGO BOX (DIVIDER) Q1,Producto almacenable,Producto almacenable,Cartón / Producto en proceso (Cartón)
CAJA HSC CARGO BOX (DIVIDER) Q2,Producto almacenable,Producto almacenable,Cartón / Producto en proceso (Cartón)
CAJA HSC QTR LOWER,Producto almacenable,Producto almacenable,Cartón / Producto en proceso (Cartón)
CAJA HSC45 48 29 CAJA U502,Producto almacenable,Producto almacenable,Cartón / Producto Terminado (Cartón)
CAJA IMGL SERVICE PARTS,Producto almacenable,Producto almacenable,Cartón / Producto Terminado (Cartón)
CAJA INDIVIDUAL,Producto almacenable,Producto almacenable,Cartón / Consumibles (Cartón)
"CAJA INDUSTRIAL 34""",Producto almacenable,Producto almacenable,Cartón / Materia Prima (Cartón)
"CAJA INDUSTRIAL 34"" ALTERNO",Producto almacenable,Producto almacenable,Cartón / Materia Prima (Cartón)
"CAJA INDUSTRIAL 48""",Producto almacenable,Producto almacenable,Cartón / Materia Prima (Cartón)
"CAJA INDUSTRIAL 48"" NM",Producto almacenable,Producto almacenable,Cartón / Materia Prima (Cartón)
CAJA IP UPPER,Producto almacenable,Producto almacenable,Cartón / Materia Prima (Cartón)
CAJA IP UPPER,Producto almacenable,Producto almacenable,Cartón / Materia Prima (Cartón)
CAJA KIT RESERVOIR,Producto almacenable,Producto almacenable,Cartón / Producto Terminado (Cartón)
CAJA KIT RETEINER,Producto almacenable,Producto almacenable,Cartón / Producto Terminado (Cartón)
CAJA L,Servicio,Servicio,Servicios
CAJA LENTE DE CARTÓN I=56X33.5X35MM LENTE TESL,Consumible,Consumible,Servicios
CAJA LUCID,Producto almacenable,Producto almacenable,Cartón / Materia Prima (Cartón)
CAJA MCV,Producto almacenable,Producto almacenable,Cartón / Producto Terminado (Cartón)
CAJA MCV 115 CAJA HSC SENCILLO ECT 32 CON DUNNAGE ECT 32 CK Y POLIFOAM,Producto almacenable,Producto almacenable,Cartón / Kit (Cartón)
CAJA NEXTRACKER 2.0 DAMPER,Producto almacenable,Producto almacenable,Cartón / Kit (Cartón)
CAJA OPAL,Producto almacenable,Producto almacenable,Cartón / Producto Terminado (Cartón)
CAJA PARA KIT MCV CARTON,Producto almacenable,Producto almacenable,Cartón / Producto Terminado (Cartón)
CAJA PARA LENTE VW316 24X15X11,Producto almacenable,Producto almacenable,Cartón / Producto Terminado (Cartón)
CAJA PARA RESORTES FLOCKING,Producto almacenable,Producto almacenable,Cartón / Kit (Cartón)
CAJA PIEZA B HSC QTR LOWER,Producto almacenable,Producto almacenable,Cartón / Producto en proceso (Cartón)
CAJA PKG003671,Producto almacenable,Producto almacenable,Cartón / Materia Prima (Cartón)
CAJA PLASTICO CORRUGADO 23” X 54” X 5”,Producto almacenable,Producto almacenable,Retornable / Producto en proceso (Retornable)
CAJA PTR 32X10X07,Producto almacenable,Producto almacenable,Cartón / Producto Terminado (Cartón)
CAJA PUERTAS,Producto almacenable,Producto almacenable,Cartón / Materia Prima (Cartón)
CAJA PUERTAS 42,Producto almacenable,Producto almacenable,Cartón / Materia Prima (Cartón)
CAJA PUERTAS D48,Producto almacenable,Producto almacenable,Cartón / Materia Prima (Cartón)
CAJA RENAULT,Producto almacenable,Producto almacenable,Cartón / Producto Terminado (Cartón)
CAJA RSC 511X609X787MM D539X,Producto almacenable,Producto almacenable,Cartón / Producto Terminado (Cartón)
CAJA RSC B02A,Producto almacenable,Producto almacenable,Cartón / Producto Terminado (Cartón)
CAJA RSC BC 385X305X 180 MM,Producto almacenable,Producto almacenable,Cartón / Producto Terminado (Cartón)
CAJA RSC C PARA BANCO 440 BEZEL,Producto almacenable,Producto almacenable,Cartón / Producto Terminado (Cartón)
CAJA RSC COVER SIDE VFF VW316,Producto almacenable,Producto almacenable,Cartón / Producto Terminado (Cartón)
CAJA RSC DK 42 ECT,Producto almacenable,Producto almacenable,Cartón / Producto Terminado (Cartón)
CAJA RSC INNER ETAPA VFF VW316,Producto almacenable,Producto almacenable,Cartón / Producto Terminado (Cartón)
CAJA RSC OUTER ETAPA VFF VW316,Producto almacenable,Producto almacenable,Cartón / Producto Terminado (Cartón)
CAJA TAPA REJILLA TUNDRA,Servicio,Servicio,Servicios
CAJA TAPA REJILLA TUNDRA,Servicio,Servicio,Servicios
CAJA TAPA REJILLA TUNDRA,Servicio,Servicio,Servicios
CAJA TRASERO,Producto almacenable,Producto almacenable,Cartón / Materia Prima (Cartón)
CAJA TRASERO,Producto almacenable,Producto almacenable,Cartón / Materia Prima (Cartón)
CAJA TRASERO,Producto almacenable,Producto almacenable,Cartón / Materia Prima (Cartón)
CAJA TRASERO,Producto almacenable,Producto almacenable,Cartón / Materia Prima (Cartón)
CAJA TRASERO 2,Producto almacenable,Producto almacenable,Cartón / Materia Prima (Cartón)
CAJA TRASERO MED,Producto almacenable,Producto almacenable,Todos
CAJA TRIANGULAR CK32 ECT,Producto almacenable,Producto almacenable,Cartón / Producto Terminado (Cartón)
"CAJA TRIANGULAR DE 15""",Producto almacenable,Producto almacenable,Cartón / Producto Terminado (Cartón)
"CAJA TRIANGULAR DE 24""",Producto almacenable,Producto almacenable,Cartón / Producto Terminado (Cartón)
CAJA U725,Producto almacenable,Producto almacenable,Cartón / Materia Prima (Cartón)
CAJA VARROC 700,Producto almacenable,Producto almacenable,Cartón / Materia Prima (Cartón)
CAJA VARROC 700,Producto almacenable,Producto almacenable,Cartón / Materia Prima (Cartón)
CAJA VL3092,Producto almacenable,Producto almacenable,Cartón / Materia Prima (Cartón)
CAJA28X35X34,Producto almacenable,Producto almacenable,Cartón / Producto Terminado (Cartón)
CAJAS NISSAN CARTON,Producto almacenable,Producto almacenable,Cartón / Producto Terminado (Cartón)
"CAMBIO DE TAPAS ACTUALES, SE COLOCAN TAPAS DE TRANSFLEX",Producto almacenable,Producto almacenable,Retornable / Producto Terminado (Retornable)
"CAMBIO DE TAPAS ACTUALES, SE COLOCAN TAPAS DE TRANSFLEX",Producto almacenable,Producto almacenable,Retornable / Producto Terminado (Retornable)
CANALETA 460mm - A24,Producto almacenable,Producto almacenable,Cartón / Producto en proceso (Cartón)
CANALETA 56mm - A24,Producto almacenable,Producto almacenable,Cartón / Producto en proceso (Cartón)
CANDADO DEXTER,Consumible,Consumible,Cartón / Consumibles (Cartón)
CAPACITACIÓN Y ADIESTRAMIENTO,Servicio,Servicio,Todos
CAPLE 180100660,Producto almacenable,Producto almacenable,Cartón / Producto Comercialización (Cartón)
CAPLE 180204690 - CELDA A,Producto almacenable,Producto almacenable,Cartón / Materia Prima (Cartón)
CAPLE 180204690 - CELDA B,Producto almacenable,Producto almacenable,Cartón / Materia Prima (Cartón)
CAPLE 180300810-44,Producto almacenable,Producto almacenable,Cartón / Producto Comercialización (Cartón)
CAPLE PARA MUESTRAS,Producto almacenable,Producto almacenable,Cartón / Materia Prima (Cartón)
"CARDA PARA ESMERIL 3""",Consumible,Consumible,Retornable / Consumibles (Retornable)
CARDBOARD CORNER 102 CM - STAB. 3,Producto almacenable,Producto almacenable,Cartón / Producto Comercialización (Cartón)
CARDBOARD CORNER 102 CM - STAB. 3,Producto almacenable,Producto almacenable,Cartón / Producto Comercialización (Cartón)
CARETA SANITARIA,Producto almacenable,Producto almacenable,Cartón / Materia Prima (Cartón)
CARETA SANITARIA USO MÉDICO,Producto almacenable,Producto almacenable,Retornable / Producto Terminado (Retornable)
CARPA ELEGANTE  BCA,Producto almacenable,Producto almacenable,Cartón / Materia Prima (Cartón)
CARPA ELEGANTE  GRIS,Producto almacenable,Producto almacenable,Retornable / Materia Prima (Retornable)
"CARRETE 3""",Servicio,Servicio,Servicios
CARRUCHA # 8050,Producto almacenable,Producto almacenable,Retornable / Materia Prima (Retornable)
CARTON CAJA BRAZEWAY,Producto almacenable,Producto almacenable,Cartón / Materia Prima (Cartón)
CARTON PLANTA B,Producto almacenable,Producto almacenable,Cartón / Materia Prima (Cartón)
CARTON PLANTA B,Producto almacenable,Producto almacenable,Cartón / Materia Prima (Cartón)
CARTON: BP#=48CP1022: SHT=1: DETAIL=1: D,Producto almacenable,Producto almacenable,Cartón / Producto Terminado (Cartón)
CARTON: BP#=48CP1039: SHT=1: DETAIL=1:DA,Producto almacenable,Producto almacenable,Cartón / Producto Terminado (Cartón)
CARTON: BP#=48CP1040: SHT=1: DETAIL=1:DA,Producto almacenable,Producto almacenable,Cartón / Producto Terminado (Cartón)
CARTON: BP#=48CP403: SHT=1: DETAIL=1: DA,Producto almacenable,Producto almacenable,Cartón / Producto Terminado (Cartón)
CARTON: BP#=48CP420: SHT=1: DETAIL=1: DA,Producto almacenable,Producto almacenable,Cartón / Kit (Cartón)
CARTON: BP#=48CP456: SHT=1: DETAIL=1: DA,Producto almacenable,Producto almacenable,Cartón / Kit (Cartón)
CARTON: BP#=48CP592: SHT=1: DETAIL=1: DA,Producto almacenable,Producto almacenable,Cartón / Producto Terminado (Cartón)
CARTON: BP#=48CP621: SHT=1: DETAIL=1: DA,Producto almacenable,Producto almacenable,Cartón / Producto Terminado (Cartón)
CARTON: BP#=48CP695: SHT=1: DETAIL=1: DA,Producto almacenable,Producto almacenable,Cartón / Producto Terminado (Cartón)
CARTON: BP#=48CP707: SHT=1: DETAIL=1: DA,Producto almacenable,Producto almacenable,Cartón / Producto Terminado (Cartón)
CARTON: BP#=48CP728: SHT=1: DETAIL=1: DA,Producto almacenable,Producto almacenable,Cartón / Producto Terminado (Cartón)
CARTON: BP#=48CP738: SHT=1: DETAIL=1: DA,Producto almacenable,Producto almacenable,Cartón / Producto Terminado (Cartón)
CARTON: BP#=48CP740: SHT=1: DETAIL=1: DA,Producto almacenable,Producto almacenable,Cartón / Producto Terminado (Cartón)
CARTON: BP#=48CP785: SHT=1: DETAIL=1: DA,Producto almacenable,Producto almacenable,Cartón / Producto Terminado (Cartón)
CARTON: BP#=48CP789: SHT=1:DETAIL=1:DA,Producto almacenable,Producto almacenable,Cartón / Producto Terminado (Cartón)
CARTON: BP#=48CP793: SHT=1: DETAIL=1: DA,Producto almacenable,Producto almacenable,Cartón / Producto Terminado (Cartón)
CARTON: BP#=48CP795: SHT=1: DETAIL=1: DA,Producto almacenable,Producto almacenable,Cartón / Producto Terminado (Cartón)
CARTON: BP#=48CP804: SHT=1: DETAIL=1: DA,Producto almacenable,Producto almacenable,Cartón / Producto Terminado (Cartón)
CARTON: BP#=48CP951: SHT= 1: DETAIL=1: D,Producto almacenable,Producto almacenable,Cartón / Producto Terminado (Cartón)
CARTON: BP#=48CP953: SHT=1: DETAIL=1: DA,Producto almacenable,Producto almacenable,Cartón / Producto Terminado (Cartón)
CARTON: BP#=48CP992: SHT=1: DETAIL=1: DA,Producto almacenable,Producto almacenable,Cartón / Producto Terminado (Cartón)
CARTON:BP#=48CP734:SHT=1:DETAIL=1:DA,Producto almacenable,Producto almacenable,Cartón / Producto Terminado (Cartón)
CARTON:BP#=48CP736:SHT=1:DETAIL=1:DA,Producto almacenable,Producto almacenable,Cartón / Producto Terminado (Cartón)
CARTON:BP#=48CP787:SHT=1:DETAIL=1:DA,Producto almacenable,Producto almacenable,Cartón / Producto Terminado (Cartón)
CARTON:BP#=48CP993:SHT=1:DETAIL=1:DA,Producto almacenable,Producto almacenable,Cartón / Producto Terminado (Cartón)
CASE CELDA A,Producto almacenable,Producto almacenable,Retornable / Producto en proceso (Retornable)
CASE CELDA ARMADA,Producto almacenable,Producto almacenable,Retornable / Producto en proceso (Retornable)
CASE CELDA B,Producto almacenable,Producto almacenable,Retornable / Producto en proceso (Retornable)
CASE CELDA C,Producto almacenable,Producto almacenable,Retornable / Producto en proceso (Retornable)
CASE CHAROLA SUB,Producto almacenable,Producto almacenable,Retornable / Producto en proceso (Retornable)
CASE CHAROLA SUB ARMADA,Producto almacenable,Producto almacenable,Retornable / Producto en proceso (Retornable)
CASE PISO,Producto almacenable,Producto almacenable,Retornable / Producto en proceso (Retornable)
CASE TAPA ARMADA,Producto almacenable,Producto almacenable,Retornable / Producto en proceso (Retornable)
CASE TAPA PANEL A,Producto almacenable,Producto almacenable,Cartón / Producto en proceso (Cartón)
CASE TAPA PANEL B,Producto almacenable,Producto almacenable,Cartón / Producto en proceso (Cartón)
"CASQUILLOS PARA CABLE 3/16""",Consumible,Consumible,Retornable / Consumibles (Retornable)
CC-1098 TAQUETE PARA TABLA ROCA,Producto almacenable,Producto almacenable,Todos
CC-1139,Producto almacenable,Producto almacenable,Todos
CC-1168,Producto almacenable,Producto almacenable,Todos
CC-1196 REMACHE RAPIDO NO41,Producto almacenable,Producto almacenable,Todos
CC-1196 REMACHE RAPIDO NO41,Producto almacenable,Producto almacenable,Todos
CC91   ANCHO DE MAQUINA,Producto almacenable,Producto almacenable,Cartón / Materia Prima (Cartón)
CC91 ANCHO DE MAQUINA,Producto almacenable,Producto almacenable,Cartón / Materia Prima (Cartón)
CC91 ANCHO DE MAQUINA,Producto almacenable,Producto almacenable,Cartón / Materia Prima (Cartón)
CC91 ANCHO DE MAQUINA ALTERNO,Producto almacenable,Producto almacenable,Cartón / Materia Prima (Cartón)
CCB. A. Inserto. Pieza.,Producto almacenable,Producto almacenable,Cartón / Producto en proceso (Cartón)
CCB. A. Pieza.,Producto almacenable,Producto almacenable,Cartón / Producto en proceso (Cartón)
CCB. B. Inserto. Pieza.,Producto almacenable,Producto almacenable,Cartón / Producto en proceso (Cartón)
CCB. B. Pieza.,Producto almacenable,Producto almacenable,Cartón / Producto en proceso (Cartón)
CCB. C. Inserto. Pieza.,Producto almacenable,Producto almacenable,Cartón / Producto en proceso (Cartón)
CCB. C. Pieza.,Producto almacenable,Producto almacenable,Cartón / Producto en proceso (Cartón)
CCB. Celdado.,Producto almacenable,Producto almacenable,Cartón / Producto en proceso (Cartón)
CCB. Cuello Empaque del Empaque.,Producto almacenable,Producto almacenable,Cartón / Producto en proceso (Cartón)
CCB. Cuello Medio de Empaque de Emapque.,Producto almacenable,Producto almacenable,Cartón / Producto en proceso (Cartón)
CCB. Cuello. Pared con Doblez.,Producto almacenable,Producto almacenable,Cartón / Producto en proceso (Cartón)
CCB. D. Inserto. Pieza.,Producto almacenable,Producto almacenable,Cartón / Producto en proceso (Cartón)
CCB. D. Pieza.,Producto almacenable,Producto almacenable,Cartón / Producto en proceso (Cartón)
CCB. E. Inserto. Pieza.,Producto almacenable,Producto almacenable,Cartón / Producto en proceso (Cartón)
CCB. Pad.,Producto almacenable,Producto almacenable,Cartón / Producto en proceso (Cartón)
CCB. Tapa Gral.,Producto almacenable,Producto almacenable,Cartón / Producto en proceso (Cartón)
CD FORD 5 CELL,Producto almacenable,Producto almacenable,Cartón / Producto Terminado (Cartón)
CD FORD CELDA A,Producto almacenable,Producto almacenable,Retornable / Producto en proceso (Retornable)
CD FORD CELDA B,Producto almacenable,Producto almacenable,Retornable / Producto en proceso (Retornable)
CD FORD CELDA C,Producto almacenable,Producto almacenable,Retornable / Producto en proceso (Retornable)
CD FORD CELDA D,Producto almacenable,Producto almacenable,Retornable / Producto en proceso (Retornable)
CD FORD CELDA E,Producto almacenable,Producto almacenable,Retornable / Producto en proceso (Retornable)
CD FORD CELDA F,Producto almacenable,Producto almacenable,Retornable / Producto en proceso (Retornable)
CD FORD CUNA CORTA,Producto almacenable,Producto almacenable,Retornable / Producto en proceso (Retornable)
CD FORD CUNA LARGA,Producto almacenable,Producto almacenable,Retornable / Producto en proceso (Retornable)
CD FORD LONA PERFIL A,Producto almacenable,Producto almacenable,Retornable / Producto en proceso (Retornable)
CD FORD LONA PERFIL B,Producto almacenable,Producto almacenable,Retornable / Producto en proceso (Retornable)
CD FORD LONA PERFIL C,Producto almacenable,Producto almacenable,Retornable / Producto en proceso (Retornable)
CD FORD LONA PERFIL D,Producto almacenable,Producto almacenable,Retornable / Producto en proceso (Retornable)
CD211321,Producto almacenable,Producto almacenable,Cartón / Producto Terminado (Cartón)
CD539. A.B. Corte.,Producto almacenable,Producto almacenable,Cartón / Producto en proceso (Cartón)
CD539. P558. A. Pieza.,Producto almacenable,Producto almacenable,Cartón / Producto en proceso (Cartón)
CD539. P558. B. Pieza.,Producto almacenable,Producto almacenable,Cartón / Producto en proceso (Cartón)
CD539. Piso. Corte.,Producto almacenable,Producto almacenable,Cartón / Producto en proceso (Cartón)
CD539. Piso. Pieza.,Producto almacenable,Producto almacenable,Cartón / Producto en proceso (Cartón)
CELDA,Producto almacenable,Producto almacenable,Cartón / Producto en proceso (Cartón)
CELDA  - TESLA NV26 FLR CNSL END PANEL,Producto almacenable,Producto almacenable,Cartón / Producto Terminado (Cartón)
CELDA  SUDAFRICA HELLA 1,Producto almacenable,Producto almacenable,Cartón / Producto Comercialización (Cartón)
CELDA  SUDAFRICA HELLA 2,Producto almacenable,Producto almacenable,Cartón / Producto Comercialización (Cartón)
"CELDA ""A"" PIVOTE CONTENEDOR RETORNABLE",Producto almacenable,Producto almacenable,Cartón / Producto en proceso (Cartón)
"CELDA ""B"" PIVOTE CONTENEDOR RETORNABLE",Producto almacenable,Producto almacenable,Cartón / Producto en proceso (Cartón)
CELDA - GLASS FRONT U725,Producto almacenable,Producto almacenable,Retornable / Producto en proceso (Retornable)
CELDA - TESLA NV26 KIT PARA DOOR PANEL,Producto almacenable,Producto almacenable,Cartón / Producto Terminado (Cartón)
CELDA /INSERTO 955061,Producto almacenable,Producto almacenable,Cartón / Materia Prima (Cartón)
CELDA 309,Producto almacenable,Producto almacenable,Cartón / Producto Terminado (Cartón)
CELDA 311 VARROC,Producto almacenable,Producto almacenable,Cartón / Producto Terminado (Cartón)
CELDA 342 VARROC,Producto almacenable,Producto almacenable,Cartón / Producto Terminado (Cartón)
CELDA 391,Producto almacenable,Producto almacenable,Cartón / Producto en proceso (Cartón)
CELDA 5 CAVIDADES,Producto almacenable,Producto almacenable,Retornable / Producto en proceso (Retornable)
CELDA 5 CAVIDADES - WINDOW PLATE CX430,Producto almacenable,Producto almacenable,Retornable / Producto en proceso (Retornable)
CELDA 6X - GLASS FRONT 780B IC,Producto almacenable,Producto almacenable,Retornable / Producto Terminado (Retornable)
CELDA 6X TUNDRA TOYOTA,Producto almacenable,Producto almacenable,Muestras / Producto Terminado (Muestras)
CELDA 732 VARROC,Producto almacenable,Producto almacenable,Cartón / Producto Terminado (Cartón)
CELDA 733 VARROC,Producto almacenable,Producto almacenable,Cartón / Producto Terminado (Cartón)
CELDA 734 VARROC,Producto almacenable,Producto almacenable,Cartón / Producto Terminado (Cartón)
CELDA 745 VARROC,Producto almacenable,Producto almacenable,Cartón / Producto Terminado (Cartón)
CELDA 773 VARROC,Producto almacenable,Producto almacenable,Cartón / Producto Terminado (Cartón)
CELDA 785 VARROC,Producto almacenable,Producto almacenable,Cartón / Producto Terminado (Cartón)
CELDA 824,Producto almacenable,Producto almacenable,Cartón / Producto Terminado (Cartón)
CELDA A,Producto almacenable,Producto almacenable,Todos
CELDA A,Producto almacenable,Producto almacenable,Cartón / Producto en proceso (Cartón)
CELDA A  -  ICP CD539 MICRO,Producto almacenable,Producto almacenable,Cartón / Producto en proceso (Cartón)
CELDA A & B ICP539,Producto almacenable,Producto almacenable,Cartón / Materia Prima (Cartón)
CELDA A - 2 LADOS- DUNNAGE 40X,Producto almacenable,Producto almacenable,Retornable / Producto en proceso (Retornable)
CELDA A - A PILLAR GARNISH,Producto almacenable,Producto almacenable,Cartón / Producto en proceso (Cartón)
CELDA A - A24,Producto almacenable,Producto almacenable,Cartón / Producto en proceso (Cartón)
CELDA A - B PILLAR LOWER GARNISH,Producto almacenable,Producto almacenable,Cartón / Producto en proceso (Cartón)
CELDA A - B PILLAR UPPER,Producto almacenable,Producto almacenable,Cartón / Producto en proceso (Cartón)
CELDA A - DUNNAGE CLUSTER,Producto almacenable,Producto almacenable,Retornable / Producto en proceso (Retornable)
CELDA A - LOWER IMGL,Producto almacenable,Producto almacenable,Cartón / Producto Terminado (Cartón)
CELDA A - MID PANEL,Producto almacenable,Producto almacenable,Cartón / Producto en proceso (Cartón)
CELDA A - SEPARADOR WS,Producto almacenable,Producto almacenable,Cartón / Producto en proceso (Cartón)
CELDA A - TESLA NV26 FRL CONL END ITEM,Producto almacenable,Producto almacenable,Cartón / Producto en proceso (Cartón)
CELDA A - TR10985 KIT 780 SHIFT LEVER,Producto almacenable,Producto almacenable,Cartón / Producto en proceso (Cartón)
CELDA A 24X,Producto almacenable,Producto almacenable,Cartón / Materia Prima (Cartón)
CELDA A 309,Producto almacenable,Producto almacenable,Cartón / Producto en proceso (Cartón)
CELDA A 30AA BACK UP,Producto almacenable,Producto almacenable,Todos
CELDA A 311,Producto almacenable,Producto almacenable,Cartón / Producto en proceso (Cartón)
CELDA A 342,Producto almacenable,Producto almacenable,Cartón / Producto en proceso (Cartón)
CELDA A 391,Producto almacenable,Producto almacenable,Cartón / Producto en proceso (Cartón)
CELDA A 405,Producto almacenable,Producto almacenable,Cartón / Producto en proceso (Cartón)
CELDA A 411,Producto almacenable,Producto almacenable,Cartón / Producto en proceso (Cartón)
CELDA A 550,Producto almacenable,Producto almacenable,Cartón / Producto en proceso (Cartón)
CELDA A 576,Producto almacenable,Producto almacenable,Cartón / Producto en proceso (Cartón)
CELDA A 611,Producto almacenable,Producto almacenable,Cartón / Producto en proceso (Cartón)
CELDA A 622,Producto almacenable,Producto almacenable,Cartón / Producto en proceso (Cartón)
CELDA A 660,Producto almacenable,Producto almacenable,Cartón / Producto en proceso (Cartón)
CELDA A 680,Producto almacenable,Producto almacenable,Cartón / Producto en proceso (Cartón)
CELDA A 682,Producto almacenable,Producto almacenable,Cartón / Producto en proceso (Cartón)
CELDA A 738,Producto almacenable,Producto almacenable,Cartón / Producto en proceso (Cartón)
CELDA A 746,Producto almacenable,Producto almacenable,Cartón / Materia Prima (Cartón)
CELDA A 747,Producto almacenable,Producto almacenable,Cartón / Materia Prima (Cartón)
CELDA A 773,Producto almacenable,Producto almacenable,Cartón / Producto en proceso (Cartón)
CELDA A 783,Producto almacenable,Producto almacenable,Cartón / Producto en proceso (Cartón)
CELDA A 785,Producto almacenable,Producto almacenable,Cartón / Producto en proceso (Cartón)
CELDA A 824,Producto almacenable,Producto almacenable,Cartón / Producto en proceso (Cartón)
CELDA A AC PANEL LEXUS,Producto almacenable,Producto almacenable,Cartón / Producto en proceso (Cartón)
CELDA A AQ450 CONTENEDOR CARTON,Producto almacenable,Producto almacenable,Cartón / Producto en proceso (Cartón)
CELDA A BOLSTER PASSENGER,Producto almacenable,Producto almacenable,Retornable / Producto en proceso (Retornable)
CELDA A CAJA ESD,Producto almacenable,Producto almacenable,Retornable / Producto en proceso (Retornable)
CELDA A CLUSTER CAP IP MCA,Producto almacenable,Producto almacenable,Retornable / Producto en proceso (Retornable)
CELDA A COVER SIDE VFF VW316,Producto almacenable,Producto almacenable,Cartón / Producto en proceso (Cartón)
CELDA A CUBBY BIN,Producto almacenable,Producto almacenable,Retornable / Producto en proceso (Retornable)
CELDA A DECO ASSY DRIVER,Producto almacenable,Producto almacenable,Retornable / Producto en proceso (Retornable)
CELDA A E SHIFTER TOP FINISH PANEL,Producto almacenable,Producto almacenable,Retornable / Producto en proceso (Retornable)
CELDA A ESCURRIMIENTO NEXTRACKER,Producto almacenable,Producto almacenable,Retornable / Producto en proceso (Retornable)
CELDA A FAN SYSTEM VALEO VW,Producto almacenable,Producto almacenable,Cartón / Producto en proceso (Cartón)
CELDA A FUSE ACCESS STORAGE BIN,Producto almacenable,Producto almacenable,Cartón / Producto en proceso (Cartón)
CELDA A GLOVE BOX,Producto almacenable,Producto almacenable,Cartón / Materia Prima (Cartón)
CELDA A GLOVE BOX Y0981384,Producto almacenable,Producto almacenable,Cartón / Producto en proceso (Cartón)
CELDA A GMT 625,Producto almacenable,Producto almacenable,Cartón / Producto en proceso (Cartón)
CELDA A INNER VFF VW316,Producto almacenable,Producto almacenable,Cartón / Producto en proceso (Cartón)
CELDA A KIA ECU + BRACKET,Producto almacenable,Producto almacenable,Cartón / Producto en proceso (Cartón)
CELDA A KIT RETEINER,Producto almacenable,Producto almacenable,Cartón / Producto en proceso (Cartón)
CELDA A MOTOR GEAR,Producto almacenable,Producto almacenable,Cartón / Producto en proceso (Cartón)
CELDA A OUTER ETAPA VFF VW316,Producto almacenable,Producto almacenable,Cartón / Producto en proceso (Cartón)
CELDA A PARA 745,Producto almacenable,Producto almacenable,Cartón / Producto Terminado (Cartón)
CELDA A PARA KIT MCV CARTON,Producto almacenable,Producto almacenable,Cartón / Producto en proceso (Cartón)
CELDA A QTR LOWER,Producto almacenable,Producto almacenable,Cartón / Producto en proceso (Cartón)
CELDA A RING,Producto almacenable,Producto almacenable,Retornable / Producto en proceso (Retornable)
CELDA A SHROUD LOWER,Producto almacenable,Producto almacenable,Retornable / Producto en proceso (Retornable)
CELDA A SPACER LOAD FLOOR,Producto almacenable,Producto almacenable,Cartón / Producto en proceso (Cartón)
CELDA A TOP PAD,Producto almacenable,Producto almacenable,Cartón / Materia Prima (Cartón)
CELDA A U725,Producto almacenable,Producto almacenable,Cartón / Materia Prima (Cartón)
CELDA A VENTILLAS,Producto almacenable,Producto almacenable,Cartón / Materia Prima (Cartón)
CELDA A WINDOW PLATE,Producto almacenable,Producto almacenable,Retornable / Producto en proceso (Retornable)
CELDA A WL FRONT REFLECTOR,Producto almacenable,Producto almacenable,Retornable / Producto en proceso (Retornable)
CELDA A WL REAR REFELCTOR,Producto almacenable,Producto almacenable,Retornable / Producto en proceso (Retornable)
CELDA A-3X CALAVERA 4548 BMW G01 LCI,Producto almacenable,Producto almacenable,Cartón / Producto en proceso (Cartón)
CELDA ARMADA - ICP CD539 MICRO,Producto almacenable,Producto almacenable,Cartón / Producto Terminado (Cartón)
CELDA ARMADA - TESLA NV26 FRL CONL END ITEM,Producto almacenable,Producto almacenable,Cartón / Producto Terminado (Cartón)
CELDA ARMADA AC PANEL LEXUS,Producto almacenable,Producto almacenable,Cartón / Producto en proceso (Cartón)
CELDA ARMADA AQ450 CONTENEDOR RETORNABLE,Producto almacenable,Producto almacenable,Cartón / Producto Terminado (Cartón)
CELDA ARMADA DECO ASSY DRIVER,Producto almacenable,Producto almacenable,Retornable / Producto en proceso (Retornable)
CELDA ARMADA FUSE ACCESS STORAGE BIN,Producto almacenable,Producto almacenable,Cartón / Producto Terminado (Cartón)
CELDA ARMADA WINDOW PLATE,Producto almacenable,Producto almacenable,Retornable / Producto en proceso (Retornable)
CELDA ARMADA WL FRONT REFLECTOR,Producto almacenable,Producto almacenable,Retornable / Producto en proceso (Retornable)
CELDA ARMADA WL REAR REFLECTOR,Producto almacenable,Producto almacenable,Retornable / Producto en proceso (Retornable)
CELDA ARMREST,Producto almacenable,Producto almacenable,Cartón / Materia Prima (Cartón)
CELDA AUDIQ5,Producto almacenable,Producto almacenable,Cartón / Materia Prima (Cartón)
CELDA B,Producto almacenable,Producto almacenable,Cartón / Producto en proceso (Cartón)
CELDA B,Producto almacenable,Producto almacenable,Todos
CELDA B  - ICP CD539 MICRO,Producto almacenable,Producto almacenable,Cartón / Producto en proceso (Cartón)
CELDA B - 1 LADO - DUNNAGE 40X,Producto almacenable,Producto almacenable,Retornable / Producto en proceso (Retornable)
CELDA B - 2 LADOS - DUNNAGE 40X,Producto almacenable,Producto almacenable,Retornable / Producto en proceso (Retornable)
CELDA B - A PILLAR GARNISH,Producto almacenable,Producto almacenable,Cartón / Producto en proceso (Cartón)
CELDA B - A24,Producto almacenable,Producto almacenable,Cartón / Producto en proceso (Cartón)
CELDA B - B PILLAR LOWER GARNISH,Producto almacenable,Producto almacenable,Cartón / Producto en proceso (Cartón)
CELDA B - B PILLAR UPPER,Producto almacenable,Producto almacenable,Cartón / Producto en proceso (Cartón)
CELDA B - DUNNAGE CLUSTER,Producto almacenable,Producto almacenable,Retornable / Producto en proceso (Retornable)
CELDA B - MID PANEL,Producto almacenable,Producto almacenable,Cartón / Producto en proceso (Cartón)
CELDA B - SEPARADOR WS,Producto almacenable,Producto almacenable,Cartón / Producto en proceso (Cartón)
CELDA B - TESLA NV26 FRL CONL END ITEM,Producto almacenable,Producto almacenable,Cartón / Producto en proceso (Cartón)
CELDA B 24X,Producto almacenable,Producto almacenable,Cartón / Materia Prima (Cartón)
CELDA B 309,Producto almacenable,Producto almacenable,Cartón / Producto en proceso (Cartón)
CELDA B 311,Producto almacenable,Producto almacenable,Cartón / Producto en proceso (Cartón)
CELDA B 342,Producto almacenable,Producto almacenable,Cartón / Producto en proceso (Cartón)
CELDA B 391,Producto almacenable,Producto almacenable,Cartón / Producto en proceso (Cartón)
CELDA B 3x3 DJ SERVICIO AIR BOX,Producto almacenable,Producto almacenable,Cartón / Producto en proceso (Cartón)
CELDA B 405,Producto almacenable,Producto almacenable,Cartón / Producto en proceso (Cartón)
CELDA B 411,Producto almacenable,Producto almacenable,Cartón / Producto en proceso (Cartón)
CELDA B 550,Producto almacenable,Producto almacenable,Cartón / Producto en proceso (Cartón)
CELDA B 576,Producto almacenable,Producto almacenable,Cartón / Producto en proceso (Cartón)
CELDA B 611,Producto almacenable,Producto almacenable,Cartón / Producto en proceso (Cartón)
CELDA B 622,Producto almacenable,Producto almacenable,Cartón / Producto en proceso (Cartón)
CELDA B 660,Producto almacenable,Producto almacenable,Cartón / Producto en proceso (Cartón)
CELDA B 680,Producto almacenable,Producto almacenable,Cartón / Producto en proceso (Cartón)
CELDA B 682,Producto almacenable,Producto almacenable,Cartón / Producto en proceso (Cartón)
CELDA B 738,Producto almacenable,Producto almacenable,Cartón / Producto en proceso (Cartón)
CELDA B 746,Producto almacenable,Producto almacenable,Cartón / Materia Prima (Cartón)
CELDA B 773,Producto almacenable,Producto almacenable,Cartón / Producto en proceso (Cartón)
CELDA B 783,Producto almacenable,Producto almacenable,Cartón / Producto en proceso (Cartón)
CELDA B 785,Producto almacenable,Producto almacenable,Cartón / Producto en proceso (Cartón)
CELDA B 824,Producto almacenable,Producto almacenable,Cartón / Producto en proceso (Cartón)
CELDA B AC PANEL LEXUS,Producto almacenable,Producto almacenable,Cartón / Producto en proceso (Cartón)
CELDA B AQ450 CONTENEDOR CARTON,Producto almacenable,Producto almacenable,Cartón / Producto en proceso (Cartón)
CELDA B BOLSTER PASSENGER,Producto almacenable,Producto almacenable,Retornable / Producto en proceso (Retornable)
CELDA B CAJA ESD,Producto almacenable,Producto almacenable,Retornable / Producto en proceso (Retornable)
CELDA B CLUSTER CAP IP MCA,Producto almacenable,Producto almacenable,Retornable / Producto en proceso (Retornable)
CELDA B COVER SIDE VFF VW316,Producto almacenable,Producto almacenable,Cartón / Producto en proceso (Cartón)
CELDA B CUBBY BIN,Producto almacenable,Producto almacenable,Retornable / Producto en proceso (Retornable)
CELDA B DECO ASSY DRIVER,Producto almacenable,Producto almacenable,Retornable / Producto en proceso (Retornable)
CELDA B E SHIFTER TOP FINISH PANEL,Producto almacenable,Producto almacenable,Retornable / Producto en proceso (Retornable)
CELDA B ESCURRIMIENTO NEXTRACKER,Producto almacenable,Producto almacenable,Retornable / Producto en proceso (Retornable)
CELDA B FAN SYSTEM VALEO VW,Producto almacenable,Producto almacenable,Cartón / Producto en proceso (Cartón)
CELDA B FUSE ACCESS STORAGE BIN,Producto almacenable,Producto almacenable,Cartón / Producto en proceso (Cartón)
CELDA B GLOVE BOX,Producto almacenable,Producto almacenable,Cartón / Materia Prima (Cartón)
CELDA B GLOVE BOX Y0981384,Producto almacenable,Producto almacenable,Cartón / Producto en proceso (Cartón)
CELDA B GMT 625,Producto almacenable,Producto almacenable,Cartón / Producto en proceso (Cartón)
CELDA B INNER VFF VW316,Producto almacenable,Producto almacenable,Cartón / Producto en proceso (Cartón)
CELDA B KIA ECU + BRACKET,Producto almacenable,Producto almacenable,Cartón / Producto en proceso (Cartón)
CELDA B KIT RETEINER,Producto almacenable,Producto almacenable,Cartón / Producto en proceso (Cartón)
CELDA B MOTOR GEAR,Producto almacenable,Producto almacenable,Cartón / Producto en proceso (Cartón)
CELDA B OUTER ETAPA VFF VW316,Producto almacenable,Producto almacenable,Cartón / Producto en proceso (Cartón)
CELDA B PANEL LOAD FLOOR 24X,Producto almacenable,Producto almacenable,Cartón / Producto en proceso (Cartón)
CELDA B PARA 745,Producto almacenable,Producto almacenable,Cartón / Producto Terminado (Cartón)
CELDA B PARA KIT MCV CARTON,Producto almacenable,Producto almacenable,Cartón / Producto en proceso (Cartón)
CELDA B QTR 5 CAV,Producto almacenable,Producto almacenable,Cartón / Materia Prima (Cartón)
CELDA B QTR LOWER 5 CAV,Producto almacenable,Producto almacenable,Cartón / Materia Prima (Cartón)
CELDA B RING,Producto almacenable,Producto almacenable,Retornable / Producto en proceso (Retornable)
CELDA B SHROUD LOWER,Producto almacenable,Producto almacenable,Retornable / Producto en proceso (Retornable)
CELDA B SPACER LOAD FLOOR,Producto almacenable,Producto almacenable,Cartón / Producto en proceso (Cartón)
CELDA B U725,Producto almacenable,Producto almacenable,Cartón / Materia Prima (Cartón)
CELDA B WINDOW PLATE,Producto almacenable,Producto almacenable,Retornable / Producto en proceso (Retornable)
CELDA B WL FRONT REFLECTOR,Producto almacenable,Producto almacenable,Retornable / Producto en proceso (Retornable)
CELDA B WL REAR REFLECTOR,Producto almacenable,Producto almacenable,Retornable / Producto en proceso (Retornable)
CELDA B-4X CALAVERA 4548 BMW G01 LCI,Producto almacenable,Producto almacenable,Cartón / Producto en proceso (Cartón)
CELDA B02A,Producto almacenable,Producto almacenable,Cartón / Producto Terminado (Cartón)
CELDA B02A - CELDA A,Producto almacenable,Producto almacenable,Cartón / Producto en proceso (Cartón)
CELDA B02A - CELDA B,Producto almacenable,Producto almacenable,Cartón / Producto en proceso (Cartón)
CELDA B02A - CELDA C,Producto almacenable,Producto almacenable,Cartón / Producto en proceso (Cartón)
CELDA B02A - CELDA D,Producto almacenable,Producto almacenable,Cartón / Producto en proceso (Cartón)
CELDA B02A - CELDA E,Producto almacenable,Producto almacenable,Cartón / Producto en proceso (Cartón)
CELDA B02A - CELDA F,Producto almacenable,Producto almacenable,Cartón / Producto en proceso (Cartón)
CELDA C,Producto almacenable,Producto almacenable,Cartón / Producto en proceso (Cartón)
CELDA C - 2 LADO - DUNNAGE 40X,Producto almacenable,Producto almacenable,Retornable / Producto en proceso (Retornable)
CELDA C - 2 LADO - DUNNAGE 40X + TAPA,Producto almacenable,Producto almacenable,Retornable / Producto en proceso (Retornable)
CELDA C - A24,Producto almacenable,Producto almacenable,Cartón / Producto en proceso (Cartón)
CELDA C - B PILLAR UPPER,Producto almacenable,Producto almacenable,Cartón / Producto en proceso (Cartón)
CELDA C - DUNNAGE CLUSTER,Producto almacenable,Producto almacenable,Retornable / Producto en proceso (Retornable)
CELDA C - LOWER IMGL,Producto almacenable,Producto almacenable,Cartón / Producto Terminado (Cartón)
CELDA C 24X,Producto almacenable,Producto almacenable,Cartón / Materia Prima (Cartón)
CELDA C 309,Producto almacenable,Producto almacenable,Cartón / Producto en proceso (Cartón)
CELDA C 311,Producto almacenable,Producto almacenable,Cartón / Producto en proceso (Cartón)
CELDA C 682,Producto almacenable,Producto almacenable,Cartón / Producto en proceso (Cartón)
CELDA C 773,Producto almacenable,Producto almacenable,Cartón / Producto en proceso (Cartón)
CELDA C 783,Producto almacenable,Producto almacenable,Cartón / Producto en proceso (Cartón)
CELDA C AC PANEL LEXUS,Producto almacenable,Producto almacenable,Cartón / Producto en proceso (Cartón)
CELDA C BOLSTER PASSENGER,Producto almacenable,Producto almacenable,Retornable / Producto en proceso (Retornable)
CELDA C CUBBY BIN,Producto almacenable,Producto almacenable,Retornable / Producto en proceso (Retornable)
CELDA C DUNNAGE SPEAKER GRILLLE,Producto almacenable,Producto almacenable,Retornable / Producto en proceso (Retornable)
CELDA C E SHIFTER TOP FINISH PANEL,Producto almacenable,Producto almacenable,Retornable / Producto en proceso (Retornable)
CELDA C FAN SYSTEM VALEO VW,Producto almacenable,Producto almacenable,Cartón / Producto en proceso (Cartón)
CELDA C INNER VFF VW316,Producto almacenable,Producto almacenable,Cartón / Producto en proceso (Cartón)
CELDA C OUTER ETAPA VFF VW316,Producto almacenable,Producto almacenable,Cartón / Producto en proceso (Cartón)
CELDA C SHROUD LOWER,Producto almacenable,Producto almacenable,Retornable / Producto en proceso (Retornable)
CELDA C WL FRONT REFLECTOR,Producto almacenable,Producto almacenable,Retornable / Producto en proceso (Retornable)
CELDA C WL REAR REFLECTOR,Producto almacenable,Producto almacenable,Retornable / Producto en proceso (Retornable)
CELDA C& D FAN SYSTEM,Producto almacenable,Producto almacenable,Cartón / Materia Prima (Cartón)
CELDA C-4X CALAVERA 4548 BMW G01 LCI,Producto almacenable,Producto almacenable,Cartón / Producto en proceso (Cartón)
CELDA CK 32 ECT,Producto almacenable,Producto almacenable,Cartón / Producto Terminado (Cartón)
CELDA COVER SIDE VFF VW316,Producto almacenable,Producto almacenable,Cartón / Producto Terminado (Cartón)
CELDA CX482,Producto almacenable,Producto almacenable,Cartón / Materia Prima (Cartón)
CELDA D -  B PILLAR UPPER,Producto almacenable,Producto almacenable,Cartón / Producto en proceso (Cartón)
CELDA D - DUNNAGE CLUSTER,Producto almacenable,Producto almacenable,Retornable / Producto en proceso (Retornable)
CELDA D - LOWER IMGL,Producto almacenable,Producto almacenable,Cartón / Producto Terminado (Cartón)
CELDA D 311,Producto almacenable,Producto almacenable,Cartón / Producto en proceso (Cartón)
CELDA D 783,Producto almacenable,Producto almacenable,Cartón / Producto en proceso (Cartón)
CELDA D AC PANEL LEXUS,Producto almacenable,Producto almacenable,Cartón / Producto en proceso (Cartón)
CELDA D BOLSTER PASSENGER,Producto almacenable,Producto almacenable,Retornable / Producto en proceso (Retornable)
CELDA D CUBBY BIN,Producto almacenable,Producto almacenable,Retornable / Producto en proceso (Retornable)
CELDA D E SHIFTER TOP FINISH PANEL,Producto almacenable,Producto almacenable,Retornable / Producto en proceso (Retornable)
CELDA D FAN SYSTEM VALEO VW,Producto almacenable,Producto almacenable,Cartón / Producto en proceso (Cartón)
CELDA D SHROUD LOWER,Producto almacenable,Producto almacenable,Retornable / Producto en proceso (Retornable)
CELDA E - B PILLAR UPPER,Producto almacenable,Producto almacenable,Cartón / Producto en proceso (Cartón)
CELDA E - DUNNAGE CLUSTER,Producto almacenable,Producto almacenable,Retornable / Producto en proceso (Retornable)
CELDA E 783,Producto almacenable,Producto almacenable,Cartón / Producto en proceso (Cartón)
CELDA E AC PANEL LEXUS,Producto almacenable,Producto almacenable,Cartón / Producto en proceso (Cartón)
CELDA E E SHIFTER TOP FINISH PANEL,Producto almacenable,Producto almacenable,Retornable / Producto en proceso (Retornable)
CELDA E SHROUD LOWER,Producto almacenable,Producto almacenable,Retornable / Producto en proceso (Retornable)
CELDA ELITE SW PALANCA 32X,Producto almacenable,Producto almacenable,Retornable
CELDA F - DUNNAGE CLUSTER,Producto almacenable,Producto almacenable,Retornable / Producto en proceso (Retornable)
CELDA F AC PANEL LEXUS,Producto almacenable,Producto almacenable,Cartón / Producto en proceso (Cartón)
CELDA F GLOBE BOX,Producto almacenable,Producto almacenable,Retornable / Producto en proceso (Retornable)
CELDA G AC PANEL LEXUS,Producto almacenable,Producto almacenable,Cartón / Producto en proceso (Cartón)
CELDA GLASS FRONT U725,Producto almacenable,Producto almacenable,Retornable / Producto en proceso (Retornable)
CELDA H STICK,Producto almacenable,Producto almacenable,Cartón / Materia Prima (Cartón)
CELDA HOUSING INNER,Producto almacenable,Producto almacenable,Retornable / Producto en proceso (Retornable)
CELDA INDUCTIVE CHARGING,Producto almacenable,Producto almacenable,Cartón / Producto Terminado (Cartón)
CELDA INNER ETAPA VFF VW316,Producto almacenable,Producto almacenable,Cartón / Producto Terminado (Cartón)
CELDA INSERTO VW CHATTANOOGA,Producto almacenable,Producto almacenable,Cartón / Materia Prima (Cartón)
CELDA LAMINADA 440,Producto almacenable,Producto almacenable,Cartón / Producto Terminado (Cartón)
CELDA LAMINADA 841,Producto almacenable,Producto almacenable,Cartón / Producto Terminado (Cartón)
CELDA LAMINADA APPLIQUE,Producto almacenable,Producto almacenable,Cartón / Producto en proceso (Cartón)
CELDA LAMINADA C520 2R 1 LADO,Producto almacenable,Producto almacenable,Cartón / Producto Terminado (Cartón)
CELDA LAMINADA C520 2R 2 LADOS,Producto almacenable,Producto almacenable,Cartón / Producto Terminado (Cartón)
CELDA LAMINADA C520 7R,Producto almacenable,Producto almacenable,Cartón / Producto Terminado (Cartón)
CELDA LAMINADA CAMRY CH,Producto almacenable,Producto almacenable,Cartón / Producto Terminado (Cartón)
CELDA LAMINADA CAMRY GDE,Producto almacenable,Producto almacenable,Cartón / Producto Terminado (Cartón)
CELDA LAMINADA TUNDRA,Producto almacenable,Producto almacenable,Cartón / Producto en Proceso MTS (Cartón)
CELDA LH/RH BIN 40X,Producto almacenable,Producto almacenable,Cartón / Producto Terminado (Cartón)
CELDA LINNER 500 gr doble lam 18X,Producto almacenable,Producto almacenable,Cartón / Producto Terminado (Cartón)
CELDA LINNER 500 gr doble lam 30X bezel,Producto almacenable,Producto almacenable,Cartón / Producto Terminado (Cartón)
CELDA NEXTRACKER,Producto almacenable,Producto almacenable,Cartón / Materia Prima (Cartón)
CELDA NEXTRACKER (copia),Producto almacenable,Producto almacenable,Cartón / Materia Prima (Cartón)
CELDA NEXTRACKER 42,Producto almacenable,Producto almacenable,Cartón / Materia Prima (Cartón)
CELDA NEXTRACKER ALTERNO,Producto almacenable,Producto almacenable,Cartón / Materia Prima (Cartón)
CELDA OUTER ETAPA VFF VW316,Producto almacenable,Producto almacenable,Cartón / Producto Terminado (Cartón)
CELDA PARA CAJA EFC,Producto almacenable,Producto almacenable,Cartón / Producto Terminado (Cartón)
CELDA PIVOTE CONTENEDOR RETORNABLE,Producto almacenable,Producto almacenable,Cartón / Producto Terminado (Cartón)
CELDA PUERTAS,Producto almacenable,Producto almacenable,Cartón / Materia Prima (Cartón)
CELDA PUERTAS,Producto almacenable,Producto almacenable,Cartón / Materia Prima (Cartón)
CELDA PUERTAS - CELDA A,Producto almacenable,Producto almacenable,Cartón / Producto en proceso (Cartón)
CELDA RECORTADA GLASS FRONT U725,Producto almacenable,Producto almacenable,Retornable / Producto en proceso (Retornable)
CELDA SPACER LOAD FLOOR,Producto almacenable,Producto almacenable,Cartón / Producto Terminado (Cartón)
"CELDA TFT 500B 4.2""",Producto almacenable,Producto almacenable,Retornable / Producto en proceso (Retornable)
CELDA TFT CX430,Producto almacenable,Producto almacenable,Retornable / Producto en proceso (Retornable)
CELDADO - A PILLAR GARNISH,Producto almacenable,Producto almacenable,Cartón / Producto Terminado (Cartón)
CELDADO - B PILLAR LOWER GARNISH,Producto almacenable,Producto almacenable,Cartón / Producto Terminado (Cartón)
CELDADO - MID PANEL,Producto almacenable,Producto almacenable,Cartón / Producto Terminado (Cartón)
CELDADO 3958071-LEXUS,Producto almacenable,Producto almacenable,Cartón / Producto Terminado (Cartón)
CELDADO 5X PLASTILONA ANTIESTATICA CON ALMA DE PLASTICO CORRUGADO 4MM,Producto almacenable,Producto almacenable,Retornable / Producto en proceso (Retornable)
CELDADO 890/150,Consumible,Consumible,Todos
CELDADO AQ450,Producto almacenable,Producto almacenable,Cartón / Producto Terminado (Cartón)
CELDADO B PILLAR UPPER,Producto almacenable,Producto almacenable,Cartón / Producto Terminado (Cartón)
CELDADO CORRUGADO BLANCO 5MM,Producto almacenable,Producto almacenable,Retornable / Producto Terminado (Retornable)
CELDADO ESCURRIMIENTO PARA NEXTRACKER,Producto almacenable,Producto almacenable,Retornable / Producto Terminado (Retornable)
CELDADO FAN SYSTEM VALEO VW,Producto almacenable,Producto almacenable,Cartón / Producto Terminado (Cartón)
CELDADO HONDA ALABAMA,Producto almacenable,Producto almacenable,Cartón / Producto Terminado (Cartón)
CELDADO HONDA ALABAMA CELDA A,Producto almacenable,Producto almacenable,Cartón / Producto en proceso (Cartón)
CELDADO HONDA ALABAMA CELDA B,Producto almacenable,Producto almacenable,Cartón / Producto en proceso (Cartón)
CELDADO ISRINGHAUSEN,Producto almacenable,Producto almacenable,Retornable / Producto Terminado (Retornable)
CELDADO KIA ECU + BRACKET,Producto almacenable,Producto almacenable,Cartón / Producto Terminado (Cartón)
CELDADO KIT RETEINER,Producto almacenable,Producto almacenable,Cartón / Producto Terminado (Cartón)
CELDADO LOWER IMGL OP.4,Producto almacenable,Producto almacenable,Cartón / Producto Terminado (Cartón)
CELDADO PARA 890/150,Consumible,Consumible,Servicios
CELDADO PARA 890/150,Consumible,Consumible,Servicios
CELDADO PARA KIT MCV CARTON,Producto almacenable,Producto almacenable,Cartón / Producto Terminado (Cartón)
CELDADO T1XX,Producto almacenable,Producto almacenable,Servicios
CELDADO UPPER PANEL FRAME - CELDA A,Producto almacenable,Producto almacenable,Cartón / Producto en proceso (Cartón)
CELDADO UPPER PANEL FRAME - CELDA B,Producto almacenable,Producto almacenable,Cartón / Producto en proceso (Cartón)
CELDAMAPPOCKETFRONT-CELDA A,Producto almacenable,Producto almacenable,Cartón / Producto en proceso (Cartón)
CELDAMAPPOCKETFRONT-CELDA B,Producto almacenable,Producto almacenable,Cartón / Producto en proceso (Cartón)
CELDAMAPPOCKETFRONT-CELDA C,Producto almacenable,Producto almacenable,Cartón / Producto en proceso (Cartón)
CELDAMAPPOCKETFRONT-CELDA D,Producto almacenable,Producto almacenable,Cartón / Producto en proceso (Cartón)
CELDAMAPPOCKETREAR- CELDA A,Producto almacenable,Producto almacenable,Cartón / Producto en proceso (Cartón)
CELDAMAPPOCKETREAR- CELDA B,Producto almacenable,Producto almacenable,Cartón / Producto en proceso (Cartón)
CELDAMAPPOCKETUPPER-A,Producto almacenable,Producto almacenable,Cartón / Producto en proceso (Cartón)
CELDAMAPPOCKETUPPER-B,Producto almacenable,Producto almacenable,Cartón / Producto en proceso (Cartón)
CELDAS CHAROLA TEXAS,Producto almacenable,Producto almacenable,Cartón / Producto en proceso (Cartón)
CELDAS Y PORTA-FICHA A24 (SUAJE),Producto almacenable,Producto almacenable,Retornable / Producto en proceso (Retornable)
CELDAS Y PORTAFICHAS MATERIAL A LA,Producto almacenable,Producto almacenable,Todos
CELDILLA DE CARTON PROGRAMA DS CELDA 72D,Producto almacenable,Producto almacenable,Cartón / Producto Terminado (Cartón)
CELDILLA REDISEÑADA TESLAS HEAD LAMP C,Producto almacenable,Producto almacenable,Cartón / Producto Terminado (Cartón)
CENTER CONSOLE DUNNAGE. DUNNAGE PARA RACK EN PLASTILONA ANTIDUST TRANSPARENTE + CUBIERTA DE HDPE + CINTOS DE NYLON PARA SUJECCION,Producto almacenable,Producto almacenable,Retornable / Producto Terminado (Retornable)
CENTER PAD,Producto almacenable,Producto almacenable,Cartón / Producto Terminado (Cartón)
CEPILLO BOLA P/WC C/TAZON,Consumible,Consumible,Cartón / Consumibles (Cartón)
CERROJO,Consumible,Consumible,Retornable
CERROJOS,Producto almacenable,Producto almacenable,Cartón / Materia Prima (Cartón)
CESTO NEGRO CHICO PARA BASURA CAP 15 LTS,Consumible,Consumible,Cartón / Consumibles (Cartón)
CH-3X CALAVERA 4548 BMW G01 LCI,Producto almacenable,Producto almacenable,Cartón / Producto en proceso (Cartón)
CH-4X CALAVERA 4548 BMW G01 LCI,Producto almacenable,Producto almacenable,Cartón / Producto en proceso (Cartón)
CHAROLA  - GLASS FRONT 780B IC,Producto almacenable,Producto almacenable,Retornable / Producto en proceso (Retornable)
CHAROLA - A24,Producto almacenable,Producto almacenable,Cartón / Producto en proceso (Cartón)
CHAROLA - CONTENEDOR 480X305X155,Producto almacenable,Producto almacenable,Retornable / Producto en proceso (Retornable)
CHAROLA - EMC SHIELD FRAME 780B,Producto almacenable,Producto almacenable,Retornable / Producto en proceso (Retornable)
CHAROLA - GLASS FRONT U725,Producto almacenable,Producto almacenable,Retornable / Producto en proceso (Retornable)
CHAROLA - HEAT SINK 780B,Producto almacenable,Producto almacenable,Retornable / Producto en proceso (Retornable)
CHAROLA - LOWERCASE 780B,Producto almacenable,Producto almacenable,Retornable / Producto en proceso (Retornable)
CHAROLA - WINDOW PLATE CX430,Producto almacenable,Producto almacenable,Retornable / Producto en proceso (Retornable)
CHAROLA - WINDOWPLATE 780B,Producto almacenable,Producto almacenable,Retornable / Producto en proceso (Retornable)
"CHAROLA 10 X 37.5 X8"". Pieles 4.",Producto almacenable,Producto almacenable,Retornable / Producto Terminado (Retornable)
"CHAROLA 10 x 20 x 8"". Pieles No. 8.",Producto almacenable,Producto almacenable,Retornable / Producto Terminado (Retornable)
"CHAROLA 10 x 32 x 8"". Pieles No. 12.",Producto almacenable,Producto almacenable,Retornable / Producto Terminado (Retornable)
"CHAROLA 10X40X8"" - PIELES #7",Producto almacenable,Producto almacenable,Retornable / Producto Terminado (Retornable)
"CHAROLA 14 x 15 x 8"". Pieles 1.",Producto almacenable,Producto almacenable,Retornable / Producto Terminado (Retornable)
"CHAROLA 14 x 35 x 8"". Pieles 2.",Producto almacenable,Producto almacenable,Retornable / Producto Terminado (Retornable)
"CHAROLA 16X20X8"" - PIELES #10",Producto almacenable,Producto almacenable,Retornable / Producto Terminado (Retornable)
"CHAROLA 16X40X8"". Pieles No. 15",Producto almacenable,Producto almacenable,Retornable / Producto Terminado (Retornable)
"CHAROLA 20 x 30 x 8"". Pieles No. 13.",Producto almacenable,Producto almacenable,Retornable / Producto Terminado (Retornable)
"CHAROLA 20 x 31 x 8"". Pieles No. 14.",Producto almacenable,Producto almacenable,Retornable / Producto Terminado (Retornable)
"CHAROLA 27X33X8"". Pieles No. 11",Producto almacenable,Producto almacenable,Retornable / Producto Terminado (Retornable)
CHAROLA 391,Producto almacenable,Producto almacenable,Cartón / Producto en proceso (Cartón)
"CHAROLA 40 x 41 x 7"". Pieles No. 16.",Producto almacenable,Producto almacenable,Retornable / Producto Terminado (Retornable)
CHAROLA 4MM LARAMIE 123,Producto almacenable,Producto almacenable,Retornable / Producto Terminado (Retornable)
CHAROLA 4MM LONG HORN 135,Producto almacenable,Producto almacenable,Retornable / Producto Terminado (Retornable)
CHAROLA 4MM LONG HORN 246,Producto almacenable,Producto almacenable,Retornable / Producto Terminado (Retornable)
CHAROLA 745,Producto almacenable,Producto almacenable,Cartón / Producto en proceso (Cartón)
CHAROLA 784,Producto almacenable,Producto almacenable,Cartón / Producto en proceso (Cartón)
CHAROLA 7X CALAVERA 4548 BMW G01 LCI,Producto almacenable,Producto almacenable,Cartón / Producto en proceso (Cartón)
CHAROLA 824,Producto almacenable,Producto almacenable,Cartón / Producto Terminado (Cartón)
CHAROLA 955061,Producto almacenable,Producto almacenable,Cartón / Materia Prima (Cartón)
"CHAROLA A 24 CHAROLA DE PLASTICO CORRUGADO 6 CAVIDADES, COLOR NEGRO EN 4MM + ACCESORIOS DE PLASTICO CORRUGADO + TAPA DE TERMOFORMADO.",Producto almacenable,Producto almacenable,Retornable / Producto Terminado (Retornable)
CHAROLA ARMADA DECO ASSY DRIVER,Producto almacenable,Producto almacenable,Retornable / Producto en proceso (Retornable)
CHAROLA ARMADA RENAULT,Producto almacenable,Producto almacenable,Cartón / Producto Terminado (Cartón)
CHAROLA ARMADA WINDOW PLATE,Producto almacenable,Producto almacenable,Retornable / Producto en proceso (Retornable)
CHAROLA ARMADA WINDOW PLATE,Producto almacenable,Producto almacenable,Retornable / Producto en proceso (Retornable)
CHAROLA ARMADA WL FRONT REFLECTOR,Producto almacenable,Producto almacenable,Retornable / Producto en proceso (Retornable)
CHAROLA ARMADA WL REAR REFLECTOR,Producto almacenable,Producto almacenable,Retornable / Producto en proceso (Retornable)
CHAROLA AUDIQ5,Producto almacenable,Producto almacenable,Cartón / Materia Prima (Cartón)
CHAROLA AUDIQ5 NM,Producto almacenable,Producto almacenable,Cartón / Materia Prima (Cartón)
CHAROLA BARRAS ALEMANIA,Producto almacenable,Producto almacenable,Cartón / Producto Terminado (Cartón)
CHAROLA BMW IP PIELES W04003-C,Producto almacenable,Producto almacenable,Retornable / Producto en proceso (Retornable)
CHAROLA CASE,Producto almacenable,Producto almacenable,Retornable / Producto en proceso (Retornable)
CHAROLA CLUSTER CAP IP MCA,Producto almacenable,Producto almacenable,Retornable / Producto en proceso (Retornable)
CHAROLA CONSOLA,Producto almacenable,Producto almacenable,Retornable / Producto Terminado (Retornable)
CHAROLA COROPLAST ESD 4MM CON 15 CAVIDADES,Producto almacenable,Producto almacenable,Retornable / Producto Terminado (Retornable)
CHAROLA COROPLAST NEGRO 4MM ESD,Producto almacenable,Producto almacenable,Retornable / Producto Terminado (Retornable)
CHAROLA COROPLAST NEGRO 4MM ESD REFORZADA EN ESQUINAS CON VELCRO INFERIOR,Producto almacenable,Producto almacenable,Retornable / Producto Terminado (Retornable)
CHAROLA DE COROPLAST,Servicio,Servicio,Servicios
CHAROLA DE COROPLAST,Producto almacenable,Producto almacenable,Retornable / Producto Terminado (Retornable)
CHAROLA DE COROPLAST 4MM LAMIN,Servicio,Servicio,Servicios
CHAROLA DE COROPLAST 4MM LAMINADA CON TELA NO TEJIDA 70GMS CON MONTAJE EN TOTE 24 X 15 X 9,Producto almacenable,Producto almacenable,Retornable / Producto Terminado (Retornable)
CHAROLA DE COROPLAST NEGRO 4MM ESD,Producto almacenable,Producto almacenable,Retornable / Producto Terminado (Retornable)
CHAROLA DE COROPLAST NEGRO 4MM ESD SOLDADO CON ULTRASONIDO,Producto almacenable,Producto almacenable,Retornable / Producto Terminado (Retornable)
CHAROLA DE PLASTICO CORRUGADO VERDE 4 MM - WINDOW PLATE CX430,Producto almacenable,Producto almacenable,Retornable / Producto en proceso (Retornable)
CHAROLA DE PLASTICO CORRUGADO VERDE 4MM,Producto almacenable,Producto almacenable,Retornable / Producto en proceso (Retornable)
"CHAROLA DE PLASTICO CORRUGADO VERDE 4MM, CELDA 5 CAVIDADES + BASE DE CAJA CON DOBLE PISO PARA FACILITAR LA LIMPIEZA DE CAJA + TAPA DE PLASTICO",Producto almacenable,Producto almacenable,Retornable / Producto Terminado (Retornable)
CHAROLA DECO ASSY DRIVER,Producto almacenable,Producto almacenable,Retornable / Producto en proceso (Retornable)
CHAROLA DU,Servicio,Servicio,Servicios
CHAROLA ESD,Producto almacenable,Producto almacenable,Retornable / Producto Terminado (Retornable)
CHAROLA ESD CORTE,Producto almacenable,Producto almacenable,Retornable / Producto en proceso (Retornable)
CHAROLA ESPEJOS CL4,Servicio,Servicio,Servicios
CHAROLA ESPEJOS CL4 NOK,Servicio,Servicio,Servicios
CHAROLA EXTERNA KIA ECU + BRACKET,Producto almacenable,Producto almacenable,Cartón / Producto Terminado (Cartón)
CHAROLA FEDERBEIN,Producto almacenable,Producto almacenable,Cartón / Materia Prima (Cartón)
CHAROLA G01 NM,Producto almacenable,Producto almacenable,Cartón / Materia Prima (Cartón)
CHAROLA GLASS FRONT U725,Producto almacenable,Producto almacenable,Retornable / Producto en proceso (Retornable)
CHAROLA H STICK,Producto almacenable,Producto almacenable,Cartón / Materia Prima (Cartón)
CHAROLA H STICK ALTERNO,Producto almacenable,Producto almacenable,Cartón / Materia Prima (Cartón)
CHAROLA HDPE CON FRNAJA DE COLOR,Servicio,Servicio,Servicios
CHAROLA HOUSING INNER,Producto almacenable,Producto almacenable,Retornable / Producto en proceso (Retornable)
CHAROLA KIA ECU + BRACKET,Producto almacenable,Producto almacenable,Cartón / Producto Terminado (Cartón)
CHAROLA MARCADA BRAZEWAY,Producto almacenable,Producto almacenable,Cartón / Producto Terminado (Cartón)
CHAROLA ML,Producto almacenable,Producto almacenable,Todos
CHAROLA ML2,Producto almacenable,Producto almacenable,Retornable / Producto en proceso (Retornable)
CHAROLA MX157793 (230 X 330 X 146) 12 CAVIDADES,Producto almacenable,Producto almacenable,Retornable / Producto Terminado (Retornable)
CHAROLA NEXTRACKER,Producto almacenable,Producto almacenable,Cartón / Materia Prima (Cartón)
CHAROLA NEXTRACKER 42,Producto almacenable,Producto almacenable,Cartón / Materia Prima (Cartón)
CHAROLA NEXTRACKER ALTERNO,Producto almacenable,Producto almacenable,Cartón / Materia Prima (Cartón)
CHAROLA PARA 745,Producto almacenable,Producto almacenable,Cartón / Producto Terminado (Cartón)
CHAROLA PARA INNER WOM FRONT,Producto almacenable,Producto almacenable,Cartón / Producto Terminado (Cartón)
CHAROLA PARA INNER WOM REAR,Producto almacenable,Producto almacenable,Cartón / Producto Terminado (Cartón)
"CHAROLA PARA LAMINAS DE DIAL, MEDIDAS DE 527MM X 690MM X 80MM",Producto almacenable,Producto almacenable,Retornable / Producto Terminado (Retornable)
CHAROLA PARA Q5,Producto almacenable,Producto almacenable,Cartón / Producto Terminado (Cartón)
CHAROLA PARA U625,Producto almacenable,Producto almacenable,Retornable / Producto en proceso (Retornable)
CHAROLA PARKER (KIT TARIMA PARKER),Producto almacenable,Producto almacenable,Cartón / Producto Terminado (Cartón)
CHAROLA PE 237 12 X 17 X 2.75 PULGADAS,Producto almacenable,Producto almacenable,Retornable / Producto Terminado (Retornable)
CHAROLA PIPE PRIMER MODELO,Producto almacenable,Producto almacenable,Retornable / Producto Terminado (Retornable)
CHAROLA PLASTICA PARA PINTURA,Producto almacenable,Producto almacenable,Cartón / Producto Terminado (Cartón)
CHAROLA RANURADA -  EMC SHIELD FRAME 780B,Producto almacenable,Producto almacenable,Retornable / Producto en proceso (Retornable)
CHAROLA RANURADA - HEAT SINK 780B,Producto almacenable,Producto almacenable,Retornable / Producto en proceso (Retornable)
CHAROLA RANURADA - LOWERCASE 780B,Producto almacenable,Producto almacenable,Retornable / Producto en proceso (Retornable)
CHAROLA RANURADA - WINDOWPLATE 780B,Producto almacenable,Producto almacenable,Retornable / Producto en proceso (Retornable)
CHAROLA RENAULT,Producto almacenable,Producto almacenable,Cartón / Producto en proceso (Cartón)
CHAROLA RING,Producto almacenable,Producto almacenable,Retornable / Producto en proceso (Retornable)
CHAROLA SIDE PANEL,Producto almacenable,Producto almacenable,Retornable / Producto Terminado (Retornable)
CHAROLA SPACER LOAD FLOOR,Producto almacenable,Producto almacenable,Cartón / Producto Terminado (Cartón)
CHAROLA TFT 500B 4.2,Producto almacenable,Producto almacenable,Retornable / Producto Terminado (Retornable)
"CHAROLA TFT 500B 7""",Producto almacenable,Producto almacenable,Retornable / Producto en proceso (Retornable)
CHAROLA TFT CX430,Producto almacenable,Producto almacenable,Retornable / Producto en proceso (Retornable)
CHAROLA VW CHATTANOOGA,Producto almacenable,Producto almacenable,Cartón / Materia Prima (Cartón)
CHAROLA WINDOW PLATE,Producto almacenable,Producto almacenable,Retornable / Producto en proceso (Retornable)
CHAROLA WINDOW PLATE U725,Producto almacenable,Producto almacenable,Retornable / Producto en proceso (Retornable)
CHAROLA WOM INERS FRONT,Producto almacenable,Producto almacenable,Cartón / Producto Terminado (Cartón)
CHAROLA WOM INERS REAR,Producto almacenable,Producto almacenable,Cartón / Producto Terminado (Cartón)
CHAROLAS PLASTICO CORRUGADO 4 MM,Consumible,Consumible,Servicios
CHIMPSON CELDA A,Producto almacenable,Producto almacenable,Cartón / Producto en proceso (Cartón)
CHIMPSON CELDA ARMADA,Producto almacenable,Producto almacenable,Cartón / Producto Terminado (Cartón)
CHIMPSON CELDA B,Producto almacenable,Producto almacenable,Cartón / Producto en proceso (Cartón)
CHIMPSON RSC,Producto almacenable,Producto almacenable,Cartón / Producto Terminado (Cartón)
CIERRE,Producto almacenable,Producto almacenable,Cartón / Producto Terminado (Cartón)
"CINCHO PLASTICO 12"" BLANCO",Consumible,Consumible,Retornable / Consumibles (Retornable)
"CINCHO PLASTICO 14"" BLANCO",Consumible,Consumible,Retornable / Consumibles (Retornable)
CINT-2CAP   DEVEK,Consumible,Consumible,Cartón / Consumibles (Cartón)
CINTA CANELA 48MM,Consumible,Consumible,Cartón / Consumibles (Cartón)
"CINTA DELIMITADORA 2""",Consumible,Consumible,Cartón / Consumibles (Cartón)
"CINTA DOBLE CARA 1"" X 50MTS",Consumible,Consumible,Retornable / Consumibles (Retornable)
"CINTA DOBLE CARA 2"" X 50MTS",Consumible,Consumible,Cartón / Consumibles (Cartón)
"CINTA MASKING TAPE 2""",Consumible,Consumible,Retornable / Consumibles (Retornable)
CINTA MET PROF DFV 19MM CM/PLG79202,Consumible,Consumible,Retornable
CINTA NEGRA PARA AIS,Producto almacenable,Producto almacenable,Todos
CINTA NEGRA PARA AISLAR,Producto almacenable,Producto almacenable,Todos
CINTA PAPEL FLAT BACK,Consumible,Consumible,Cartón / Consumibles (Cartón)
CINTA TRANSPARENTE,Consumible,Consumible,Cartón / Consumibles (Cartón)
CINTA TRANSPARENTE 48MM,Consumible,Consumible,Cartón / Consumibles (Cartón)
CINTO FELPA BMW IP PIELES W04003-C,Producto almacenable,Producto almacenable,Retornable / Producto en proceso (Retornable)
CINTO GANCHO BMW IP PIELES W04003-C,Producto almacenable,Producto almacenable,Retornable / Producto en proceso (Retornable)
CL12-1,Servicio,Servicio,Servicios
CLORO 4LTS,Consumible,Consumible,Cartón / Consumibles (Cartón)
CMP-1227 FOAM 1/4 CON CORTE A 1M X 1.12M,Producto almacenable,Producto almacenable,Todos
CMP-1228 COTE A 1 M,Producto almacenable,Producto almacenable,Todos
CMP-1239,Producto almacenable,Producto almacenable,Todos
"CMP-C0027157 Centro de Cartón de 1.625"" DK Green",Producto almacenable,Producto almacenable,Cartón / Producto Comercialización (Cartón)
"CMP-C0027158 Centro de Cartón de 0.940"" Blue",Producto almacenable,Producto almacenable,Cartón / Producto Comercialización (Cartón)
"CMP-C0027159 Centro de Cartón de 1.875"" Brown",Producto almacenable,Producto almacenable,Cartón / Producto Comercialización (Cartón)
"CMP-C0027160 Centro de Cartón de 1.125"" Black",Producto almacenable,Producto almacenable,Cartón / Producto Comercialización (Cartón)
"CMP-C0027161 Núcleo de Cartón de 2.250"" Maroon",Producto almacenable,Producto almacenable,Cartón / Producto Comercialización (Cartón)
"CMP-C0027162 Centro de Cartón de 1.250"" Yellow",Producto almacenable,Producto almacenable,Cartón / Producto Comercialización (Cartón)
"CMP-C0027163 Núcleo de Cartón de 2.750"" LT Blue",Producto almacenable,Producto almacenable,Cartón / Producto Comercialización (Cartón)
"CMP-C0027164 Núcleo de Cartón de 1.375"" Beige",Producto almacenable,Producto almacenable,Cartón / Producto Comercialización (Cartón)
"CMP-C0027165 Centro de Cartón de 1.500"" Gray",Producto almacenable,Producto almacenable,Cartón / Producto Comercialización (Cartón)
"CMP-C0027166 Núcleo de Cartón de 0.8125"" LT Green",Producto almacenable,Producto almacenable,Cartón / Producto Comercialización (Cartón)
"CMP-C0030139 Núcleo de Cartón de 0.500"" Red",Producto almacenable,Producto almacenable,Cartón / Producto Comercialización (Cartón)
"CMP-C0030140 Núcleo de Cartón de 0.625"" Orange",Producto almacenable,Producto almacenable,Cartón / Producto Comercialización (Cartón)
CMP-D42-0035,Producto almacenable,Producto almacenable,Todos
CMP-D42-4211,Producto almacenable,Producto almacenable,Todos
CMP-E076,Producto almacenable,Producto almacenable,Todos
CMPD-48,Producto almacenable,Producto almacenable,Todos
CNS001-CAHSC,Producto almacenable,Producto almacenable,Cartón / Producto Terminado (Cartón)
CNS001-CH,Producto almacenable,Producto almacenable,Cartón / Producto Terminado (Cartón)
CNS001-CH-A,Producto almacenable,Producto almacenable,Cartón / Producto en proceso (Cartón)
CNS001-CH-B,Producto almacenable,Producto almacenable,Cartón / Producto en proceso (Cartón)
CNS001-LAT,Producto almacenable,Producto almacenable,Cartón / Producto Terminado (Cartón)
CNS001-TA,Producto almacenable,Producto almacenable,Cartón / Producto Terminado (Cartón)
CNS001-TA-A,Producto almacenable,Producto almacenable,Cartón / Producto en proceso (Cartón)
CNS001-TA-B,Producto almacenable,Producto almacenable,Cartón / Producto en proceso (Cartón)
CNS001-TARIMA,Producto almacenable,Producto almacenable,Cartón / Producto Terminado (Cartón)
CNS001PAD,Producto almacenable,Producto almacenable,Cartón / Producto Terminado (Cartón)
COFIA DESECHABLE C/ 100 PZAS,Consumible,Consumible,Cartón / Consumibles (Cartón)
COLL ROLL 1/8,Producto almacenable,Producto almacenable,Retornable / Materia Prima (Retornable)
COLOR CAR REMOV. ESPECIAL DE PINT 8350,Consumible,Consumible,Retornable / Consumibles (Retornable)
COMBUS+,Consumible,Consumible,Todos
COMBUSTIBLE,Servicio,Servicio,Todos
COMBUSTIBLE,Consumible,Consumible,Todos
COMUNICACIÓN,Servicio,Servicio,Todos
CONSULTORIA,Servicio,Servicio,Todos
CONSUMIBLES CABINA DE PINTURA,Consumible,Consumible,Retornable / Consumibles (Retornable)
CONSUMIBLES MAQUINA ROTATIVA,Consumible,Consumible,Cartón / Consumibles (Cartón)
CONSUMIBLES SEGURIDAD E HIGIENE,Consumible,Consumible,Servicios
"CONTAINER 22""X24""X9"" WITH BUILT-IN DUST COVER AND ALL REQUIRED/DIRECTED LABELING",Producto almacenable,Producto almacenable,Retornable / Producto Comercialización (Retornable)
"CONTAINER 24""X15""X11"" FONDO LISO",Producto almacenable,Producto almacenable,Retornable / Producto Comercialización (Retornable)
CONTENEDOR 122 X 114.3 X,Consumible,Consumible,Servicios
CONTENEDOR 122X114.3 X,Consumible,Consumible,Servicios
CONTENEDOR PLASTICO,Producto almacenable,Producto almacenable,Retornable / Producto Comercialización (Retornable)
CONTENEDOR PLASTICO,Producto almacenable,Producto almacenable,Retornable / Producto Comercialización (Retornable)
CONTENEDOR PLASTICO,Producto almacenable,Producto almacenable,Retornable / Producto Comercialización (Retornable)
CONTENEDOR PLASTICO,Producto almacenable,Producto almacenable,Retornable / Producto Comercialización (Retornable)
CONTENEDOR PLASTICO,Producto almacenable,Producto almacenable,Retornable / Producto Comercialización (Retornable)
CONTENEDOR PLASTICO,Producto almacenable,Producto almacenable,Retornable / Producto Comercialización (Retornable)
CONTRATIRON CX727,Producto almacenable,Producto almacenable,Retornable / Producto Terminado (Retornable)
COR GRIS 5MM 140X244,Producto almacenable,Producto almacenable,Cartón / Materia Prima (Cartón)
"CORNER BOARD 22.5""",Producto almacenable,Producto almacenable,Cartón / Producto Comercialización (Cartón)
"CORNER BOARD 22.5"" 15777",Producto almacenable,Producto almacenable,Cartón / Producto Comercialización (Cartón)
"CORNER BOARD 26"" ",Producto almacenable,Producto almacenable,Cartón / Producto Terminado (Cartón)
"CORNER BOARD 30"" ",Producto almacenable,Producto almacenable,Cartón / Producto Comercialización (Cartón)
"CORNER BOARD 30"" 14215",Producto almacenable,Producto almacenable,Cartón / Producto Comercialización (Cartón)
"CORNER BOARD 33""",Producto almacenable,Producto almacenable,Cartón / Producto Terminado (Cartón)
"CORNER BOARD 36""",Producto almacenable,Producto almacenable,Cartón / Producto Terminado (Cartón)
"CORNER BOARD 40""",Producto almacenable,Producto almacenable,Cartón / Producto Terminado (Cartón)
"CORNER BOARD 45""",Producto almacenable,Producto almacenable,Cartón / Producto Comercialización (Cartón)
"CORNER BOARD 48"" ",Producto almacenable,Producto almacenable,Cartón / Producto Comercialización (Cartón)
"COROPLAST - MEDIA TAPA 45"" + ALMA",Producto almacenable,Producto almacenable,Retornable / Producto en proceso (Retornable)
COROPLAST 10MM  1.22MTS X 2.44MTS NEGRO,Producto almacenable,Producto almacenable,Retornable / Materia Prima (Retornable)
COROPLAST 2 MM 1.185 X 1.160 AZUL REY,Producto almacenable,Producto almacenable,Cartón / Materia Prima (Cartón)
COROPLAST 2 MM 1.185 X 1.160 BLANCO,Producto almacenable,Producto almacenable,Cartón / Materia Prima (Cartón)
COROPLAST 2MM 1.22X2.44 BLANCO,Producto almacenable,Producto almacenable,Cartón / Materia Prima (Cartón)
COROPLAST 3MM 122 X 244 BLANCO,Producto almacenable,Producto almacenable,Retornable / Materia Prima (Retornable)
COROPLAST 3MM 122 X 244 NEGRO,Producto almacenable,Producto almacenable,Retornable / Materia Prima (Retornable)
COROPLAST 4 MM 1.22 X 2.44 AZUL REY,Producto almacenable,Producto almacenable,Cartón / Materia Prima (Cartón)
COROPLAST 4 MM 1.22 X 2.44 GRIS,Producto almacenable,Producto almacenable,Cartón / Materia Prima (Cartón)
COROPLAST 4.0 MM 1.40 X 2.44MTS NEGRO ANTIESTATICO,Producto almacenable,Producto almacenable,Retornable / Materia Prima (Retornable)
COROPLAST 4.0 MM 1.40 X 2.44MTS NEGRO CONDUCTIVO,Producto almacenable,Producto almacenable,Retornable / Materia Prima (Retornable)
COROPLAST 4.0 MM 122 X 244 NEGRO,Producto almacenable,Producto almacenable,Cartón / Materia Prima (Cartón)
COROPLAST 4.0 MM ESD 122 X 244 NEGRO,Producto almacenable,Producto almacenable,Retornable / Materia Prima (Retornable)
COROPLAST 4MM  1.40 X 2.44MTS BLANCO,Producto almacenable,Producto almacenable,Retornable / Materia Prima (Retornable)
COROPLAST 4MM  1.40 X 2.44MTS GRIS,Producto almacenable,Producto almacenable,Retornable / Materia Prima (Retornable)
COROPLAST 4MM 122 X 244 CELESTE,Producto almacenable,Producto almacenable,Cartón / Materia Prima (Cartón)
COROPLAST 4MM 122 X 244 NEGRO,Producto almacenable,Producto almacenable,Cartón / Materia Prima (Cartón)
COROPLAST 4MM 122X244  BLANCO,Producto almacenable,Producto almacenable,Cartón / Materia Prima (Cartón)
COROPLAST 4MM 122X244 VERDE BOTELLA,Producto almacenable,Producto almacenable,Retornable / Materia Prima (Retornable)
COROPLAST 4MM A 1162X L 780  NEGRO,Producto almacenable,Producto almacenable,Cartón / Materia Prima (Cartón)
COROPLAST 4MM NEGRO 790MM X 690MM,Producto almacenable,Producto almacenable,Retornable / Materia Prima (Retornable)
COROPLAST 4MM NEGRO 910MM X 630MM,Producto almacenable,Producto almacenable,Retornable / Materia Prima (Retornable)
COROPLAST 5 MM 1.22 X 2.44 AZUL REY,Producto almacenable,Producto almacenable,Cartón / Materia Prima (Cartón)
COROPLAST 5 MM 1.22 X 2.44 GRIS,Producto almacenable,Producto almacenable,Cartón / Materia Prima (Cartón)
COROPLAST 5 MM 1.22 X 2.44 NEGRO,Producto almacenable,Producto almacenable,Cartón / Materia Prima (Cartón)
COROPLAST 5 MM 1.235 X 1.050 NEGRO,Producto almacenable,Producto almacenable,Retornable / Materia Prima (Retornable)
COROPLAST 5 MM 730 X 900 CELESTE,Producto almacenable,Producto almacenable,Retornable / Materia Prima (Retornable)
COROPLAST 5.0 MM 1.22 X 2.44MTS CELESTE,Producto almacenable,Producto almacenable,Retornable / Materia Prima (Retornable)
COROPLAST 5.0 MM 1.40 X 2.44MTS CELESTE,Producto almacenable,Producto almacenable,Retornable / Materia Prima (Retornable)
COROPLAST 5.0 MM ESD 140 X 244 NEGRO,Producto almacenable,Producto almacenable,Retornable / Materia Prima (Retornable)
COROPLAST 5MM  1.00MTS X 1.185MTS NEGRO,Producto almacenable,Producto almacenable,Cartón / Materia Prima (Cartón)
COROPLAST 5MM  1.22MTS X 2.44MTS NEGRO,Producto almacenable,Producto almacenable,Retornable / Materia Prima (Retornable)
COROPLAST 5MM 122 X 244 NEGRO,Producto almacenable,Producto almacenable,Cartón / Materia Prima (Cartón)
COROPLAST 5MM 140 X 244 NEGRO RECICLADO,Producto almacenable,Producto almacenable,Cartón / Materia Prima (Cartón)
COROPLAST 6 MM A962MM X L1768MM BLANCO,Producto almacenable,Producto almacenable,Retornable / Materia Prima (Retornable)
COROPLAST 6MM  1.22 X 2.44MTS BLANCO,Producto almacenable,Producto almacenable,Retornable / Materia Prima (Retornable)
COROPLAST 6MM 1.40 X 2.44MTS BLANCO,Producto almacenable,Producto almacenable,Retornable / Materia Prima (Retornable)
COROPLAST BALNCO 4 MM 1020mm x 510mm,Producto almacenable,Producto almacenable,Retornable / Materia Prima (Retornable)
COROPLAST BLANCO  4 MM 972mm x 994mm,Producto almacenable,Producto almacenable,Retornable / Materia Prima (Retornable)
COROPLAST BLANCO  4 MM 994mm x 1216mm,Producto almacenable,Producto almacenable,Retornable / Materia Prima (Retornable)
COROPLAST BLANCO 2MM 816MM X 674MM,Producto almacenable,Producto almacenable,Retornable / Materia Prima (Retornable)
COROPLAST BLANCO 4MM  A 1032mm x L1059mm,Producto almacenable,Producto almacenable,Retornable / Materia Prima (Retornable)
COROPLAST BLANCO 4MM A1260MM*L892MM,Producto almacenable,Producto almacenable,Retornable / Materia Prima (Retornable)
COROPLAST BLANCO 4MM A1350MM*L1450MM,Producto almacenable,Producto almacenable,Retornable / Materia Prima (Retornable)
COROPLAST BLANCO 4MM A854MM*L680MM,Producto almacenable,Producto almacenable,Retornable / Materia Prima (Retornable)
COROPLAST BLANCO 5 MM 122X244,Producto almacenable,Producto almacenable,Cartón / Materia Prima (Cartón)
COROPLAST NEGRO 4 MM 140X244,Producto almacenable,Producto almacenable,Cartón / Materia Prima (Cartón)
COROPLAST NEGRO 4MM 690MM X 940MM,Producto almacenable,Producto almacenable,Retornable / Materia Prima (Retornable)
CORREA 745,Producto almacenable,Producto almacenable,Cartón / Producto en proceso (Cartón)
"CORTE 1"" VELCRO GANCHO - 22""",Producto almacenable,Producto almacenable,Retornable / Producto en proceso (Retornable)
"CORTE 1045MM VELCRO AUTO 1"" P/ ROPACK",Producto almacenable,Producto almacenable,Retornable / Producto en proceso (Retornable)
CORTE CAJA 440,Producto almacenable,Producto almacenable,Cartón / Producto en proceso (Cartón)
CORTE CAJA VENTILA,Producto almacenable,Producto almacenable,Cartón / Producto en proceso (Cartón)
CORTE CANALETA 10  MM  - GLASS FRONT 780B IC,Producto almacenable,Producto almacenable,Retornable / Producto en proceso (Retornable)
CORTE CANALETA 10 MM BMW IP PIELES W04003-C,Producto almacenable,Producto almacenable,Retornable / Producto en proceso (Retornable)
"CORTE CANALETA 10 MM TFT 500B 4.2""",Producto almacenable,Producto almacenable,Retornable / Producto en proceso (Retornable)
"CORTE CANALETA 10 MM TFT 500B 7""",Producto almacenable,Producto almacenable,Retornable / Producto en proceso (Retornable)
CORTE CANALETA 5 MM BMW IP PIELES W04003-C,Producto almacenable,Producto almacenable,Retornable / Producto en proceso (Retornable)
"CORTE CANALETA 5 MM TFT 500B 4.2""",Producto almacenable,Producto almacenable,Retornable / Producto en proceso (Retornable)
"CORTE CANALETA 5 MM TFT 500B 7""",Producto almacenable,Producto almacenable,Retornable / Producto en proceso (Retornable)
CORTE CANALETA 5MM  - GLASS FRONT 780B IC,Producto almacenable,Producto almacenable,Retornable / Producto en proceso (Retornable)
CORTE CELDAS PE 237,Producto almacenable,Producto almacenable,Retornable / Producto en proceso (Retornable)
CORTE CHAROLA DECO ASSY DRIVE,Producto almacenable,Producto almacenable,Retornable / Producto en proceso (Retornable)
CORTE CHICO- CELDA SUDAFRICA BMW G01 LCI,Producto almacenable,Producto almacenable,Cartón / Producto en proceso (Cartón)
CORTE DE CHAROLA PE 237,Producto almacenable,Producto almacenable,Retornable / Producto en proceso (Retornable)
"CORTE DE VELCRO 2"" AUTOADHERIBLE",Producto almacenable,Producto almacenable,Retornable / Producto en proceso (Retornable)
CORTE ESD - A - GLASS FRONT 780B IC,Producto almacenable,Producto almacenable,Retornable / Producto en proceso (Retornable)
CORTE ESD - B - GLASS FRONT 780B IC,Producto almacenable,Producto almacenable,Retornable / Producto en proceso (Retornable)
CORTE ESD - PISO - GLASS FRONT 780B IC,Producto almacenable,Producto almacenable,Retornable / Producto en proceso (Retornable)
CORTE FELPA 150 MM BMW IP PIELES W04003-C,Producto almacenable,Producto almacenable,Retornable / Producto en proceso (Retornable)
CORTE FOAM P/ PISO 4548,Producto almacenable,Producto almacenable,Cartón / Producto Terminado (Cartón)
CORTE FOAMI 5MM 2422,Producto almacenable,Producto almacenable,Retornable / Producto en proceso (Retornable)
CORTE GANCHO 500 MM BMW IP PIELES W04003-C,Producto almacenable,Producto almacenable,Retornable / Producto en proceso (Retornable)
CORTE GRANDE - CELDA SUDAFRICA BMW G01 LCI,Producto almacenable,Producto almacenable,Cartón / Producto en proceso (Cartón)
"CORTE NYLON 1""",Producto almacenable,Producto almacenable,Retornable / Producto en proceso (Retornable)
"CORTE NYLON 2""",Producto almacenable,Producto almacenable,Retornable / Producto en proceso (Retornable)
CORTE NYLON 600 MM BMW IP PIELES W04003-C,Producto almacenable,Producto almacenable,Retornable / Producto en proceso (Retornable)
CORTE NYLON 650 MM BMW IP PIELES W04003-C,Producto almacenable,Producto almacenable,Retornable / Producto en proceso (Retornable)
CORTE NYLON P/ INGITION RING,Producto almacenable,Producto almacenable,Retornable / Producto en proceso (Retornable)
CORTE PAD / CELDAS - DECO ASSY DRIVE,Producto almacenable,Producto almacenable,Retornable / Producto en proceso (Retornable)
CORTE PARA CAJA HOOK,Producto almacenable,Producto almacenable,Cartón / Materia Prima (Procesada)
CORTE PARA CHAROLA 3X BMW G01 LCI,Producto almacenable,Producto almacenable,Cartón / Materia Prima (Procesada)
CORTE PARA CHAROLA 4X BMW G01 LCI,Producto almacenable,Producto almacenable,Cartón / Materia Prima (Procesada)
CORTE PARA TAPA PIELES,Producto almacenable,Producto almacenable,Cartón / Producto en proceso (Cartón)
CORTE TRANSFLEX - MEDIA TAPA - GLASS FRONT 780B IC,Producto almacenable,Producto almacenable,Retornable / Producto en proceso (Retornable)
CORTE TRANSFLEX - MEDIA TAPA 4548 ROPACK,Producto almacenable,Producto almacenable,Retornable / Producto en proceso (Retornable)
"CORTE VELCRO 2"" - MEDIA TAPA 4548 ROPACK",Producto almacenable,Producto almacenable,Retornable / Producto en proceso (Retornable)
CORTILONA ANTI STAT 13,Producto almacenable,Producto almacenable,Retornable / Materia Prima (Retornable)
CORTILONA ANTIDUST 13 AZUL,Producto almacenable,Producto almacenable,Retornable / Materia Prima (Retornable)
CORTILONA TOP COAT 13,Producto almacenable,Producto almacenable,Cartón / Materia Prima (Cartón)
COSTO DE ENVIO,Servicio,Servicio,Servicios
COSTOS DE LOGISTICA,Servicio,Servicio,Servicios
COUPLER,Producto almacenable,Producto almacenable,Retornable / Materia Prima (Retornable)
COUPLER,Producto almacenable,Producto almacenable,Retornable / Materia Prima (Retornable)
COVER LENS MOPF,Producto almacenable,Producto almacenable,Retornable / Producto Terminado (Retornable)
CP -  A - GLASS FRONT 780B IC,Producto almacenable,Producto almacenable,Retornable / Producto en proceso (Retornable)
CP -  B - GLASS FRONT 780B IC,Producto almacenable,Producto almacenable,Retornable / Producto en proceso (Retornable)
CP - MEDIA TAPA - GLASS FRONT 780B IC,Producto almacenable,Producto almacenable,Retornable / Producto en proceso (Retornable)
CRAYON PARA ACERO,Consumible,Consumible,Retornable / Consumibles (Retornable)
"CTN PAD RU C/TELA 20.75""X 14.5"" 41798",Servicio,Servicio,Servicios
CUADRADO 1,Producto almacenable,Producto almacenable,Cartón / Materia Prima (Cartón)
"CUADRADO 1"" X 1""",Producto almacenable,Producto almacenable,Retornable / Materia Prima (Retornable)
"CUADRADO 1/2"" X 1/2""",Producto almacenable,Producto almacenable,Retornable / Materia Prima (Retornable)
"CUADRADO 3/4"" X 3/4""",Producto almacenable,Producto almacenable,Retornable / Materia Prima (Retornable)
"CUADRADO 3/4"" X 3/4""",Producto almacenable,Producto almacenable,Cartón / Materia Prima (Cartón)
"CUADRADO DE 1/2"" X 1/2""",Producto almacenable,Producto almacenable,Retornable / Materia Prima (Retornable)
CUBETA DE PLASTICO 20 LTS,Consumible,Consumible,Cartón / Consumibles (Cartón)
CUBREBOCAS ARMADO,Producto almacenable,Producto almacenable,Retornable / Producto Terminado (Retornable)
CUBREBOCAS C/ 150 PZAS,Consumible,Consumible,Cartón / Consumibles (Cartón)
CUELLO - KIT 330 MCA,Producto almacenable,Producto almacenable,Cartón / Producto en proceso (Cartón)
CUELLO 1/2 30AA BACK UP,Producto almacenable,Producto almacenable,Cartón / Producto en proceso (Cartón)
CUELLO 1/2 INDUSTRIAL 48,Producto almacenable,Producto almacenable,Cartón / Producto en proceso (Cartón)
CUELLO 4291AL,Producto almacenable,Producto almacenable,Cartón / Producto Terminado (Cartón)
CUELLO A ATI,Producto almacenable,Producto almacenable,Cartón / Producto en proceso (Cartón)
CUELLO B ATI,Producto almacenable,Producto almacenable,Cartón / Producto en proceso (Cartón)
CUELLO BILLET BARS,Producto almacenable,Producto almacenable,Cartón / Producto Terminado (Cartón)
CUELLO BILLET BARS 56 X 48,Producto almacenable,Producto almacenable,Cartón / Producto Terminado (Cartón)
CUELLO C GLOVE BOX Y0981384,Producto almacenable,Producto almacenable,Cartón / Producto en proceso (Cartón)
CUELLO COMPLETO INDUSTRIAL 48,Producto almacenable,Producto almacenable,Cartón / Producto Terminado (Cartón)
CUELLO DOBLE CALAVERA 4548 BMW G01 LCI,Producto almacenable,Producto almacenable,Cartón / Producto en proceso (Cartón)
CUELLO DUCTO mahle,Producto almacenable,Producto almacenable,Cartón / Producto Terminado (Cartón)
CUELLO EXTERIOR AQ450 CONTENEDOR CARTON,Producto almacenable,Producto almacenable,Cartón / Producto Terminado (Cartón)
CUELLO EXTERIOR CC91,Producto almacenable,Producto almacenable,Cartón / Producto Terminado (Cartón)
CUELLO INTERIOR AQ 450 CONTENEDOR CARTON,Producto almacenable,Producto almacenable,Cartón / Producto Terminado (Cartón)
CUELLO INTERIOR CC91,Producto almacenable,Producto almacenable,Cartón / Producto Terminado (Cartón)
CUELLO JC 49,Producto almacenable,Producto almacenable,Cartón / Producto Terminado (Cartón)
CUELLO MEDIO MOTOR GEAR,Producto almacenable,Producto almacenable,Cartón / Producto en proceso (Cartón)
CUELLO SENCILLO CALAVERA 4548 BMW G01 LCI,Producto almacenable,Producto almacenable,Cartón / Producto en proceso (Cartón)
CUERPO ARMADO WL FRONT REFLECTOR,Producto almacenable,Producto almacenable,Retornable / Producto en proceso (Retornable)
CUERPO ARMADO WL REAR REFLECTOR,Producto almacenable,Producto almacenable,Retornable / Producto en proceso (Retornable)
CUERPO CAJA WL FRONT REFLECTOR,Producto almacenable,Producto almacenable,Retornable / Producto en proceso (Retornable)
CUERPO CAJA WL REAR REFLECTOR,Producto almacenable,Producto almacenable,Retornable / Producto en proceso (Retornable)
CUERPO CHAROLA,Producto almacenable,Producto almacenable,Cartón / Producto Terminado (Cartón)
CUERPO CHAROLA WINDOW PLATE,Producto almacenable,Producto almacenable,Retornable / Producto en proceso (Retornable)
CUNA 1X - CLUSTER U725,Producto almacenable,Producto almacenable,Retornable / Producto en proceso (Retornable)
CUNA 4X - CLUSTER U725,Producto almacenable,Producto almacenable,Retornable / Producto en proceso (Retornable)
CUP HOLDER TOTE,Producto almacenable,Producto almacenable,Retornable / Producto Terminado (Retornable)
CVR Switch CTR base,Producto almacenable,Producto almacenable,Retornable / Producto Terminado (Retornable)
CVR Switch CTR base - Dunnage,Producto almacenable,Producto almacenable,Retornable / Producto Terminado (Retornable)
CX430 RING,Producto almacenable,Producto almacenable,Retornable / Producto Terminado (Retornable)
CX430. A. Pieza,Producto almacenable,Producto almacenable,Retornable / Producto en proceso (Retornable)
CX430. DIAL. Charola,Producto almacenable,Producto almacenable,Retornable / Producto en proceso (Retornable)
CX430. TFT. CHAROLA + DUNNGE + TAPA.,Producto almacenable,Producto almacenable,Retornable / Producto Terminado (Retornable)
CX430XLPE BLACK D-2# PCF ( 200 X 133 X 38 mm),Producto almacenable,Producto almacenable,Retornable / Materia Prima (Retornable)
CX727 - Dunnage para rack WIP 1,Producto almacenable,Producto almacenable,Retornable / Producto Terminado (Retornable)
CX727 - Dunnage para rack WIP 2,Producto almacenable,Producto almacenable,Retornable / Producto Terminado (Retornable)
CX727 LIFTGATE,Producto almacenable,Producto almacenable,Muestras / Producto Terminado (Muestras)
CX727. Manga. Correa Derecha.,Producto almacenable,Producto almacenable,Retornable / Producto en proceso (Retornable)
CX727. Manga. Correa Izquierda.,Producto almacenable,Producto almacenable,Retornable / Producto en proceso (Retornable)
CX727. Manga. Dunnage.,Producto almacenable,Producto almacenable,Retornable / Producto en proceso (Retornable)
CX727. Manga. Media Manga.,Producto almacenable,Producto almacenable,Retornable / Producto en proceso (Retornable)
CX727. Manga. Pared Armada.,Producto almacenable,Producto almacenable,Retornable / Producto en proceso (Retornable)
CX727. Manga. Pared.,Producto almacenable,Producto almacenable,Retornable / Producto en proceso (Retornable)
CX727. Manga. Piso Armado.,Producto almacenable,Producto almacenable,Retornable / Producto en proceso (Retornable)
CX727. Manga. Piso HDPE.,Producto almacenable,Producto almacenable,Retornable / Producto en proceso (Retornable)
CX727. Manga. Piso.,Producto almacenable,Producto almacenable,Retornable / Producto en proceso (Retornable)
CX727. Y0124098. BAG FOR SUB ASSY AR CSW Y0069943. Foam. Dunnage 12 cav.,Producto almacenable,Producto almacenable,Retornable / Producto Terminado (Retornable)
"CX727. Y0124099, W04002 CONTENEDOR",Producto almacenable,Producto almacenable,Retornable / Producto Terminado (Retornable)
CX727. Y0124102. BAG FOR ESHIFTER BEZEL CSW,Producto almacenable,Producto almacenable,Retornable / Producto Terminado (Retornable)
"CX727. Y0124103, BAG FOR ESHIFTER ASSY Y0070749",Producto almacenable,Producto almacenable,Retornable / Producto Terminado (Retornable)
"CX727. Y0124104, BAG FOR CUP HOLDER BEZEL Y0070742",Producto almacenable,Producto almacenable,Retornable / Producto Terminado (Retornable)
Caja 2422-10 | J34A,Producto almacenable,Producto almacenable,Cartón / Producto Terminado (Cartón)
Caja CS 32ECT FC PaAmeri con Celda 32ECT FE. CD539. Caja con Cleda.,Producto almacenable,Producto almacenable,Cartón / Producto Terminado (Cartón)
Caja Chimpson ITB,Producto almacenable,Producto almacenable,Cartón / Producto Terminado (Cartón)
Caja backup Chrysler,Producto almacenable,Producto almacenable,Cartón / Producto Terminado (Cartón)
Caja base telescópica - Tesla model S,Producto almacenable,Producto almacenable,Cartón / Producto en proceso (Cartón)
"Caja de Cartón para Everest con Base y Tapa DK 61 ECT, Insertos DK 48 ECT, PAD CK 36 ECT, Foam con estático Requisition #: 92815. Everest. Kit.",Producto almacenable,Producto almacenable,Cartón / Producto Terminado (Cartón)
Caja de cartón doble pared/Box HSM,Producto almacenable,Producto almacenable,Cartón / Producto Terminado (Cartón)
Caja para Inteva DA90,Producto almacenable,Producto almacenable,Cartón / Producto Terminado (Cartón)
Caja service parts IMGL,Producto almacenable,Producto almacenable,Cartón / Materia Prima (Cartón)
Caja tapa telescópica - Tesla model S,Producto almacenable,Producto almacenable,Cartón / Producto en proceso (Cartón)
Caja tmc 095,Producto almacenable,Producto almacenable,Cartón / Materia Prima (Cartón)
Caja y tapa para 890/150,Consumible,Consumible,Servicios
Caja y tapa para 890/150,Consumible,Consumible,Servicios
Cambios tapa dunnage Deco Assy Passenger,Servicio,Servicio,Servicios
"Cargo, Gastos efectuados por un tercero",Servicio,Servicio,Servicios
Carro para WIP Y0232758 Beltline,Producto almacenable,Producto almacenable,Retornable / Producto Terminado (Retornable)
Carro para WIP Y0232759 Armrest Frontal,Producto almacenable,Producto almacenable,Retornable / Producto Terminado (Retornable)
Carro para WIP Y0232764 Armrest Trasero,Producto almacenable,Producto almacenable,Retornable / Producto Terminado (Retornable)
Cartón para protección de empaque completo Requisition #: 92815,Producto almacenable,Producto almacenable,Cartón / Producto Terminado (Cartón)
Celda  8060705_AA | J34A,Producto almacenable,Producto almacenable,Cartón / Producto Terminado (Cartón)
Celda  8061465_AA | J34A,Producto almacenable,Producto almacenable,Cartón / Producto Terminado (Cartón)
Celda  HR001V350 | J34A,Producto almacenable,Producto almacenable,Cartón / Producto Terminado (Cartón)
Celda A 8060705_AA | J34A,Producto almacenable,Producto almacenable,Cartón / Producto en proceso (Cartón)
Celda A 8061465_AA | J34A,Producto almacenable,Producto almacenable,Cartón / Producto en proceso (Cartón)
Celda A AQ450 CONTENEDOR RETORNABLE,Producto almacenable,Producto almacenable,Cartón / Producto en proceso (Cartón)
Celda A HR001V350 | J34A,Producto almacenable,Producto almacenable,Cartón / Producto en proceso (Cartón)
Celda A backup Chrysler,Producto almacenable,Producto almacenable,Cartón / Producto en proceso (Cartón)
Celda Audi 42 ect,Producto almacenable,Producto almacenable,Cartón / Materia Prima (Cartón)
Celda B 8060705_AA | J34A,Producto almacenable,Producto almacenable,Cartón / Producto en proceso (Cartón)
Celda B 8061465_AA | J34A,Producto almacenable,Producto almacenable,Cartón / Producto en proceso (Cartón)
Celda B AQ450 CONTENEDOR RETORNABLE,Producto almacenable,Producto almacenable,Cartón / Producto en proceso (Cartón)
Celda B HR001V350 | J34A,Producto almacenable,Producto almacenable,Cartón / Producto en proceso (Cartón)
Celda B backup Chrysler,Producto almacenable,Producto almacenable,Cartón / Producto en proceso (Cartón)
Celda backup Chrysler,Producto almacenable,Producto almacenable,Cartón / Producto Terminado (Cartón)
"Charola  12 Cavidades pet 0.035""",Producto almacenable,Producto almacenable,Retornable / Producto Comercialización (Retornable)
Charola 790 X 590 X 158,Producto almacenable,Producto almacenable,Retornable / Producto Comercialización (Retornable)
Charola 790 X 590 X 172,Producto almacenable,Producto almacenable,Retornable / Producto Comercialización (Retornable)
Charola 790 X 590 X 173,Producto almacenable,Producto almacenable,Retornable / Producto Comercialización (Retornable)
Charola 790 X 590 X 210,Producto almacenable,Producto almacenable,Retornable / Producto Comercialización (Retornable)
Charola 790 X 590 X 210,Producto almacenable,Producto almacenable,Retornable / Producto Comercialización (Retornable)
Charola Arrey,Producto almacenable,Producto almacenable,Retornable / Producto Terminado (Retornable)
Charola WS Central,Producto almacenable,Producto almacenable,Retornable / Producto en proceso (Retornable)
Charola WS Driver,Producto almacenable,Producto almacenable,Retornable / Producto en proceso (Retornable)
Charola WS Passenger,Producto almacenable,Producto almacenable,Retornable / Producto en proceso (Retornable)
Charola base texas,Producto almacenable,Producto almacenable,Cartón / Producto en proceso (Cartón)
"Charola con dunnage, doble piso orificios para facilitar limpieza",Producto almacenable,Producto almacenable,Retornable / Producto Terminado (Retornable)
Charola coroplast PC 220,Producto almacenable,Producto almacenable,Retornable / Producto en proceso (Retornable)
Charola de glass front nuevo diseño,Producto almacenable,Producto almacenable,Retornable / Producto Terminado (Retornable)
Charola de plastico corrugado.,Producto almacenable,Producto almacenable,Retornable / Kit (Retornable)
Charola de plástico corrugado,Producto almacenable,Producto almacenable,Retornable / Producto Terminado (Retornable)
Charola plastica + dunnage Plastilona antiestatica 13 Oz.,Producto almacenable,Producto almacenable,Retornable / Producto Terminado (Retornable)
Charola plastica + dunnage Plastilona antiestatica 13 Oz..,Producto almacenable,Producto almacenable,Retornable / Producto Terminado (Retornable)
Charola plastica outer case U554 HUD,Producto almacenable,Producto almacenable,Retornable / Producto en proceso (Retornable)
Charola plastica window plate 780B & U554,Producto almacenable,Producto almacenable,Retornable / Producto en proceso (Retornable)
Charola texas,Producto almacenable,Producto almacenable,Cartón / Producto Terminado (Cartón)
"Chaveta de Hierro pulido1/4 * 2""",Consumible,Consumible,Retornable / Consumibles (Retornable)
Chimpson RSC,Producto almacenable,Producto almacenable,Cartón / Producto en proceso (Cartón)
Commercial services  from distribution and freights,Servicio,Servicio,Servicios
Console LOWER,Producto almacenable,Producto almacenable,Cartón / Materia Prima (Cartón)
Console Lower. A. Pieza.,Producto almacenable,Producto almacenable,Cartón / Producto en proceso (Cartón)
Console Lower. B. Pieza.,Producto almacenable,Producto almacenable,Cartón / Producto en proceso (Cartón)
Console Lower. Celda Armada.,Producto almacenable,Producto almacenable,Cartón / Producto Terminado (Cartón)
Contenedor  48x45x34,Producto almacenable,Producto almacenable,Retornable / Producto Comercialización (Retornable)
Contenedor de plastico Ropack de 48x62x34,Producto almacenable,Producto almacenable,Retornable / Producto Comercialización (Retornable)
Costos de flete,Servicio,Servicio,Servicios
Cover 780B | U554 HUD - Tapa,Producto almacenable,Producto almacenable,Retornable / Producto en proceso (Retornable)
Cuello Array - Prolamsa,Producto almacenable,Producto almacenable,Cartón / Producto en proceso (Cartón)
Cuello exterior caja para resortes,Producto almacenable,Producto almacenable,Cartón / Producto en proceso (Cartón)
Cuello interior caja para resortes,Producto almacenable,Producto almacenable,Cartón / Producto en proceso (Cartón)
Cushion Pl Cover LH Seat LH,Producto almacenable,Producto almacenable,Retornable / Producto Terminado (Retornable)
Customer OES - Cardboard Cell Divider for P1,Producto almacenable,Producto almacenable,Cartón / Producto Terminado (Cartón)
Customer OES - Cardboard Cell Divider for P2,Producto almacenable,Producto almacenable,Cartón / Producto Terminado (Cartón)
Customer OES - TOOLING for Cardboard Cell Divider for P1,Servicio,Servicio,Servicios
Customer OES - TOOLING for Cardboard Cell Divider for P2,Servicio,Servicio,Servicios
Customer South Africa - TOOLING for Insert,Servicio,Servicio,Servicios
Customer South Africa - XLINK Packaging Support,Producto almacenable,Producto almacenable,Cartón / Producto Terminado (Cartón)
Customer Spartanburg - TOOLING for Cardboard Cell Divider for P1,Servicio,Servicio,Servicios
Customer Spartanburg - TOOLING for Cardboard Cell Divider for P2,Servicio,Servicio,Servicios
D - 362388 REINFORCEMENT MCA MP552 PUERTAS,Producto almacenable,Producto almacenable,Retornable / Producto en proceso (Retornable)
D - 362390 /362391 DUNNAGE ARMREST FRT & RR,Producto almacenable,Producto almacenable,Retornable / Producto en proceso (Retornable)
D - 362718 UPPER REAR MP552 PUERTAS,Producto almacenable,Producto almacenable,Retornable / Producto en proceso (Retornable)
D - DUNNAGE 18X,Producto almacenable,Producto almacenable,Retornable / Producto en proceso (Retornable)
D - SERVICIO P1,Producto almacenable,Producto almacenable,Cartón / Producto en proceso (Cartón)
D - SERVICIO P2,Producto almacenable,Producto almacenable,Cartón / Producto en proceso (Cartón)
D - TAPA - DUNNAGE 18X,Producto almacenable,Producto almacenable,Retornable / Producto en proceso (Retornable)
D - TESLA NV26 KIT PARA DOOR PANEL,Producto almacenable,Producto almacenable,Cartón / Producto en proceso (Cartón)
D - WINDOW PLATE CX430,Producto almacenable,Producto almacenable,Retornable / Producto en proceso (Retornable)
D COROPLAST - WINDOW PLATE CX430,Producto almacenable,Producto almacenable,Retornable / Producto en proceso (Retornable)
D COROPLAST WINDOW PLATE U725,Producto almacenable,Producto almacenable,Retornable / Producto en proceso (Retornable)
D DUNNAGE 28X - CLUSTER BEZEL MP552,Producto almacenable,Producto almacenable,Retornable / Producto en proceso (Retornable)
D ESD - WINDOW PLATE CX430,Producto almacenable,Producto almacenable,Retornable / Producto en proceso (Retornable)
D ESD WINDOW PLATE U725,Producto almacenable,Producto almacenable,Retornable / Producto en proceso (Retornable)
D GLASS FRONT 500B,Producto almacenable,Producto almacenable,Retornable / Producto en proceso (Retornable)
D GLOVE BOX,Producto almacenable,Producto almacenable,Retornable / Producto en proceso (Retornable)
D WINDOW PLATE U725,Producto almacenable,Producto almacenable,Retornable / Producto en proceso (Retornable)
D WS DP DUNNAGE,Producto almacenable,Producto almacenable,Retornable / Producto en proceso (Retornable)
DA90. Inteva. Charola Armada.,Producto almacenable,Producto almacenable,Cartón / Producto Terminado (Cartón)
DA90. Inteva. Charola Troquelada.,Producto almacenable,Producto almacenable,Cartón / Producto en proceso (Cartón)
DA90. Inteva. Inserto Chico Troquelado.,Producto almacenable,Producto almacenable,Cartón / Producto en proceso (Cartón)
DA90. Inteva. Inserto Grande Troquelado.,Producto almacenable,Producto almacenable,Cartón / Producto en proceso (Cartón)
DECKLIND REAL LAMP ASSEMBLY CX727,Producto almacenable,Producto almacenable,Muestras / Producto Terminado (Muestras)
DENSO U554,Servicio,Servicio,Servicios
DESHEBRADOR PLASTICO - 480PCTC800-Y,Consumible,Consumible,Retornable
DETERGENTE EN POLVO ARCOIRIS DE 1 KG,Consumible,Consumible,Cartón / Consumibles (Cartón)
DETERGENTE LIQUIDO LAVALOZA 4LTS,Consumible,Consumible,Cartón / Consumibles (Cartón)
DEXTRINA,Consumible,Consumible,Cartón / Consumibles (Cartón)
DIBUJOS TÉCNICOS PARA CAJAS PSG,Servicio,Servicio,Servicios
DILUYENTE ESTANDAR SAYER GL,Consumible,Consumible,Retornable / Consumibles (Retornable)
DISCO CORTE 4 1/2  ACERO INOXIDABLE,Consumible,Consumible,Retornable
DISCO DE LIJA E080 G-36 152MM VELCRO TENAZIT,Consumible,Consumible,Retornable / Consumibles (Retornable)
"DISCO DEWALT 14"" 66T",Consumible,Consumible,Retornable / Consumibles (Retornable)
DISCO LAMINADO 4 1/2 TENAZIT,Consumible,Consumible,Retornable / Consumibles (Retornable)
"DISCO MAKITA 14"" X 1/8"" X 1""  B-30514",Consumible,Consumible,Retornable / Consumibles (Retornable)
DIVIDER ICP-P702,Producto almacenable,Producto almacenable,Cartón / Materia Prima (Cartón)
DIVIDER SBW-P702,Producto almacenable,Producto almacenable,Cartón / Materia Prima (Cartón)
DIVISOR,Producto almacenable,Producto almacenable,Cartón / Materia Prima (Cartón)
DIVISOR 729,Producto almacenable,Producto almacenable,Cartón / Producto Terminado (Cartón)
DIVISOR BACKFRAME,Producto almacenable,Producto almacenable,Cartón / Materia Prima (Cartón)
DIVISOR BASE,Producto almacenable,Producto almacenable,Retornable / Materia Prima (Retornable)
DIVISOR BRAZEWAY,Producto almacenable,Producto almacenable,Cartón / Materia Prima (Cartón)
DIVISOR CARTON 18X44,Producto almacenable,Producto almacenable,Cartón / Producto Terminado (Cartón)
"DIVISORES 45""X48""",Consumible,Consumible,Servicios
DJ Camera Retainer MIC,Servicio,Servicio,Servicios
DJ GRILLE #9 & #10,Producto almacenable,Producto almacenable,Retornable / Producto Terminado (Retornable)
DJ GRILLE TEXTURE LONG HORN,Producto almacenable,Producto almacenable,Retornable / Producto Terminado (Retornable)
DJ GRILLE TEXTURE POWER WAGON,Producto almacenable,Producto almacenable,Retornable / Producto Terminado (Retornable)
DJ GRILLE TEXTURES LARAMIE,Producto almacenable,Producto almacenable,Retornable / Producto Terminado (Retornable)
"DJ Grill, Caja Prototipo (Item 00040)",Producto almacenable,Producto almacenable,Retornable / Producto Terminado (Retornable)
DJ Grille Carrier,Servicio,Servicio,Servicios
DJ Grille Texture Laramie,Servicio,Servicio,Servicios
DJ Grille Texture Long Horn,Servicio,Servicio,Servicios
DJ Grille Texture Power Wagon,Servicio,Servicio,Servicios
DJ Grille Texture Tradesman,Producto almacenable,Producto almacenable,Retornable / Producto Terminado (Retornable)
DJ Grille Texture Tradesman,Servicio,Servicio,Servicios
DJ LARAMIE BILLET BARS CHROMED,Producto almacenable,Producto almacenable,Retornable / Producto Terminado (Retornable)
DJ LARAMIE BILLET BARS MIC,Producto almacenable,Producto almacenable,Retornable / Producto Terminado (Retornable)
DJ LARAMIE BILLET BARS PAINTED,Producto almacenable,Producto almacenable,Retornable / Producto Terminado (Retornable)
DJ LONG HORN BILLET BARS CHROMED,Producto almacenable,Producto almacenable,Retornable / Producto Terminado (Retornable)
DJ LONG HORN BILLET BARS MIC,Producto almacenable,Producto almacenable,Retornable / Producto Terminado (Retornable)
DJ LONG HORN BILLET BARS PAINTED,Producto almacenable,Producto almacenable,Retornable / Producto Terminado (Retornable)
"DJ LOWER CENTER & SIDE APPLIQUE, RACK SP",Producto almacenable,Producto almacenable,Retornable / Producto Terminado (Retornable)
DJ LOWER CENTER APPLIQUE CHROMED,Servicio,Servicio,Servicios
DJ LOWER CENTER APPLIQUE MIC,Servicio,Servicio,Servicios
DJ LOWER CENTER APPLIQUE PAINTED,Servicio,Servicio,Servicios
DJ LRR COVER MIC,Producto almacenable,Producto almacenable,Retornable / Producto Terminado (Retornable)
DJ LRR Cover MIC,Servicio,Servicio,Servicios
DJ Laramie Billet Bar 1,Servicio,Servicio,Servicios
DJ Laramie Billet Bar 2,Servicio,Servicio,Servicios
DJ Laramie Billet Bar 3,Servicio,Servicio,Servicios
DJ Laramie Billet Bar 4,Servicio,Servicio,Servicios
DJ Laramie Billet Bar 5,Servicio,Servicio,Servicios
DJ Laramie Billet Bars (Manejo Interno M,Servicio,Servicio,Servicios
DJ Laramie Billet Bars Chromed,Servicio,Servicio,Servicios
DJ Laramie Billet Bars MIC,Servicio,Servicio,Servicios
DJ Laramie Billet Bars Painted,Servicio,Servicio,Servicios
DJ Long Horn Billet Bars 1,Servicio,Servicio,Servicios
DJ Long Horn Billet Bars 2,Servicio,Servicio,Servicios
DJ Long Horn Billet Bars 3,Servicio,Servicio,Servicios
DJ Long Horn Billet Bars 4,Servicio,Servicio,Servicios
DJ Long Horn Billet Bars 5,Servicio,Servicio,Servicios
DJ Long Horn Billet Bars 6,Servicio,Servicio,Servicios
DJ Long Horn Billet Bars 7 LH,Servicio,Servicio,Servicios
DJ Long Horn Billet Bars 7 RH,Servicio,Servicio,Servicios
DJ Long Horn Billet Bars 8 LH,Servicio,Servicio,Servicios
DJ Long Horn Billet Bars 8 RH,Servicio,Servicio,Servicios
DJ Long Horn Billet Bars Chromed,Servicio,Servicio,Servicios
DJ Long Horn Billet Bars MIC,Servicio,Servicio,Servicios
DJ Long Horn Billet Bars MIC (Manejo Int,Servicio,Servicio,Servicios
DJ Long Horn Billet Bars Painted,Servicio,Servicio,Servicios
"DJ Lower Center & Side Applique, Caja Prototipo (Item 00050)",Producto almacenable,Producto almacenable,Retornable / Producto Terminado (Retornable)
DJ Lower Center Applique Chromed,Servicio,Servicio,Servicios
DJ Lower Center Applique MIC,Servicio,Servicio,Servicios
DJ Lower Center Applique Painted,Servicio,Servicio,Servicios
DJ Plinth,Servicio,Servicio,Servicios
DJ SIDE APPLIQUE LH CHROMED,Producto almacenable,Producto almacenable,Retornable / Producto Terminado (Retornable)
DJ SIDE APPLIQUE LH PAINTED,Producto almacenable,Producto almacenable,Retornable / Producto Terminado (Retornable)
DJ SIDE APPLIQUE RH CHROMED,Producto almacenable,Producto almacenable,Retornable / Producto Terminado (Retornable)
DJ SIDE APPLIQUE RH PAINTED,Producto almacenable,Producto almacenable,Retornable / Producto Terminado (Retornable)
DJ Side Applique LH Chromed,Servicio,Servicio,Servicios
DJ Side Applique LH MIC,Servicio,Servicio,Servicios
DJ Side Applique LH Painted,Servicio,Servicio,Servicios
DJ Side Applique RH Chromed,Servicio,Servicio,Servicios
DJ Side Applique RH MIC,Servicio,Servicio,Servicios
DJ Side Applique RH Painted,Servicio,Servicio,Servicios
"DJ Side Applique, Caja Prototipo (Item 00060)",Producto almacenable,Producto almacenable,Retornable / Producto Terminado (Retornable)
"DJ Side Applique, Producción Regular",Producto almacenable,Producto almacenable,Retornable / Producto Terminado (Retornable)
"DJ Side Applique, Rack SPD Prototipo par",Producto almacenable,Producto almacenable,Retornable / Producto Terminado (Retornable)
DJ U SURROUND LH CHROMED,Producto almacenable,Producto almacenable,Retornable / Producto Terminado (Retornable)
DJ U SURROUND LH MIC,Producto almacenable,Producto almacenable,Retornable / Producto Terminado (Retornable)
DJ U SURROUND LH PAINTED,Producto almacenable,Producto almacenable,Retornable / Producto Terminado (Retornable)
DJ U SURROUND RH CHROMED,Producto almacenable,Producto almacenable,Retornable / Producto Terminado (Retornable)
DJ U SURROUND RH MIC,Producto almacenable,Producto almacenable,Retornable / Producto Terminado (Retornable)
DJ U SURROUND RH PAINTED,Producto almacenable,Producto almacenable,Retornable / Producto Terminado (Retornable)
DJ U Surround LH Chromed,Servicio,Servicio,Servicios
DJ U Surround LH MIC,Servicio,Servicio,Servicios
DJ U Surround LH Painted,Servicio,Servicio,Servicios
DJ U Surround RH Chromed,Servicio,Servicio,Servicios
DJ U Surround RH MIC,Servicio,Servicio,Servicios
DJ U Surround RH Painted,Servicio,Servicio,Servicios
"DJ WIP Laramie Billet Bar 1, Quote F2412",Servicio,Servicio,Servicios
"DJ WIP Laramie Billet Bar 2, Quote F2412",Servicio,Servicio,Servicios
"DJ WIP Laramie Billet Bar 3, Quote F2412",Servicio,Servicio,Servicios
"DJ WIP Laramie Billet Bar 4, Quote F2412",Servicio,Servicio,Servicios
"DJ WIP Laramie Billet Bar 5, Quote F2412",Servicio,Servicio,Servicios
"DJ WIP Long Horn Billet Bar 1, Quote F24",Servicio,Servicio,Servicios
"DJ WIP Long Horn Billet Bar 10, Quote F2",Servicio,Servicio,Servicios
"DJ WIP Long Horn Billet Bar 2, Quote F24",Servicio,Servicio,Servicios
"DJ WIP Long Horn Billet Bar 3, Quote F24",Servicio,Servicio,Servicios
"DJ WIP Long Horn Billet Bar 4, Quote F24",Servicio,Servicio,Servicios
"DJ WIP Long Horn Billet Bar 5, Quote F24",Servicio,Servicio,Servicios
"DJ WIP Long Horn Billet Bar 6, Quote F24",Servicio,Servicio,Servicios
"DJ WIP Long Horn Billet Bar 7, Quote F24",Servicio,Servicio,Servicios
"DJ WIP Long Horn Billet Bar 8, Quote F24",Servicio,Servicio,Servicios
"DJ WIP Long Horn Billet Bar 9, Quote F24",Servicio,Servicio,Servicios
DJ694087,Producto almacenable,Producto almacenable,Cartón / Materia Prima (Cartón)
DK 36 ECT A 213MM x L 220MM,Producto almacenable,Producto almacenable,Cartón / Materia Prima (Cartón)
DMS CAMBIO. CAJA HSC.,Producto almacenable,Producto almacenable,Cartón / Producto Terminado (Cartón)
DMS CAMBIO. INSERT o CAMA DE AIRE,Producto almacenable,Producto almacenable,Cartón / Producto Terminado (Cartón)
DMS CAMBIO. TAPA AUTOENSAMBLE.,Producto almacenable,Producto almacenable,Cartón / Producto Terminado (Cartón)
DODGE RAM 4000 2016 VIN: 3C7WRAKT4GG361172 CLAVE VEHICULAR: 2010217. VEHICULO USADO EN LAS CONDICIONES QUE SE ENCUENTRE,Producto almacenable,Producto almacenable,Automoviles
DOLA,Consumible,Consumible,Todos
DOLLIE PARA RACK DE FG DE GM,Servicio,Servicio,Servicios
DOLLIES METALICOS,Producto almacenable,Producto almacenable,Retornable / Producto Terminado (Retornable)
DOOR PANEL FRONT,Producto almacenable,Producto almacenable,Cartón / Materia Prima (Cartón)
DOOR PANEL REAR,Producto almacenable,Producto almacenable,Cartón / Materia Prima (Cartón)
DRIVER BASE,Servicio,Servicio,Servicios
DRIVER CELDA,Servicio,Servicio,Servicios
DT B PILLAR,Producto almacenable,Producto almacenable,Cartón / Producto Comercialización (Cartón)
DUNNAGE - 362388 REINFORCEMENT MCA MP552 PUERTAS,Producto almacenable,Producto almacenable,Retornable / Producto Terminado (Retornable)
DUNNAGE - 362718 UPPER REAR MP552 PUERTAS,Producto almacenable,Producto almacenable,Retornable / Producto Terminado (Retornable)
DUNNAGE - Y0124593 DUNNAGE EN COROPLAST 4MM PARA ROPACK 45X48X25 DISEÑADO PARA CAPACIDAD DE 52 PIEZAS,Producto almacenable,Producto almacenable,Retornable / Producto Terminado (Retornable)
DUNNAGE 12X,Producto almacenable,Producto almacenable,Retornable / Producto Terminado (Retornable)
DUNNAGE 16X EVOLON WITH TOTE 22 X 24 X 9,Producto almacenable,Producto almacenable,Retornable / Kit (Retornable)
DUNNAGE 16X ON EVOLON 100,Producto almacenable,Producto almacenable,Retornable / Producto Terminado (Retornable)
DUNNAGE 18X,Producto almacenable,Producto almacenable,Retornable / Producto en proceso (Retornable)
DUNNAGE 28X - CLUSTER BEZEL MP552,Producto almacenable,Producto almacenable,Retornable / Producto en proceso (Retornable)
DUNNAGE 40X,Producto almacenable,Producto almacenable,Retornable / Producto en proceso (Retornable)
DUNNAGE 5X - EMC SHIELD FRAME 780B,Producto almacenable,Producto almacenable,Retornable / Producto en proceso (Retornable)
DUNNAGE 5X - HEAT SINK 780B,Producto almacenable,Producto almacenable,Retornable / Producto en proceso (Retornable)
DUNNAGE 5X - LOWERCASE 780B,Producto almacenable,Producto almacenable,Retornable / Producto en proceso (Retornable)
DUNNAGE 5X - WINDOWPLATE 780B,Producto almacenable,Producto almacenable,Retornable / Producto en proceso (Retornable)
DUNNAGE AMBULANCIA,Producto almacenable,Producto almacenable,Retornable / Producto Terminado (Retornable)
DUNNAGE APPLIQUE FRONTAL CELDA EVOLON,Producto almacenable,Producto almacenable,Retornable / Producto en proceso (Retornable)
DUNNAGE APPLIQUE FRONTAL CELDA PLASTICO,Producto almacenable,Producto almacenable,Retornable / Producto en proceso (Retornable)
DUNNAGE APPLIQUE FRONTAL CELDA PLASTICO + EVOLON,Producto almacenable,Producto almacenable,Retornable / Producto en proceso (Retornable)
DUNNAGE APPLIQUE FRONTAL CHAROLA EVOLON,Producto almacenable,Producto almacenable,Retornable / Producto en proceso (Retornable)
DUNNAGE APPLIQUE FRONTAL CHAROLA PLASTICO,Producto almacenable,Producto almacenable,Retornable / Producto en proceso (Retornable)
DUNNAGE APPLIQUE FRONTAL CHAROLA PLASTICO + EVOLON,Producto almacenable,Producto almacenable,Retornable / Producto en proceso (Retornable)
DUNNAGE APPLIQUE REAR ALMA A,Producto almacenable,Producto almacenable,Retornable / Producto en proceso (Retornable)
DUNNAGE APPLIQUE REAR ALMA B,Producto almacenable,Producto almacenable,Retornable / Producto en proceso (Retornable)
DUNNAGE APPLIQUE REAR EVOLON,Producto almacenable,Producto almacenable,Retornable / Producto en proceso (Retornable)
DUNNAGE ARM REST FRONT ARMADO,Producto almacenable,Producto almacenable,Retornable / Producto Terminado (Retornable)
DUNNAGE ARMADO APPLIQUE FRONTAL,Producto almacenable,Producto almacenable,Retornable / Producto en proceso (Retornable)
DUNNAGE ARMADO APPLIQUE REAR,Producto almacenable,Producto almacenable,Retornable / Producto en proceso (Retornable)
DUNNAGE ARMADO ARMREST RR & FRT,Producto almacenable,Producto almacenable,Retornable / Producto Terminado (Retornable)
DUNNAGE ARMADO BEZEL ENDCAP,Producto almacenable,Producto almacenable,Retornable / Producto en proceso (Retornable)
DUNNAGE ARMADO BEZEL INNER,Producto almacenable,Producto almacenable,Retornable / Producto en proceso (Retornable)
DUNNAGE ARMADO BEZEL OUTER,Producto almacenable,Producto almacenable,Retornable / Producto en proceso (Retornable)
DUNNAGE ARMADO BOLSTER DRIVER,Producto almacenable,Producto almacenable,Retornable / Producto en proceso (Retornable)
DUNNAGE ARMADO CLUSTER CAP,Producto almacenable,Producto almacenable,Retornable / Producto en proceso (Retornable)
DUNNAGE ARMADO CUBBY BIN,Producto almacenable,Producto almacenable,Retornable / Producto en proceso (Retornable)
DUNNAGE ARMADO E SHIFTER TOP FINISH PANEL,Producto almacenable,Producto almacenable,Retornable / Producto en proceso (Retornable)
DUNNAGE ARMADO ENDCAP,Producto almacenable,Producto almacenable,Retornable / Producto en proceso (Retornable)
DUNNAGE ARMADO GLOBVE BOX,Producto almacenable,Producto almacenable,Retornable / Producto en proceso (Retornable)
DUNNAGE ARMADO HOUSING OUTER,Producto almacenable,Producto almacenable,Retornable / Producto en proceso (Retornable)
DUNNAGE ARMADO PINTADO,Producto almacenable,Producto almacenable,Retornable / Producto en proceso (Retornable)
DUNNAGE ARMADO REFLECTOR INNER,Producto almacenable,Producto almacenable,Retornable / Producto en proceso (Retornable)
DUNNAGE ARMADO REFLECTOR OUTER,Producto almacenable,Producto almacenable,Retornable / Producto en proceso (Retornable)
DUNNAGE ARMADO RING,Producto almacenable,Producto almacenable,Retornable / Producto en proceso (Retornable)
DUNNAGE ARMADO SHIFTER BEZEL,Producto almacenable,Producto almacenable,Retornable / Producto en proceso (Retornable)
DUNNAGE ARMADO SHROUD LOWER,Producto almacenable,Producto almacenable,Retornable / Producto en proceso (Retornable)
DUNNAGE ARMADO SHROUD UPPER,Producto almacenable,Producto almacenable,Retornable / Producto en proceso (Retornable)
DUNNAGE ARMADO SHROV LOWER,Producto almacenable,Producto almacenable,Retornable / Producto en proceso (Retornable)
DUNNAGE ARMADO SHROV UPPER,Producto almacenable,Producto almacenable,Retornable / Producto en proceso (Retornable)
DUNNAGE ARMADO SPEAKER GRILLE,Producto almacenable,Producto almacenable,Retornable / Producto en proceso (Retornable)
DUNNAGE ARMADO SPEAKER GRILLE PUERTAS,Producto almacenable,Producto almacenable,Retornable / Producto Terminado (Retornable)
DUNNAGE ARMADO SUSTRATO DE TOP COVER IP,Producto almacenable,Producto almacenable,Retornable / Producto en proceso (Retornable)
DUNNAGE ARMADO UPPER REAR,Producto almacenable,Producto almacenable,Retornable / Producto Terminado (Retornable)
DUNNAGE ARMREST RR & FRT PZA A,Producto almacenable,Producto almacenable,Retornable / Producto en proceso (Retornable)
DUNNAGE ARMREST RR & FRT PZA B,Producto almacenable,Producto almacenable,Retornable / Producto en proceso (Retornable)
DUNNAGE ARMREST RR & FRT PZA C,Producto almacenable,Producto almacenable,Retornable / Producto en proceso (Retornable)
DUNNAGE ARMREST RR & FRT PZA D,Producto almacenable,Producto almacenable,Retornable / Producto en proceso (Retornable)
DUNNAGE BF3009 SIDE WALK 5 CAV,Producto almacenable,Producto almacenable,Retornable / Producto Terminado (Retornable)
DUNNAGE BOLSTER CON TAPAS,Producto almacenable,Producto almacenable,Retornable / Producto Terminado (Retornable)
DUNNAGE CAJA 1,Producto almacenable,Producto almacenable,Retornable / Producto Terminado (Retornable)
DUNNAGE CAJA 2,Producto almacenable,Producto almacenable,Retornable / Producto Terminado (Retornable)
DUNNAGE CAJA 3,Producto almacenable,Producto almacenable,Retornable / Producto Terminado (Retornable)
DUNNAGE CAJA 4,Producto almacenable,Producto almacenable,Retornable / Producto Terminado (Retornable)
DUNNAGE CLUSTER,Producto almacenable,Producto almacenable,Retornable / Producto en proceso (Retornable)
DUNNAGE CLUSTER U725,Producto almacenable,Producto almacenable,Retornable / Producto Terminado (Retornable)
DUNNAGE CONSOLA CON TAPAS ,Producto almacenable,Producto almacenable,Retornable / Producto Terminado (Retornable)
DUNNAGE DE 10 CAVIDADES CON PLASTICO CORRUGADO 4MM + TELA NO TEJIDA PARA CUBICAR EN TOTE 15X24X11,Servicio,Servicio,Servicios
DUNNAGE DE CORTILONA 2 COLORES CON 198 CAVIDADES 45*48*50 Y0392180,Producto almacenable,Producto almacenable,Retornable / Producto Terminado (Retornable)
DUNNAGE DE CORTILONA ANTIDUST 24 CAV MONTADO EN TOTE 24X15X11 _Dunnage de cortilona antidust 24 cavidades,Producto almacenable,Producto almacenable,Retornable / Producto Terminado (Retornable)
"DUNNAGE DE CORTILONA ANTISTAT CON 6 CAVIDADES Y PAD DE FOAM INFERIOR PARA AMORTIGUAR IMPACTOS, INCLUYE TOTE 2415-7",Producto almacenable,Producto almacenable,Retornable / Producto Terminado (Retornable)
"DUNNAGE DE CORTILONA ANTISTAT CON REFUERZOS DE COROPLAST Y PARTE MEDIA DE XLPE, Estándar pack de 24 cavidades",Producto almacenable,Producto almacenable,Retornable / Producto Terminado (Retornable)
DUNNAGE DE DUBETINA CON BASE FOAM ESTANDAR PACK DE 12 CAVIDADES,Servicio,Servicio,Servicios
"DUNNAGE DE PLASTICO CORRUGADO 4MM AZUL 10 CAVIDADES, CELDA CON FUNDA DE PLASTILONA ESD CAMBIO DE PRECIO",Producto almacenable,Producto almacenable,Retornable / Producto Terminado (Retornable)
DUNNAGE DE PLASTICO CORRUGADO CON TELA NO TEJIDA 12 CAVIDADES,Servicio,Servicio,Servicios
DUNNAGE DE PLASTICO CORRUGADO ESD 4 MM + TELA NO TEJIDA 6 CAVIDADES,Servicio,Servicio,Servicios
DUNNAGE EMS SHIELD,Producto almacenable,Producto almacenable,Retornable / Producto Terminado (Retornable)
DUNNAGE EN CORTILONA ANTISTAT GRIS + SUJETADORES A + TOTE 2415-7 Estándar Pack 48,Producto almacenable,Producto almacenable,Retornable / Producto Terminado (Retornable)
DUNNAGE EN PLASTICO CORRUGADO 4MM CON TELA NO TEJIDA 12 CAVIDADES,Servicio,Servicio,Servicios
DUNNAGE ENDCAP,Producto almacenable,Producto almacenable,Retornable / Producto Terminado (Retornable)
"DUNNAGE FC ARTMREST LATCH, DUNNAGE TEXTIL PARA TOTE 1215-05, TAPAS DE TRANSFLEX CON VELCRO",Producto almacenable,Producto almacenable,Retornable / Producto Terminado (Retornable)
DUNNAGE FENDER Z CON TAPAS,Producto almacenable,Producto almacenable,Retornable / Producto Terminado (Retornable)
DUNNAGE FINISHER ARMADO,Producto almacenable,Producto almacenable,Retornable / Producto Terminado (Retornable)
DUNNAGE FINISHER PZA A,Producto almacenable,Producto almacenable,Retornable / Producto en proceso (Retornable)
DUNNAGE FINISHER PZA B,Producto almacenable,Producto almacenable,Retornable / Producto en proceso (Retornable)
DUNNAGE FINISHER PZA C,Producto almacenable,Producto almacenable,Retornable / Producto en proceso (Retornable)
DUNNAGE FINISHER PZA D,Producto almacenable,Producto almacenable,Retornable / Producto en proceso (Retornable)
DUNNAGE FINISHER PZA E,Producto almacenable,Producto almacenable,Retornable / Producto en proceso (Retornable)
DUNNAGE FINISHER PZA F,Producto almacenable,Producto almacenable,Retornable / Producto en proceso (Retornable)
DUNNAGE FINISHER PZA G,Producto almacenable,Producto almacenable,Retornable / Producto en proceso (Retornable)
DUNNAGE FINISHER PZA H,Producto almacenable,Producto almacenable,Retornable / Producto en proceso (Retornable)
DUNNAGE FINISHER PZA I,Producto almacenable,Producto almacenable,Retornable / Producto en proceso (Retornable)
DUNNAGE FINISHER PZA J,Producto almacenable,Producto almacenable,Retornable / Producto en proceso (Retornable)
DUNNAGE FINISHER PZA K,Producto almacenable,Producto almacenable,Retornable / Producto en proceso (Retornable)
DUNNAGE FRAME,Producto almacenable,Producto almacenable,Retornable / Producto Terminado (Retornable)
DUNNAGE GLASS DZ1 DUNNAGE GLASS FRONT 6 CAVIDADES + LONA CRISTAL CON PLASTICO CORRUGADO EN TOTE 24X15X9,Servicio,Servicio,Servicios
DUNNAGE GLASS FRONT,Producto almacenable,Producto almacenable,Retornable / Producto Terminado (Retornable)
DUNNAGE GLASS FRONT CELDA,Producto almacenable,Producto almacenable,Retornable / Producto en proceso (Retornable)
DUNNAGE GLASS FRONT CHAROLA,Producto almacenable,Producto almacenable,Retornable / Producto en proceso (Retornable)
DUNNAGE GLASS FRONT LONA PIEZA A,Producto almacenable,Producto almacenable,Retornable / Producto en proceso (Retornable)
DUNNAGE GLASS FRONT LONA PIEZA B,Producto almacenable,Producto almacenable,Retornable / Producto en proceso (Retornable)
DUNNAGE HEAT SINK,Producto almacenable,Producto almacenable,Retornable / Producto Terminado (Retornable)
DUNNAGE HOUSING INNER ARMADA,Producto almacenable,Producto almacenable,Retornable / Producto en proceso (Retornable)
DUNNAGE KNEE BLOCKER,Producto almacenable,Producto almacenable,Retornable / Producto en proceso (Retornable)
DUNNAGE LENTE INNER,Producto almacenable,Producto almacenable,Retornable / Producto en proceso (Retornable)
DUNNAGE LENTE OUTER,Producto almacenable,Producto almacenable,Retornable / Producto en proceso (Retornable)
DUNNAGE LONA COATING CLSE A 70,Producto almacenable,Producto almacenable,Retornable / Producto Terminado (Retornable)
DUNNAGE LONG HORN 7,Producto almacenable,Producto almacenable,Retornable / Producto Terminado (Retornable)
DUNNAGE LONG HORN 8,Producto almacenable,Producto almacenable,Retornable / Producto Terminado (Retornable)
DUNNAGE LOWERCASE,Producto almacenable,Producto almacenable,Retornable / Producto Terminado (Retornable)
DUNNAGE PARA APPLIQUE FRONT 30X EN EVOLON CON ALMA DE COROPLAST + TAPAS DE PVC,Producto almacenable,Producto almacenable,Retornable / Producto Terminado (Retornable)
DUNNAGE PARA CONTENEDOR,Producto almacenable,Producto almacenable,Retornable / Producto Terminado (Retornable)
DUNNAGE PARA RACK LONA COATING,Servicio,Servicio,Servicios
DUNNAGE PARA WINDOW PLATE,Producto almacenable,Producto almacenable,Retornable / Producto Terminado (Retornable)
DUNNAGE REINFORCEMENT ARMADO,Producto almacenable,Producto almacenable,Retornable / Producto Terminado (Retornable)
DUNNAGE REINFORCEMENT PZA A,Producto almacenable,Producto almacenable,Retornable / Producto en proceso (Retornable)
DUNNAGE REINFORCEMENT PZA B,Producto almacenable,Producto almacenable,Retornable / Producto en proceso (Retornable)
DUNNAGE REINFORCEMENT PZA C,Producto almacenable,Producto almacenable,Retornable / Producto en proceso (Retornable)
DUNNAGE REINFORCEMENT PZA D,Producto almacenable,Producto almacenable,Retornable / Producto en proceso (Retornable)
DUNNAGE SHROV LOWER,Producto almacenable,Producto almacenable,Retornable / Producto Terminado (Retornable)
DUNNAGE SHROV UPPER,Producto almacenable,Producto almacenable,Retornable / Producto Terminado (Retornable)
"DUNNAGE SPEAKER GRILL 91 CAVIDADES CONTENEDOR 24"" X 15"" X 9.5"" + DUNNAGE PARA 91 PZAS EN TYVEK 2473L + TAPA TRANFLEX",Producto almacenable,Producto almacenable,Retornable / Producto Terminado (Retornable)
DUNNAGE SPEAKER GRILLE,Producto almacenable,Producto almacenable,Retornable / Producto Terminado (Retornable)
DUNNAGE SPEAKER GRILLE PUERTAS CELDA EVOLON,Producto almacenable,Producto almacenable,Retornable / Producto en proceso (Retornable)
DUNNAGE SPEAKER GRILLE PUERTAS CELDA PLASTICO,Producto almacenable,Producto almacenable,Retornable / Producto en proceso (Retornable)
DUNNAGE SPEAKER GRILLE PUERTAS CELDA PLASTICO + EVOLON,Producto almacenable,Producto almacenable,Retornable / Producto en proceso (Retornable)
DUNNAGE SPEAKER GRILLE PUERTAS CHAROLA + EVOLON,Producto almacenable,Producto almacenable,Retornable / Producto en proceso (Retornable)
DUNNAGE SPEAKER GRILLE PUERTAS CHAROLA EVOLON,Producto almacenable,Producto almacenable,Retornable / Producto en proceso (Retornable)
DUNNAGE SPEAKER GRILLE PUERTAS CHAROLA PLASTICO,Producto almacenable,Producto almacenable,Retornable / Producto en proceso (Retornable)
DUNNAGE SWITCH BEZEL ARMADO,Producto almacenable,Producto almacenable,Retornable / Producto Terminado (Retornable)
DUNNAGE TYVEK (BEZEL CEN TER) 540X330X165MM,Servicio,Servicio,Servicios
DUNNAGE TYVEK+PAD XLINK 540X330X165MM DUNNAGE PARA BEZEL DUNNAGE TYVECK + PAD DE XLINK PARA TAPA 6 LB STD: 7 PIEZAS,Servicio,Servicio,Servicios
DUNNAGE U554 WP DUNNAGE PLASTICO CORRUGADO 2MM + TELA NO TEJIDA 6 CAVIDADES,Servicio,Servicio,Servicios
DUNNAGE UPPER REAR PZA A,Producto almacenable,Producto almacenable,Retornable / Producto en proceso (Retornable)
DUNNAGE UPPER REAR PZA B,Producto almacenable,Producto almacenable,Retornable / Producto en proceso (Retornable)
DUNNAGE UPPER REAR PZA C,Producto almacenable,Producto almacenable,Retornable / Producto en proceso (Retornable)
DUNNAGE UPPER REAR PZA D,Producto almacenable,Producto almacenable,Retornable / Producto en proceso (Retornable)
DUNNAGE VALVULA MCV CELDADO CON 45 CAVIDADES,Producto almacenable,Producto almacenable,Retornable / Producto Terminado (Retornable)
DUNNAGE WINDOW PLATE COLOR BLANCO,Producto almacenable,Producto almacenable,Retornable / Producto Terminado (Retornable)
DUNNAGE Y01992556 - se considera desmontado de dunnage viejo + pintura de estructura + montado de dunnage nuevo,Producto almacenable,Producto almacenable,Retornable / Producto Terminado (Retornable)
DUNNAGE Y0264007 90 CAV BICOLOR,Producto almacenable,Producto almacenable,Retornable / Producto Terminado (Retornable)
DUNNAGES SASM 30X,Producto almacenable,Producto almacenable,Retornable / Producto Terminado (Retornable)
Descuento,Servicio,Servicio,Todos
Desechos de Papel,Servicio,Servicio,Servicios
Door Beltline MS FR - P2,Producto almacenable,Producto almacenable,Retornable / Producto en proceso (Retornable)
Door Beltlinine MS RR - P2,Producto almacenable,Producto almacenable,Retornable / Producto en proceso (Retornable)
Door Speaker mesh FR MS - P2,Producto almacenable,Producto almacenable,Retornable / Producto en proceso (Retornable)
Door Speaker mesh MS - P2,Producto almacenable,Producto almacenable,Retornable / Producto en proceso (Retornable)
Door armrest MS FR - P2,Producto almacenable,Producto almacenable,Retornable / Producto en proceso (Retornable)
Door armrest MS FR - P2 FIP,Producto almacenable,Producto almacenable,Retornable / Producto en proceso (Retornable)
Door armrest MS cogac RR - P2,Producto almacenable,Producto almacenable,Retornable / Producto en proceso (Retornable)
Door armrest MS cogac RR - P2 FIP,Producto almacenable,Producto almacenable,Retornable / Producto en proceso (Retornable)
Door map pocket MS - P2,Producto almacenable,Producto almacenable,Retornable / Producto en proceso (Retornable)
Door map pocket MS RR - P2,Producto almacenable,Producto almacenable,Retornable / Producto en proceso (Retornable)
Door map pocket bin MS RR - P2,Producto almacenable,Producto almacenable,Retornable / Producto en proceso (Retornable)
Dotacion de personal de viaje temporal,Servicio,Servicio,Servicios
Drawing of thermoformed trays,Servicio,Servicio,Servicios
Dunnage 780B,Producto almacenable,Producto almacenable,Retornable / Producto Terminado (Retornable)
Dunnage 780B & U554,Servicio,Servicio,Servicios
Dunnage 780B & U554,Servicio,Servicio,Servicios
Dunnage 780B & U554 - Charola,Producto almacenable,Producto almacenable,Muestras / Producto en proceso (Muestras)
Dunnage 780B & U554 - Particion,Producto almacenable,Producto almacenable,Muestras / Producto en proceso (Muestras)
Dunnage Arm rest FRT,Producto almacenable,Producto almacenable,Retornable / Producto Terminado (Retornable)
Dunnage Arm rest RR,Producto almacenable,Producto almacenable,Retornable / Producto Terminado (Retornable)
Dunnage Grab handle WRAPED - P2,Producto almacenable,Producto almacenable,Retornable / Producto en proceso (Retornable)
Dunnage Inner case 780B,Producto almacenable,Producto almacenable,Muestras / Producto Terminado (Muestras)
Dunnage Inner case 780B - part1,Producto almacenable,Producto almacenable,Muestras / Producto en proceso (Muestras)
Dunnage Inner case 780B - part2,Producto almacenable,Producto almacenable,Muestras / Producto en proceso (Muestras)
Dunnage Inner case 780B -charola,Producto almacenable,Producto almacenable,Muestras / Producto en proceso (Muestras)
Dunnage Switch bezel assembly,Producto almacenable,Producto almacenable,Retornable / Producto Terminado (Retornable)
Dunnage Top Shoulder - YF,Producto almacenable,Producto almacenable,Retornable / Producto en proceso (Retornable)
Dunnage armrest - YF G42,Producto almacenable,Producto almacenable,Retornable / Producto en proceso (Retornable)
Dunnage carrier FR MS - P2,Producto almacenable,Producto almacenable,Retornable / Producto en proceso (Retornable)
Dunnage carrier RR MS - P2,Producto almacenable,Producto almacenable,Retornable / Producto en proceso (Retornable)
Dunnage con textil especializado para ropak 45*48*25 Std pack de 60 cavidades,Producto almacenable,Producto almacenable,Retornable / Producto Terminado (Retornable)
"Dunnage de 120 cavidades, con lona especializada, tapas, etiqueta identificadora para montar en un ropak 45x45x42 - Y0264008",Producto almacenable,Producto almacenable,Retornable / Producto Terminado (Retornable)
"Dunnage de Headliner, con 84 cavidades, para tote 2415-07.",Producto almacenable,Producto almacenable,Retornable / Producto Terminado (Retornable)
"Dunnage de Softek Headliner Dubetina, para tote 2422-14+tapa transflex.",Producto almacenable,Producto almacenable,Retornable / Producto Terminado (Retornable)
Dunnage door map pocket bin MS FR - P2,Producto almacenable,Producto almacenable,Retornable / Producto en proceso (Retornable)
Dunnage door map pocket inner MS - interplants P2,Producto almacenable,Producto almacenable,Retornable / Producto en proceso (Retornable)
Dunnage for 484534_380D IP _ Y0888990_DUNNAGE EN CORTILONA ANTI DUST CON STANDARD PACK DE 64 CAVIDADES,Producto almacenable,Producto almacenable,Retornable / Producto Terminado (Retornable)
Dunnage for DT Hard Trim Suede WIP Packaging,Producto almacenable,Producto almacenable,Retornable / Producto Terminado (Retornable)
Dunnage grab handle WRAPED - P2  Interplants,Producto almacenable,Producto almacenable,Retornable / Producto en proceso (Retornable)
Dunnage outer case U554 HUD,Producto almacenable,Producto almacenable,Retornable / Producto en proceso (Retornable)
Dunnage para ROPACK 45x48x34 84 cavidades dobles (DUNNAGE CLOSE OUT),Producto almacenable,Producto almacenable,Retornable / Producto Terminado (Retornable)
Dunnage para Ropack 45x48x34 36 cavidades (MAP POCKET REAR),Producto almacenable,Producto almacenable,Retornable / Producto Terminado (Retornable)
Dunnage para ropak 484542 Y0392180 en lona 18 oz bi color to fit RH and LH on same dunnage 50/50,Producto almacenable,Producto almacenable,Retornable / Producto Terminado (Retornable)
Dunnage window plate 780B & U554,Producto almacenable,Producto almacenable,Retornable / Producto en proceso (Retornable)
E - 362390 /362391 DUNNAGE ARMREST FRT & RR,Producto almacenable,Producto almacenable,Retornable / Producto en proceso (Retornable)
E - DUNNAGE 18X,Producto almacenable,Producto almacenable,Retornable / Producto en proceso (Retornable)
E - SERVICIO P1,Producto almacenable,Producto almacenable,Cartón / Producto en proceso (Cartón)
E COROPLAST - WINDOW PLATE CX430,Producto almacenable,Producto almacenable,Retornable / Producto en proceso (Retornable)
E COROPLAST WINDOW PLATE U725,Producto almacenable,Producto almacenable,Retornable / Producto en proceso (Retornable)
E DUNNAGE 28X - CLUSTER BEZEL MP552,Producto almacenable,Producto almacenable,Retornable / Producto en proceso (Retornable)
E GLASS FRONT 500B,Producto almacenable,Producto almacenable,Retornable / Producto en proceso (Retornable)
E GLOVE BOX,Producto almacenable,Producto almacenable,Retornable / Producto en proceso (Retornable)
E WS DP DUNNAGE,Producto almacenable,Producto almacenable,Retornable / Producto en proceso (Retornable)
E20530. Tesla Everest IP. Glove Box. Celdado.,Producto almacenable,Producto almacenable,Cartón / Producto Terminado (Cartón)
ECONO-PRIMER PRIMARIO ALQUIDALICO BLANCO,Producto almacenable,Producto almacenable,Retornable / Materia Prima (Retornable)
ELASTICO PLANO 2MM NEGRO,Producto almacenable,Producto almacenable,Retornable / Materia Prima (Retornable)
ELECTR,Consumible,Consumible,Todos
ELÁSTICO CUBREBOCAS,Producto almacenable,Producto almacenable,Retornable / Producto en proceso (Retornable)
EMPAQUE ALTERNO BMW,Producto almacenable,Producto almacenable,Cartón / Producto Terminado (Cartón)
EMPAQUE ALTERNO DE INSERTO DE FORD,Producto almacenable,Producto almacenable,Cartón / Producto Terminado (Cartón)
EMPAQUE CARTON APLIQUE CHRISLER,Producto almacenable,Producto almacenable,Cartón / Producto Terminado (Cartón)
EMPAQUE KIT NISSAN B02A ETLOT,Producto almacenable,Producto almacenable,Cartón / Kit (Cartón)
EMPAQUE KMKX BASE COVER,Servicio,Servicio,Servicios
EMPAQUE KMKX BOTTOM COVER,Servicio,Servicio,Servicios
EMPAQUE KMKX HOUSING,Servicio,Servicio,Servicios
EMPAQUE KMKX SKULL CAP,Servicio,Servicio,Servicios
EMPAQUE KMKX TRAP DOOR,Servicio,Servicio,Servicios
EMPAQUE OIL PUMP-CELDA-A,Producto almacenable,Producto almacenable,Cartón / Producto en proceso (Cartón)
EMPAQUE OIL PUMP-CELDA-B,Producto almacenable,Producto almacenable,Cartón / Producto en proceso (Cartón)
EMPAQUE PARA COVER CASE P702,Producto almacenable,Producto almacenable,Retornable / Producto Terminado (Retornable)
EMPAQUE PINTADO,Producto almacenable,Producto almacenable,Retornable / Producto Terminado (Retornable)
EMPAQUE TIPO CELDADO CON INSERTOS DE 6 CAVIDADES,Producto almacenable,Producto almacenable,Cartón / Producto Terminado (Cartón)
EMPAQUE TOYOTA JAPAN,Producto almacenable,Producto almacenable,Cartón / Kit (Cartón)
EMPLAYE,Consumible,Consumible,Cartón / Consumibles (Cartón)
EN-114 Crow Victoria / Varroc,Producto almacenable,Producto almacenable,Cartón / Producto Terminado (Cartón)
"ENCENDEDOR PARA COCINA, 27 CM, PRETUL 1 (TR25130)",Consumible,Consumible,Retornable / Consumibles (Retornable)
ENDCAPS SOLIDO,Producto almacenable,Producto almacenable,Retornable / Materia Prima (Retornable)
ENGINEERING AND DESIGN SEWN DECOR CARRIE,Servicio,Servicio,Servicios
ENGINEERING AND DESIGN TOP SHOULDER SUNB,Servicio,Servicio,Servicios
ENS CUELLO GLOVE BOX Y0981384,Producto almacenable,Producto almacenable,Cartón / Producto en proceso (Cartón)
ENSAMBLAJE PAD,Producto almacenable,Producto almacenable,Cartón / Producto en proceso (Cartón)
ENSAMBLE RIEL A - MP552 DECO ASSY PASSENGER,Producto almacenable,Producto almacenable,Retornable / Producto en proceso (Retornable)
ENSAMBLE RIEL ALTO A - MP552 DECO ASSY PASSENGER,Producto almacenable,Producto almacenable,Retornable / Producto en proceso (Retornable)
ENSAMBLE RIEL ALTO B - MP552 DECO ASSY PASSENGER,Producto almacenable,Producto almacenable,Retornable / Producto en proceso (Retornable)
ENSAMBLE RIEL B - MP552 DECO ASSY PASSENGER,Producto almacenable,Producto almacenable,Retornable / Producto en proceso (Retornable)
EPP RISER,Servicio,Servicio,Servicios
EQUIPO DE COMPUTO,Consumible,Consumible,Servicios
EQUIPO DE MANTENIMIENTO,Servicio,Servicio,Todos
EQUIPO DE SEGURIDAD,Servicio,Servicio,Todos
EQUIPO DE TRANSPORTE,Servicio,Servicio,Servicios
ESCOBA PEÑOLERA DE ESPIGA,Consumible,Consumible,Cartón / Consumibles (Cartón)
ESD - SERVICIO,Producto almacenable,Producto almacenable,Cartón / Producto en proceso (Cartón)
ESM. ROCKET BLANCO BRILLANTE GL,Consumible,Consumible,Retornable / Consumibles (Retornable)
ESMALTE 1005 AZUL OBSCURO,Producto almacenable,Producto almacenable,Retornable
ESMALTE AMARILLO CANARIO  DOAL,Consumible,Consumible,Retornable / Consumibles (Retornable)
ESMALTE BLANCO MATE DOAL,Consumible,Consumible,Retornable / Consumibles (Retornable)
ESMALTE COMEX 100 TOTAL GALON,Consumible,Consumible,Retornable / Consumibles (Retornable)
ESMALTE FLASH COAT AZUL INTENSO,Consumible,Consumible,Retornable / Consumibles (Retornable)
ESMALTE FLASH COAT BLANCO,Consumible,Consumible,Retornable / Consumibles (Retornable)
ESMALTE FLASH COAT CELESTE,Consumible,Consumible,Retornable / Consumibles (Retornable)
ESMALTE FLASH COAT COLUMBUS,Consumible,Consumible,Retornable / Consumibles (Retornable)
ESMALTE FLASH COAT MORADO,Consumible,Consumible,Retornable / Consumibles (Retornable)
ESMALTE FLASH COAT NARANJA,Consumible,Consumible,Retornable / Consumibles (Retornable)
ESMALTE FLASH COAT NEGRO,Consumible,Consumible,Retornable / Consumibles (Retornable)
ESMALTE FLASH COAT ROSA MEXICANO,Consumible,Consumible,Retornable / Consumibles (Retornable)
ESMALTE FLASH COAT VERDE,Consumible,Consumible,Retornable / Consumibles (Retornable)
"ESPACIADOR CUADRADO 50X50x9mm,EVA 45Shor",Producto almacenable,Producto almacenable,Retornable / Producto Comercialización (Retornable)
ESQUINERO  Jones plastic y CC91   3X3X76 CAL 225,Producto almacenable,Producto almacenable,Cartón / Materia Prima (Cartón)
ESQUINERO .87 745,Producto almacenable,Producto almacenable,Cartón / Producto en proceso (Cartón)
ESQUINERO 127CM - STAB. 3,Producto almacenable,Producto almacenable,Cartón / Producto Comercialización (Cartón)
"ESQUINERO 2"" X 2"" X 200CMS CAL. 200",Producto almacenable,Producto almacenable,Cartón / Materia Prima (Procesada)
"ESQUINERO 2"" X 2"" X 95CMS CAL. 220",Producto almacenable,Producto almacenable,Cartón / Materia Prima (Cartón)
"ESQUINERO 2.75"" X 2.75"" X 101 CAL 180",Producto almacenable,Producto almacenable,Cartón / Materia Prima (Cartón)
"ESQUINERO 2.75"" x 2.75"" x 26"" CAL. 225",Producto almacenable,Producto almacenable,Cartón / Materia Prima (Cartón)
"ESQUINERO 2.75"" x 2.75"" x 36"" CAL.225",Producto almacenable,Producto almacenable,Cartón / Materia Prima (Cartón)
ESQUINERO 2X2 PRUEBA,Producto almacenable,Producto almacenable,Cartón / Producto en proceso (Cartón)
ESQUINERO 2X2X130 CAL 200,Producto almacenable,Producto almacenable,Cartón / Materia Prima (Cartón)
"ESQUINERO 3"" X 3"" X 100CM CAL 180",Producto almacenable,Producto almacenable,Cartón / Materia Prima (Cartón)
"ESQUINERO 3"" X 3"" X 109CMS CAL. 180",Producto almacenable,Producto almacenable,Cartón / Materia Prima (Cartón)
"ESQUINERO 3"" X 3"" X 90CM",Producto almacenable,Producto almacenable,Cartón / Materia Prima (Cartón)
ESQUINERO 30AA BACK UP,Consumible,Consumible,Cartón / Consumibles (Cartón)
"ESQUINERO 3X3X34.5"" CAL 200",Producto almacenable,Producto almacenable,Cartón / Materia Prima (Cartón)
ESQUINERO 40”,Producto almacenable,Producto almacenable,Cartón / Materia Prima (Cartón)
"ESQUINERO 45"" ALTERNO",Producto almacenable,Producto almacenable,Cartón / Producto Comercialización (Cartón)
"ESQUINERO 57""",Servicio,Servicio,Servicios
ESQUINERO 745 (1),Producto almacenable,Producto almacenable,Cartón / Materia Prima (Cartón)
ESQUINERO 745 (2),Producto almacenable,Producto almacenable,Cartón / Materia Prima (Cartón)
ESQUINERO 745 y  2320272,Producto almacenable,Producto almacenable,Cartón / Producto Terminado (Cartón)
ESQUINERO 746 & 747,Producto almacenable,Producto almacenable,Cartón / Materia Prima (Cartón)
ESQUINERO 91CM - STAB. 3,Producto almacenable,Producto almacenable,Cartón / Producto Comercialización (Cartón)
ESQUINERO 96CM -,Producto almacenable,Producto almacenable,Cartón / Producto Comercialización (Cartón)
ESQUINERO AQ450 CONTENEDOR CARTON,Producto almacenable,Producto almacenable,Cartón / Producto Terminado (Cartón)
ESQUINERO ARRAY,Producto almacenable,Producto almacenable,Cartón / Materia Prima (Cartón)
ESQUINERO ATI,Producto almacenable,Producto almacenable,Cartón / Producto en proceso (Cartón)
ESQUINERO BACK UP T90,Producto almacenable,Producto almacenable,Cartón / Producto Terminado (Cartón)
ESQUINERO BACK UP T90 venta individual,Producto almacenable,Producto almacenable,Cartón / Producto Terminado (Cartón)
"ESQUINERO BACKFRAME 2.75"" X 2.75 X 23.75"" CAL 225",Producto almacenable,Producto almacenable,Cartón / Materia Prima (Cartón)
"ESQUINERO CAL200 358MM LARGO 2 3/4""",Producto almacenable,Producto almacenable,Cartón / Producto Comercialización (Cartón)
ESQUINERO CC91,Producto almacenable,Producto almacenable,Cartón / Producto Terminado (Cartón)
ESQUINERO DE CARTON 3 X3 X34.5 CAL .225,Producto almacenable,Producto almacenable,Cartón / Producto Terminado (Cartón)
ESQUINERO DS 3X3X76,Producto almacenable,Producto almacenable,Cartón / Producto Terminado (Cartón)
ESQUINERO HSC HOUSING DS09 LH/RH,Producto almacenable,Producto almacenable,Cartón / Producto Terminado (Cartón)
ESQUINERO IZQ Y DER ( Unidad en PARES).,Producto almacenable,Producto almacenable,Retornable / Materia Prima (Retornable)
ESQUINERO KIT RESERVOIR,Producto almacenable,Producto almacenable,Cartón / Producto Terminado (Cartón)
ESQUINERO KIT RETEINER,Producto almacenable,Producto almacenable,Cartón / Producto Terminado (Cartón)
ESQUINERO KRAFT 3” x 3” x 84CM CAL.300,Producto almacenable,Producto almacenable,Cartón / Materia Prima (Cartón)
ESQUINERO KRAFT CC91,Producto almacenable,Producto almacenable,Cartón / Materia Prima (Cartón)
ESQUINERO KRAFT P8,Producto almacenable,Producto almacenable,Cartón / Materia Prima (Cartón)
ESQUINERO NEXTRACKER,Producto almacenable,Producto almacenable,Cartón / Materia Prima (Cartón)
ESQUINERO NEXTRACKER,Producto almacenable,Producto almacenable,Cartón / Materia Prima (Cartón)
ESQUINERO PARA 746,Producto almacenable,Producto almacenable,Cartón / Producto Terminado (Cartón)
ESQUINERO PARA JC 49,Producto almacenable,Producto almacenable,Cartón / Producto Terminado (Cartón)
"ESQUINERO TRIPLAY 23 3/4""",Producto almacenable,Producto almacenable,Cartón / Materia Prima (Cartón)
ESQUINEROS DE CARTON (09DS MAGNA),Producto almacenable,Producto almacenable,Cartón / Producto Terminado (Cartón)
ESQUINEROS JC49,Producto almacenable,Producto almacenable,Cartón / Producto Terminado (Cartón)
ESTIRENO 60,Producto almacenable,Producto almacenable,Cartón / Materia Prima (Cartón)
ESTRUCTURA BODY ARMADA,Producto almacenable,Producto almacenable,Retornable / Producto en proceso (Retornable)
ESTRUCTURA METALICA - BOLSTER PASSENGER,Producto almacenable,Producto almacenable,Retornable / Producto Terminado (Retornable)
ESTRUCTURA PARA BOLSAS PARA L232 Outer Panel WIP Rack LH,Producto almacenable,Producto almacenable,Retornable / Producto en proceso (Retornable)
ETIQUETA 500B CCP,Consumible,Consumible,Retornable / Consumibles (Retornable)
ETIQUETA 500B IC WINDOW PLATE,Consumible,Consumible,Retornable / Consumibles (Retornable)
ETIQUETA A PILLAR VERDE IMPRESA UV EN LEXAN DE 3” X 3”,Consumible,Consumible,Retornable / Consumibles (Retornable)
ETIQUETA A PILLAR VERDE IMPRESA UV EN LEXAN DE 6” X 3”,Consumible,Consumible,Retornable / Consumibles (Retornable)
ETIQUETA CUP HOLDER,Consumible,Consumible,Retornable / Consumibles (Retornable)
ETIQUETA CX430 WINDOW PLATE S2.5,Consumible,Consumible,Retornable / Consumibles (Retornable)
ETIQUETA ESD VARROC,Consumible,Consumible,Cartón / Consumibles (Cartón)
ETIQUETA ESTIRENO 100MM X 100MM CAL.20,Producto almacenable,Producto almacenable,Cartón / Materia Prima (Cartón)
ETIQUETA ESTIRENO 114.3MM X 165.1MM CAL.20 AZUL,Producto almacenable,Producto almacenable,Retornable / Materia Prima (Retornable)
ETIQUETA ESTIRENO 171MM X 114MM CAL.20,Producto almacenable,Producto almacenable,Cartón / Materia Prima (Cartón)
ETIQUETA ESTIRENO 65MM X 215MM CAL 20,Producto almacenable,Producto almacenable,Cartón / Materia Prima (Cartón)
ETIQUETA ESTIRENO 76.2MM X 165.1MM CAL.20,Producto almacenable,Producto almacenable,Retornable / Materia Prima (Retornable)
ETIQUETA GLASS FRONT 500B,Consumible,Consumible,Retornable / Consumibles (Retornable)
ETIQUETA GLASS FRONT 780B IC,Consumible,Consumible,Retornable / Consumibles (Retornable)
ETIQUETA IP UPPER LHD,Consumible,Consumible,Retornable / Consumibles (Retornable)
"ETIQUETA KENNEDY 6 1/2"" X 4 1/2"" BLANCA",Consumible,Consumible,Retornable / Consumibles (Retornable)
ETIQUETA NUMEROS - WINDOW PLATE,Consumible,Consumible,Retornable
ETIQUETA PANEL LOWER LHD,Consumible,Consumible,Retornable / Consumibles (Retornable)
ETIQUETA PLASTIFICADA 150mm X 100mm,Consumible,Consumible,Retornable / Consumibles (Retornable)
ETIQUETA PRISM IC 500B,Consumible,Consumible,Retornable / Consumibles (Retornable)
ETIQUETA PULL HANDLE,Consumible,Consumible,Retornable / Consumibles (Retornable)
ETIQUETA SIDE WALL VERDE IMPRESA UV EN LEXAN DE 3” X 3”,Consumible,Consumible,Retornable / Consumibles (Retornable)
ETIQUETA SIDE WALL VERDE IMPRESA UV EN LEXAN DE 6” X 3”,Consumible,Consumible,Retornable / Consumibles (Retornable)
ETIQUETA SWITCH CTR BASE,Consumible,Consumible,Retornable / Consumibles (Retornable)
"ETIQUETA U725 IC WINDOW PLATE 3.52 X 1.375""",Consumible,Consumible,Retornable / Consumibles (Retornable)
"ETIQUETA VERDE LIMA 3""X3"" EN ESTIRENO CAL.40 1-2 TINTAS",Producto almacenable,Producto almacenable,Todos
"ETIQUETA VERDE LIMA 3""X3"" EN ESTIRENO CAL.40 1-2 TINTAS",Consumible,Consumible,Retornable / Consumibles (Retornable)
"ETIQUETA VERDE LIMA 6""X3"" EN ESTIRENO CAL.40 1-2 TINTAS",Producto almacenable,Producto almacenable,Todos
"ETIQUETA VERDE LIMA 6""X3"" EN ESTIRENO CAL.40 1-2 TINTAS",Consumible,Consumible,Retornable / Consumibles (Retornable)
ETIQUETA VINIL ADHESIVO 2 X 2CMS / # CONSECUTIVO,Consumible,Consumible,Retornable / Consumibles (Retornable)
ETIQUETA VINIL ADHESIVO 2 X 6CMS,Consumible,Consumible,Retornable
ETIQUETA VINIL ADHESIVO 3 X 2CMS / # CONSECUTIVO,Consumible,Consumible,Retornable / Consumibles (Retornable)
ETIQUETA WAREHOUSE 3-9,Consumible,Consumible,Retornable / Consumibles (Retornable)
ETIQUETA WINDOW PLATE CX430,Consumible,Consumible,Retornable / Consumibles (Retornable)
ETIQUETA WL CCP FRONT,Consumible,Consumible,Retornable / Consumibles (Retornable)
ETIQUETA WL CCP REAR,Consumible,Consumible,Retornable / Consumibles (Retornable)
ETIQUETA WS CENTRAL,Consumible,Consumible,Retornable / Consumibles (Retornable)
ETIQUETA WS DRIVER,Consumible,Consumible,Retornable / Consumibles (Retornable)
ETIQUETA WS PASSENGER,Consumible,Consumible,Retornable / Consumibles (Retornable)
ETIQUETAS COSTURA FORM,Consumible,Consumible,Retornable / Consumibles (Retornable)
ETIQUETAS DE 6 X 2 CMS - WINDOW PLATE HIGH,Consumible,Consumible,Retornable
ETIQUETAS DE 6 X 2 CMS - WINDOW PLATE MID_LOW,Consumible,Consumible,Retornable
ETIQUETAS TOTES,Consumible,Consumible,Cartón / Consumibles (Cartón)
EVOLON 240G,Producto almacenable,Producto almacenable,Retornable / Materia Prima (Retornable)
EVOLON BLUE 100GR,Producto almacenable,Producto almacenable,Retornable / Materia Prima (Retornable)
"EVOLON GRAY 100 GREY  22.5"" ( 1094LY * ROLLO )",Producto almacenable,Producto almacenable,Retornable / Materia Prima (Retornable)
"EVOLON GRAY 100 GREY  37"" ( 1094LY * ROLLO )",Producto almacenable,Producto almacenable,Retornable / Materia Prima (Retornable)
EVOLON GRAY 100 GREY 1524MM/1000M,Producto almacenable,Producto almacenable,Retornable / Materia Prima (Retornable)
EVOLON GRAY 100 GREY 1830MM/1500M,Producto almacenable,Producto almacenable,Retornable / Materia Prima (Retornable)
EVOLON GRAY 100 GREY 673.1MM/1000M,Producto almacenable,Producto almacenable,Retornable / Materia Prima (Retornable)
EVOLON GRAY 100 GREY 981MM/1000M,Producto almacenable,Producto almacenable,Retornable / Materia Prima (Retornable)
EVOLON GRAY 100GR,Producto almacenable,Producto almacenable,Retornable / Materia Prima (Retornable)
EVOLON GRAY 80 GREY   ( 1094LY * ROLLO ),Producto almacenable,Producto almacenable,Cartón / Materia Prima (Cartón)
EVOLON GRAY 80GR,Producto almacenable,Producto almacenable,Retornable / Materia Prima (Retornable)
EXPEDITED FREIGHT,Servicio,Servicio,Servicios
Elástico poliester número 10 crudo,Consumible,Consumible,Retornable / Consumibles (Retornable)
Empaque,Servicio,Servicio,Servicios
Empaque p702 - HUD 554. WINDOW PLATE.,Producto almacenable,Producto almacenable,Retornable / Producto Terminado (Retornable)
Entrega gratuita,Servicio,Servicio,Todos / Deliveries
Envio,Servicio,Servicio,Servicios
"Esquinero Array 40""",Producto almacenable,Producto almacenable,Cartón / Producto Terminado (Cartón)
Esquinero Kraft 2.75” x 2.75” x 7.5cm Cal .200,Producto almacenable,Producto almacenable,Cartón / Materia Prima (Cartón)
Esquinero Kraft de 2.75” x 2.75” x 84cm Cal .225,Producto almacenable,Producto almacenable,Cartón / Materia Prima (Cartón)
Estructura Metálica con 16 inchos,Producto almacenable,Producto almacenable,Retornable / Producto Terminado (Retornable)
"Estructura completa para kit Everest con Tarima, postes y tapa de madera Requisition #: 92815",Servicio,Servicio,Servicios
Etiqueta,Consumible,Consumible,Retornable / Consumibles (Retornable)
Etiqueta  Impresion en vinil Con tinta UV con acabado mate de 7 x 3 cms. HUD 2,Consumible,Consumible,Retornable / Consumibles (Retornable)
Etiqueta  Impresion en vinil Con tinta UV con acabado mate de 7 x 3 cms. HUD 3,Consumible,Consumible,Retornable / Consumibles (Retornable)
Etiqueta  Impresion en vinil Con tinta UV con acabado mate de 7 x 3 cms. P703 CASE,Consumible,Consumible,Retornable / Consumibles (Retornable)
Etiqueta  Impresion en vinil Con tinta UV con acabado mate de 7 x 3 cms. P703 LOWER CASE,Consumible,Consumible,Retornable / Consumibles (Retornable)
Etiqueta Estireno cal .20 10cm x 30cm hella,Consumible,Consumible,Retornable / Consumibles (Retornable)
Etiqueta Estireno cal .20 10cm x 80cm hella,Consumible,Consumible,Retornable / Consumibles (Retornable)
Etiqueta Impresion en vinil Con tinta UV con acabado mate de 7 x 3 cms.143D CASE,Consumible,Consumible,Retornable / Consumibles (Retornable)
Etiqueta Impresion en vinil Con tinta UV con acabado mate de 7 x 3 cms.143D LOWER CASE,Consumible,Consumible,Retornable / Consumibles (Retornable)
Etiqueta Impresion en vinil Con tinta UV con acabado mate de 7 x 3 cms.CX430 DECORATE,Consumible,Consumible,Retornable / Consumibles (Retornable)
Etiqueta Impresion en vinil Con tinta UV con acabado mate de 7 x 3 cms.CX430 RING,Consumible,Consumible,Retornable / Consumibles (Retornable)
Etiqueta Impresion en vinil Con tinta UV con acabado mate de 7 x 3 cms.CX430 SHIELD,Consumible,Consumible,Retornable / Consumibles (Retornable)
Etiqueta Impresion en vinil Con tinta UV con acabado mate de 7 x 3 cms.P703 BRACKETS & FLAT WIRE,Consumible,Consumible,Retornable / Consumibles (Retornable)
Etiqueta Impresion en vinil Con tinta UV con acabado mate de 7 x 3 cms.P703 TFT),Consumible,Consumible,Retornable / Consumibles (Retornable)
Etiqueta Ropack Material Estireno Cal.20 Medida 171mm X 114mm,Producto almacenable,Producto almacenable,Retornable / Consumibles (Retornable)
"Etiqueta de vinil con tinta UV, acabado",Servicio,Servicio,Servicios
Etiqueta tipo kenedy leabel,Servicio,Servicio,Servicios
Everest. A. Inserto.,Producto almacenable,Producto almacenable,Cartón / Producto en proceso (Cartón)
Everest. B. Inserto. Carton Doble ECT 48,Producto almacenable,Producto almacenable,Cartón / Producto en proceso (Cartón)
Everest. C. Inserto. Carton Doble ECT 48,Producto almacenable,Producto almacenable,Cartón / Producto en proceso (Cartón)
Everest. Caja.,Producto almacenable,Producto almacenable,Cartón / Producto en proceso (Cartón)
Everest. D. Inserto. Carton Doble ECT 48,Producto almacenable,Producto almacenable,Cartón / Producto en proceso (Cartón)
Everest. ENS FOAM. Tapa.,Producto almacenable,Producto almacenable,Cartón / Producto en proceso (Cartón)
Everest. Emp. Desechable. Caja Imp. Pieza.,Producto almacenable,Producto almacenable,Cartón / Producto Terminado (Cartón)
Everest. Emp. Desechable. Caja. CORTE.,Producto almacenable,Producto almacenable,Cartón / Producto en proceso (Cartón)
Everest. Emp. Desechable. Tapa. Pieza.,Producto almacenable,Producto almacenable,Cartón / Producto en proceso (Cartón)
Everest. Ensamble Insertos + Caja + Foam + Estaticos.,Producto almacenable,Producto almacenable,Cartón / Producto en proceso (Cartón)
Everest. Pad. Carton Doble 36,Producto almacenable,Producto almacenable,Cartón / Producto en proceso (Cartón)
Everest. Tapa.,Producto almacenable,Producto almacenable,Cartón / Producto en proceso (Cartón)
Evolon 80gr grey 1094ly por rollo,Producto almacenable,Producto almacenable,Retornable / Materia Prima (Retornable)
"Evolon ESD Guard 13oz/yd Grey / 85"" /100 LY/6-8 wks",Producto almacenable,Producto almacenable,Retornable / Materia Prima (Retornable)
"Evolon Standard GRAY 100 GREY , 36.5""",Producto almacenable,Producto almacenable,Retornable / Materia Prima (Retornable)
Excedente Billet Bars Charolas de Billet,Servicio,Servicio,Servicios
F - 362390 /362391 DUNNAGE ARMREST FRT & RR,Producto almacenable,Producto almacenable,Retornable / Producto en proceso (Retornable)
F COROPLAST - WINDOW PLATE CX430,Producto almacenable,Producto almacenable,Retornable / Producto en proceso (Retornable)
F COROPLAST WINDOW PLATE U725,Producto almacenable,Producto almacenable,Retornable / Producto en proceso (Retornable)
F ESD - WINDOW PLATE CX430,Producto almacenable,Producto almacenable,Retornable / Producto en proceso (Retornable)
F ESD WINDOW PLATE U725,Producto almacenable,Producto almacenable,Retornable / Producto en proceso (Retornable)
F GLASS FRONT 500B,Producto almacenable,Producto almacenable,Retornable / Producto en proceso (Retornable)
F WS DP DUNNAGE,Producto almacenable,Producto almacenable,Retornable / Producto en proceso (Retornable)
F10001 DUNNAGE 110 CAVITIES,Servicio,Servicio,Servicios
F10001 DUNNAGE 110 CAVITIES.,Producto almacenable,Producto almacenable,Retornable / Producto Terminado (Retornable)
F10001 ROPACKS,Servicio,Servicio,Servicios
F10001 ROPACKS.,Producto almacenable,Producto almacenable,Retornable / Producto Terminado (Retornable)
F13010 CAJAS PARA EMPAQUE U625,Producto almacenable,Producto almacenable,Retornable / Producto Terminado (Retornable)
F13010 TAPAS PARA CAJAS PARA,Producto almacenable,Producto almacenable,Retornable / Producto Terminado (Retornable)
F30008 EMPAQUE EN SOFTEK,Producto almacenable,Producto almacenable,Retornable / Producto Terminado (Retornable)
F30008/ Reemplazo para orden de compra 55078212 factura 16920,Servicio,Servicio,Servicios
F30008/ Remplazo para orden de compra 55078212 factura 17015,Servicio,Servicio,Servicios
F30008/ Remplazo para orden de compra 55078212 factura 17026,Servicio,Servicio,Servicios
F30008/ Remplazo para orden de compra 55078212 factura 17267,Servicio,Servicio,Servicios
F30008/ Remplazo para orden de compra 55078212 factura 17368,Servicio,Servicio,Servicios
F3008 TESLA IP EVEREST IP LOWER.,Servicio,Servicio,Servicios
F33024 KIT 8 CAVIDADES CUELLO,Producto almacenable,Producto almacenable,Cartón / Kit (Cartón)
F500251301,Producto almacenable,Producto almacenable,Cartón / Producto Terminado (Cartón)
F500251480,Producto almacenable,Producto almacenable,Cartón / Producto Terminado (Cartón)
F500251481,Producto almacenable,Producto almacenable,Cartón / Producto Terminado (Cartón)
F500351668-IP PAD CK 32 ECT+ FOAM INSSERTS,Producto almacenable,Producto almacenable,Cartón / Producto Terminado (Cartón)
F500351673 CELDA A,Producto almacenable,Producto almacenable,Cartón / Producto en proceso (Cartón)
F500351673 CELDA L,Producto almacenable,Producto almacenable,Cartón / Producto en proceso (Cartón)
F500351673-DP CELDAS CK 23 ECT,Producto almacenable,Producto almacenable,Cartón / Producto Terminado (Cartón)
F500351674 CELDA A,Producto almacenable,Producto almacenable,Cartón / Producto en proceso (Cartón)
F500351674 CELDA L,Producto almacenable,Producto almacenable,Cartón / Producto en proceso (Cartón)
F500351674-DP CELDAS CK 23 ECT,Producto almacenable,Producto almacenable,Cartón / Producto Terminado (Cartón)
F500451139 PAD CK 23 ECT,Producto almacenable,Producto almacenable,Cartón / Producto Terminado (Cartón)
F500451269 PAD CK 23 ECT,Producto almacenable,Producto almacenable,Cartón / Producto Terminado (Cartón)
FABRICACION SUAJE,Consumible,Consumible,Servicios
FABULOSO 4LTS,Consumible,Consumible,Cartón / Consumibles (Cartón)
"FAJA DE 3 PASOS, 10"" PULGADAS",Producto almacenable,Producto almacenable,Cartón / Materia Prima (Cartón)
FCA FORM,Consumible,Consumible,Servicios
FEDERBEIN. Celda. Pieza.,Producto almacenable,Producto almacenable,Cartón / Producto en proceso (Cartón)
FEDERBEIN. Charola Armada.,Producto almacenable,Producto almacenable,Cartón / Producto Terminado (Cartón)
FEDERBEIN. Divisor. Pieza.,Producto almacenable,Producto almacenable,Cartón / Producto en proceso (Cartón)
FELPA AUTO - DUNNAGE 40X,Producto almacenable,Producto almacenable,Retornable / Producto en proceso (Retornable)
FELPA TAPA - DUNNAGE 40X,Producto almacenable,Producto almacenable,Retornable / Producto en proceso (Retornable)
FFF,Servicio,Servicio,Servicios
FIANZA,Consumible,Consumible,Todos
FIBRA ESPONJA SCOTCH BRITE USO RUDO,Consumible,Consumible,Cartón / Consumibles (Cartón)
FILAMENTO  20/3,Producto almacenable,Producto almacenable,Cartón / Materia Prima (Cartón)
FINIQUITOS Y VACACIONES,Servicio,Servicio,Servicios
FIP. WL 74 Rear. Rack con Dunnage. CORTE de Plastilona Azul.,Producto almacenable,Producto almacenable,Retornable / Producto en proceso (Retornable)
FIP. WL 74 Rear. Rack con Dunnage. CORTE de Plastilona Blanca.,Producto almacenable,Producto almacenable,Retornable / Producto en proceso (Retornable)
FLASH COAT VIVID B4  AZUL INTENSO - 19LTS,Consumible,Consumible,Retornable / Consumibles (Retornable)
FLEJE,Consumible,Consumible,Cartón / Consumibles (Cartón)
FLETE,Servicio,Servicio,Servicios
FLETE,Servicio,Servicio,Servicios
FLETE COMPONENTES BACK UP T90,Consumible,Consumible,Servicios
FLETE RETORNABLE,Servicio,Servicio,Todos
FLETES,Consumible,Consumible,Todos
FLETES CARTON,Servicio,Servicio,Todos
"FLEXOMETRO C/IMPACTO 3/4"" X 5MTS",Consumible,Consumible,Cartón / Consumibles (Cartón)
FLOOR CONSOL CELDA A,Producto almacenable,Producto almacenable,Cartón / Producto en proceso (Cartón)
FLOOR CONSOL CELDA ARMADA,Producto almacenable,Producto almacenable,Cartón / Producto en proceso (Cartón)
FLOOR CONSOL CELDA B,Producto almacenable,Producto almacenable,Cartón / Producto en proceso (Cartón)
FLOOR CONSOL FOAM,Producto almacenable,Producto almacenable,Cartón / Producto en proceso (Cartón)
FLOOR CONSOL HSC A,Producto almacenable,Producto almacenable,Cartón / Producto en proceso (Cartón)
FLOOR CONSOL HSC ARMADA,Producto almacenable,Producto almacenable,Cartón / Producto en proceso (Cartón)
FLOOR CONSOL HSC B,Producto almacenable,Producto almacenable,Cartón / Producto en proceso (Cartón)
FLOOR CONSOL TAPA,Producto almacenable,Producto almacenable,Cartón / Producto en proceso (Cartón)
FLOOR CONSOLE,Producto almacenable,Producto almacenable,Cartón / Materia Prima (Cartón)
FLYER CUBREBOCAS,Producto almacenable,Producto almacenable,Retornable / Materia Prima (Retornable)
"FOAM .2LB EN 1.5"" 544MM*101MM",Producto almacenable,Producto almacenable,Retornable / Materia Prima (Retornable)
FOAM 1.7 LBS 544 MM DE L X 101 MM DE A X 19 MM DE ESP. CON ADHESIVO X LAS 2CARAS,Producto almacenable,Producto almacenable,Cartón / Materia Prima (Cartón)
FOAM 1.7 LBS 544 MM DE L X 101 MM DE A X 19.05 MM DE ESP. CON ADHESIVO X LAS 2CARAS,Producto almacenable,Producto almacenable,Retornable / Materia Prima (Retornable)
FOAM 1.7 LBS 544 MM DE L X 101 MM DE A X 38.1 MM DE ESP. CON ADHESIVO X LAS 2CARAS,Producto almacenable,Producto almacenable,Cartón / Materia Prima (Cartón)
FOAM 1/4 CON CORTE A 1M X 1.12M,Producto almacenable,Producto almacenable,Todos
FOAM 170mm x 280mm densidad 1.2,Producto almacenable,Producto almacenable,Retornable / Materia Prima (Retornable)
FOAM 76mm x 280mm densidad 1.2,Producto almacenable,Producto almacenable,Retornable / Materia Prima (Retornable)
"FOAM CAJA 200MM X 1100MM X 2.75""",Producto almacenable,Producto almacenable,Cartón / Producto Comercialización (Cartón)
FOAM E SHIFTER TOP FINISH PANEL,Producto almacenable,Producto almacenable,Retornable / Producto en proceso (Retornable)
FOAM PISO 2422,Producto almacenable,Producto almacenable,Retornable / Producto en proceso (Retornable)
FOAM PISO LENTE INNER,Producto almacenable,Producto almacenable,Retornable / Producto en proceso (Retornable)
FOAM PISO P/ ROPACK 4548,Producto almacenable,Producto almacenable,Retornable / Producto en proceso (Retornable)
"FOAM TAPA 200MM X 1100MM X 1""",Producto almacenable,Producto almacenable,Retornable / Materia Prima (Retornable)
FOAMI 4MM 1.50MTS X 1.45MTS NEGRO,Producto almacenable,Producto almacenable,Retornable
FOAMI 8MM 1.55MTS X 2.55MTS NEGRO,Producto almacenable,Producto almacenable,Retornable / Materia Prima (Retornable)
FOAMI BLANCO 3 MM CON ADHESIVO,Producto almacenable,Producto almacenable,Retornable / Materia Prima (Retornable)
FOL Consola V363 | AAW,Producto almacenable,Producto almacenable,Cartón / Producto Terminado (Cartón)
FOL Consola V363 | EBW,Producto almacenable,Producto almacenable,Cartón / Producto Terminado (Cartón)
FONDO DE PINTURA GRIS,Consumible,Consumible,Retornable / Consumibles (Retornable)
FORD ECONOLINE E350 WAGON 2004 V8 NIV: 1FBSS31L24HA91054 CLAVE VEHICULAR: 0492101. VEHICULO USADO EN LAS CONDICIONES QUE SE ENCUENTRE,Producto almacenable,Producto almacenable,Automoviles
FORD High roof - Celda A,Producto almacenable,Producto almacenable,Cartón / Producto en proceso (Cartón)
FORD High roof - Celda B,Producto almacenable,Producto almacenable,Cartón / Producto en proceso (Cartón)
FORD High roof - RSC,Producto almacenable,Producto almacenable,Muestras / Producto en proceso (Muestras)
FORD High roof - RSC,Producto almacenable,Producto almacenable,Cartón / Producto Terminado (Cartón)
FORD Lamp subassembly - 1/2 RSC,Producto almacenable,Producto almacenable,Muestras / Producto en proceso (Muestras)
FORD Low roof - HSC,Producto almacenable,Producto almacenable,Muestras / Producto en proceso (Muestras)
FORD Low roof - HSC,Producto almacenable,Producto almacenable,Cartón / Producto Terminado (Cartón)
FORM RETORNABLE CFE,Producto almacenable,Producto almacenable,Cartón / Producto Terminado (Cartón)
FORM RETORNABLE TELMEX,Producto almacenable,Producto almacenable,Cartón / Producto Terminado (Cartón)
FORMIFLEX IC-CONDUCTIVE 150 LV,Consumible,Consumible,Cartón / Consumibles (Cartón)
FORTO FLEX 610 TRANSPARENTE,Producto almacenable,Producto almacenable,Retornable / Materia Prima (Retornable)
FOTOPOLIMERO 0.25 (GRABADO),Consumible,Consumible,Servicios
FRANELA MT,Consumible,Consumible,Cartón / Consumibles (Cartón)
FRASCO SAL 1 KG,Consumible,Consumible,Cartón / Consumibles (Cartón)
FREIGHTLINER FL360 715 2020 NIV: JLMBNG1A2LK002366 CLAVE VEHICULAR: 2550907. VEHICULO USADO EN LAS CONDICIONES QUE SE ENCUENTRE,Producto almacenable,Producto almacenable,Automoviles
FREIGHTLINER FL360 715 2020 NIV: JLMBNG1A7LK002377 CLAVE VEHICULAR: 2550907. VEHICULO USADO EN LAS CONDICIONES QUE SE ENCUENTRE,Producto almacenable,Producto almacenable,Automoviles
"FRENO DE PISO 4""",Producto almacenable,Producto almacenable,Retornable / Materia Prima (Retornable)
"FRENO DE PISO 5"" X 2""",Producto almacenable,Producto almacenable,Retornable / Materia Prima (Retornable)
"FRENO DE PISO 5"" X 2"" (copia)",Producto almacenable,Producto almacenable,Retornable / Materia Prima (Retornable)
"FRENO DE PISO 6"" X 2""",Producto almacenable,Producto almacenable,Retornable / Materia Prima (Retornable)
"FRENO DE PISO 8"" X 2""",Producto almacenable,Producto almacenable,Retornable / Materia Prima (Retornable)
FRENO DE PISO PARA RODAJA DE 4'' DE ALTURA,Producto almacenable,Producto almacenable,Cartón / Materia Prima (Cartón)
FRONT DOOR PANEL ARMREST,Producto almacenable,Producto almacenable,Cartón / Materia Prima (Cartón)
FS 30 99 0000 00 000 INSERTO A,Producto almacenable,Producto almacenable,Cartón / Producto Terminado (Cartón)
FS 30 99 0000 00 000 INSERTO B,Producto almacenable,Producto almacenable,Cartón / Producto Terminado (Cartón)
FUERDA DRIVER,Servicio,Servicio,Servicios
FUERDA PASSENGER,Servicio,Servicio,Servicios
FUNDA P/MOP 90CMS,Consumible,Consumible,Cartón / Consumibles (Cartón)
FUSE ACCESS - CAJA DE CARTON CORRUGADO DOBLE MEDIDAS GENE,Producto almacenable,Producto almacenable,Cartón / Producto Terminado (Cartón)
"Fabric bag with polybubble exterior lining and 1/4"" polyfoam.",Producto almacenable,Producto almacenable,Retornable / Producto Terminado (Retornable)
Facturas 2018,Servicio,Servicio,Servicios
"Foam peine 163mm x 1180mm espesor 1.5"" foam 2.2lbs",Producto almacenable,Producto almacenable,Cartón / Materia Prima (Cartón)
"Foam peine 163mm x 1180mm espesor 2"" foam 2.2lbs",Producto almacenable,Producto almacenable,Cartón / Materia Prima (Cartón)
Form Proposal CCB GFSH 8 QPC. CCB. Pallet,Producto almacenable,Producto almacenable,Cartón / Producto Terminado (Cartón)
Front and Rear Reflector lid change of package,Producto almacenable,Producto almacenable,Retornable / Producto Terminado (Retornable)
G - 362390 /362391 DUNNAGE ARMREST FRT & RR,Producto almacenable,Producto almacenable,Retornable / Producto en proceso (Retornable)
G GLASS FRONT 500B,Producto almacenable,Producto almacenable,Retornable / Producto en proceso (Retornable)
G TRANSFLEX WINDOW PLATE U725,Producto almacenable,Producto almacenable,Retornable / Producto en proceso (Retornable)
G WS DP DUNNAGE,Producto almacenable,Producto almacenable,Retornable / Producto en proceso (Retornable)
G09. BMW ALTERNO. Divisor o Inserto. Pieza.,Producto almacenable,Producto almacenable,Cartón / Producto en proceso (Cartón)
G09. BMW ALTERNO. Separador o Pad. Pieza.,Producto almacenable,Producto almacenable,Cartón / Producto en proceso (Cartón)
G09. G07. Pieles. Charola Armada.,Producto almacenable,Producto almacenable,Retornable / Producto Terminado (Retornable)
G42 - Y0064245,Producto almacenable,Producto almacenable,Retornable / Producto Terminado (Retornable)
G45 & ATLAS - KIT CARTON CAJA 4,Servicio,Servicio,Servicios
G45. After Headrest. A. Pieza.,Producto almacenable,Producto almacenable,Cartón / Producto en proceso (Cartón)
G45. After Headrest. B. Pieza.,Producto almacenable,Producto almacenable,Cartón / Producto en proceso (Cartón)
G45. After Headrest. C. Pieza.,Producto almacenable,Producto almacenable,Cartón / Producto en proceso (Cartón)
G45. After Headrest. Caja.,Producto almacenable,Producto almacenable,Cartón / Producto Terminado (Cartón)
G45. After Headrest. Celdado.,Producto almacenable,Producto almacenable,Cartón / Producto Terminado (Cartón)
G45. After Headrest. D. Pieza.,Producto almacenable,Producto almacenable,Cartón / Producto en proceso (Cartón)
G45. After Headrest. E. Pieza.,Producto almacenable,Producto almacenable,Cartón / Producto en proceso (Cartón)
G45. After Headrest. Pad Gral.,Producto almacenable,Producto almacenable,Cartón / Producto Terminado (Cartón)
G45. After Headrest. Tapa Gral.,Producto almacenable,Producto almacenable,Cartón / Producto Terminado (Cartón)
G45. ECE. A. Pieza.,Producto almacenable,Producto almacenable,Cartón / Producto en proceso (Cartón)
G45. ECE. B. Pieza.,Producto almacenable,Producto almacenable,Cartón / Producto en proceso (Cartón)
G45. ECE. C. Pieza.,Producto almacenable,Producto almacenable,Cartón / Producto en proceso (Cartón)
G45. ECE. Caja.,Producto almacenable,Producto almacenable,Cartón / Producto Terminado (Cartón)
G45. ECE. Celdado.,Producto almacenable,Producto almacenable,Cartón / Producto Terminado (Cartón)
G45. ECE. D. Pieza.,Producto almacenable,Producto almacenable,Cartón / Producto en proceso (Cartón)
G45. ECE. E. Pieza.,Producto almacenable,Producto almacenable,Cartón / Producto en proceso (Cartón)
G45. ECE. Pad Gral.,Producto almacenable,Producto almacenable,Cartón / Producto Terminado (Cartón)
G45. ECE. Tapa Gral.,Producto almacenable,Producto almacenable,Cartón / Producto Terminado (Cartón)
G45. PV BMM. A. Pieza.,Producto almacenable,Producto almacenable,Cartón / Producto en proceso (Cartón)
G45. PV BMM. B. Pieza.,Producto almacenable,Producto almacenable,Cartón / Producto en proceso (Cartón)
G45. PV BMM. C. Pieza.,Producto almacenable,Producto almacenable,Cartón / Producto en proceso (Cartón)
G45. PV BMM. Caja.,Producto almacenable,Producto almacenable,Cartón / Producto Terminado (Cartón)
G45. PV BMM. Celda.,Producto almacenable,Producto almacenable,Cartón / Producto Terminado (Cartón)
G45. PV BMM. D. Pieza.,Producto almacenable,Producto almacenable,Cartón / Producto en proceso (Cartón)
G45. PV BMM. Pad.,Producto almacenable,Producto almacenable,Cartón / Producto Terminado (Cartón)
G45. PV BMM. Tapa.,Producto almacenable,Producto almacenable,Cartón / Producto Terminado (Cartón)
G45. US. HEADREST.  A. Pieza.,Producto almacenable,Producto almacenable,Cartón / Producto en proceso (Cartón)
G45. US. HEADREST.  B Pieza.,Producto almacenable,Producto almacenable,Cartón / Producto en proceso (Cartón)
G45. US. HEADREST.  C. Pieza.,Producto almacenable,Producto almacenable,Cartón / Producto en proceso (Cartón)
G45. US. HEADREST.  D. Pieza.,Producto almacenable,Producto almacenable,Cartón / Producto en proceso (Cartón)
G45. US. HEADREST.  E. Pieza.,Producto almacenable,Producto almacenable,Cartón / Producto en proceso (Cartón)
G45. US. HEADREST. Caja.,Producto almacenable,Producto almacenable,Cartón / Producto Terminado (Cartón)
G45. US. HEADREST. Celda.,Producto almacenable,Producto almacenable,Cartón / Producto Terminado (Cartón)
G45. US. HEADREST. Pad.,Producto almacenable,Producto almacenable,Cartón / Producto Terminado (Cartón)
G45. US. HEADREST. Tapa.,Producto almacenable,Producto almacenable,Cartón / Producto Terminado (Cartón)
G906510 CELDA PUERTAS,Producto almacenable,Producto almacenable,Cartón / Producto Terminado (Cartón)
G906510 EXPENDABLE TAPA PUERTAS,Producto almacenable,Producto almacenable,Cartón / Producto Terminado (Cartón)
G906510 EXPENDABLE-CONTENEDOR 4845-34,Producto almacenable,Producto almacenable,Cartón / Producto Terminado (Cartón)
G906510 EXPENDABLE-CONTENEDOR HSC 454850,Producto almacenable,Producto almacenable,Cartón / Producto Terminado (Cartón)
G906510 EXPENDABLE-TAPA 46493,Producto almacenable,Producto almacenable,Cartón / Producto Terminado (Cartón)
"GANCHO 3/4"" SURTEK",Producto almacenable,Producto almacenable,Retornable / Materia Prima (Retornable)
GANCHO AUTO - DUNNAGE 40X,Producto almacenable,Producto almacenable,Retornable / Producto en proceso (Retornable)
GANCHO TAPA - DUNNAGE 40X,Producto almacenable,Producto almacenable,Retornable / Producto en proceso (Retornable)
GAS CARBONO CO2,Consumible,Consumible,Retornable
GASTOS DE VENTA,Producto almacenable,Producto almacenable,Todos
GEL ANTIBACTERIAL GALON,Consumible,Consumible,Cartón / Consumibles (Cartón)
GLADE 400ML,Consumible,Consumible,Cartón / Consumibles (Cartón)
GLOVE BOX,Producto almacenable,Producto almacenable,Retornable / Producto Terminado (Retornable)
GLOVE BOX OP 2,Producto almacenable,Producto almacenable,Cartón / Kit (Cartón)
GRAPA 2016-C 15.88 MM,Consumible,Consumible,Cartón / Consumibles (Cartón)
GRAPA 6618-C 14.29 MM,Consumible,Consumible,Cartón / Consumibles (Cartón)
GRAPA 784,Producto almacenable,Producto almacenable,Cartón / Producto en proceso (Cartón)
GRAPA BF-CB103-1/2G  BELTEK,Consumible,Consumible,Cartón / Consumibles (Cartón)
GRAPA CORONA 1 3/8 PATA 5/8,Consumible,Consumible,Cartón / Consumibles (Cartón)
"GRAPA FIFA 16.67 21/23""",Consumible,Consumible,Cartón / Consumibles (Cartón)
"GRAPA FIFA 58-C 14,80 mm (0.583"") GALVANIZADA",Consumible,Consumible,Cartón / Consumibles (Cartón)
GRAPA RENAULT,Producto almacenable,Producto almacenable,Cartón / Producto en proceso (Cartón)
GRAPA TOWER y CC91 1724- CP 19.05 MM,Consumible,Consumible,Cartón / Consumibles (Cartón)
GRATIFICACIÓN A EMPLEADOS,Servicio,Servicio,Todos
GRILL ASSEMBLIES FG Secuenciado,Producto almacenable,Producto almacenable,Retornable / Producto Terminado (Retornable)
GSH003-TA,Producto almacenable,Producto almacenable,Cartón / Producto Terminado (Cartón)
GUA-IVAA011,Servicio,Servicio,Servicios
GUA-IVAB011,Servicio,Servicio,Servicios
GUA-KNEC102,Producto almacenable,Producto almacenable,Retornable / Producto Terminado (Retornable)
GUA-KNET002,Producto almacenable,Producto almacenable,Retornable / Producto Terminado (Retornable)
GUA-KNEU002,Producto almacenable,Producto almacenable,Retornable / Producto Terminado (Retornable)
GUA-KNEV002,Producto almacenable,Producto almacenable,Retornable / Producto Terminado (Retornable)
GUA-KNEW002,Producto almacenable,Producto almacenable,Retornable / Producto Terminado (Retornable)
GUA-VELC010 ROLLO VELCRO FELPA,Servicio,Servicio,Retornable / Consumibles (Retornable)
GUANTE DE LATEX DESECHABLE C/100,Consumible,Consumible,Cartón / Consumibles (Cartón)
GUANTE DE LATEX P/LIMPIEZA,Consumible,Consumible,Cartón / Consumibles (Cartón)
GUANTE GRAL,Consumible,Consumible,Cartón / Consumibles (Cartón)
Gancho para soporte - YF RU QRO,Producto almacenable,Producto almacenable,Retornable / Producto en proceso (Retornable)
Gancho para soporte - YF RU Ramos,Producto almacenable,Producto almacenable,Retornable / Producto en proceso (Retornable)
Gas LP,Servicio,Servicio,Servicios
Gestión y Administración Fase II de Software Financiero,Servicio,Servicio,Servicios
Gestión y Administración Fase III Software de Manejo de Bases de Datos,Servicio,Servicio,Servicios
Gestión y Administración de Software Fase  de Encuestas Telefónicas,Servicio,Servicio,Servicios
Grab handle Internal WIP FR LH SUB ASSY,Producto almacenable,Producto almacenable,Retornable / Producto Terminado (Retornable)
Grab handle Internal WIP FR LH WRAPED,Producto almacenable,Producto almacenable,Retornable / Producto Terminado (Retornable)
Grab handle Internal WIP FR RH SUB ASSY,Producto almacenable,Producto almacenable,Retornable / Producto Terminado (Retornable)
Grab handle Internal WIP FR RH WRAPED,Producto almacenable,Producto almacenable,Retornable / Producto Terminado (Retornable)
Grab handle Internal WIP RR LH SUB ASSY,Producto almacenable,Producto almacenable,Retornable / Producto Terminado (Retornable)
Grab handle Internal WIP RR LH WRAPED,Producto almacenable,Producto almacenable,Retornable / Producto Terminado (Retornable)
Grab handle Internal WIP RR RH SUB ASSY,Producto almacenable,Producto almacenable,Retornable / Producto Terminado (Retornable)
Grab handle Internal WIP RR RH WRAPED,Producto almacenable,Producto almacenable,Retornable / Producto Terminado (Retornable)
Grab handle MS - P2,Producto almacenable,Producto almacenable,Retornable / Producto en proceso (Retornable)
Grab handle WRAPED - P2,Producto almacenable,Producto almacenable,Retornable / Producto en proceso (Retornable)
Grab handle outer - cover RR - P2,Producto almacenable,Producto almacenable,Retornable / Producto en proceso (Retornable)
H - 362390 /362391 DUNNAGE ARMREST FRT & RR,Producto almacenable,Producto almacenable,Retornable / Producto en proceso (Retornable)
H GLASS FRONT 500B,Producto almacenable,Producto almacenable,Retornable / Producto en proceso (Retornable)
H TRANSFLEX - WINDOW PLATE CX430,Producto almacenable,Producto almacenable,Retornable / Producto en proceso (Retornable)
H WS DP DUNNAGE,Producto almacenable,Producto almacenable,Retornable / Producto en proceso (Retornable)
HANDHOLE TERMOFORMADO EN HDPE NEGRO ( Ciego).,Producto almacenable,Producto almacenable,Retornable / Materia Prima (Retornable)
HDPE NATURAL 1/8 1220MM X 2440MM,Producto almacenable,Producto almacenable,Retornable / Materia Prima (Retornable)
HDPE NEGRO 1/8 1220MM X 2440MM,Producto almacenable,Producto almacenable,Retornable / Materia Prima (Retornable)
HDPE NEGRO 1/8 ESPESOR 1220MM*2440MM,Producto almacenable,Producto almacenable,Retornable / Materia Prima (Retornable)
HDPE S1,Producto almacenable,Producto almacenable,Retornable / Producto en proceso (Retornable)
HDPE S2,Producto almacenable,Producto almacenable,Retornable / Producto en proceso (Retornable)
HDPE2 S2,Producto almacenable,Producto almacenable,Retornable / Producto en proceso (Retornable)
HEADREST CENTER,Producto almacenable,Producto almacenable,Cartón / Kit (Cartón)
HEADREST FRONT,Producto almacenable,Producto almacenable,Cartón / Kit (Cartón)
HEADREST REAR,Producto almacenable,Producto almacenable,Cartón / Kit (Cartón)
HEAVY DUTY SPRING LATCH,Producto almacenable,Producto almacenable,Retornable / Materia Prima (Retornable)
HERRAMENTAL BUZZER 120 CAV,Consumible,Consumible,Servicios
HERRAMENTAL CAJA SOLAR,Servicio,Servicio,Servicios
HERRAMENTAL CHAROLA NEXTRACKER,Servicio,Servicio,Servicios
HERRAMENTAL NEXTRACKER MEJORA DE DISEÑO,Servicio,Servicio,Servicios
HERRAMENTAL P/TAPA DE KIT AVANZAR& CELDADOS TGTX,Servicio,Servicio,Servicios
"HERRAMENTAL PARA CAJA DE 24""",Servicio,Servicio,Servicios
"HERRAMENTAL PARA CAJA DE 24"" (copia)",Servicio,Servicio,Servicios
HERRAMENTAL PARA CAJA INDIVIDUAL TRIANG,Servicio,Servicio,Servicios
HERRAMENTAL PARA CAJA Y TAPA VOLVO,Servicio,Servicio,Servicios
HERRAMENTAL PARA CORRER LOS 5 SOPORTES PARA PROYECTO MCV 115 EN DENSIDAD # 6,Servicio,Servicio,Servicios
HERRAMENTAL PARA DUNNAGE MEB,Consumible,Consumible,Servicios
HERRAMENTAL PARA REJILLA NEXTRACKER,Servicio,Servicio,Servicios
HERRAMENTAL PARA TAPA NEXTRACKER,Servicio,Servicio,Servicios
HILO ELASTICO 5MM BLANCO,Consumible,Consumible,Cartón / Consumibles (Cartón)
HILO POLIESTER CORE TEX 70,Producto almacenable,Producto almacenable,Retornable / Materia Prima (Retornable)
HILO POLIESTER CORE TEX 70 BLANCO,Producto almacenable,Producto almacenable,Retornable / Materia Prima (Retornable)
HILO POLIESTER GRIS #285,Producto almacenable,Producto almacenable,Retornable / Materia Prima (Retornable)
HOT MAT BLANCO,Producto almacenable,Producto almacenable,Cartón / Materia Prima (Cartón)
HOUSING INNER 00219194-01-0000 LH,Producto almacenable,Producto almacenable,Retornable / Producto Terminado (Retornable)
HOUSING INNER 00219195-01-0000 RH,Producto almacenable,Producto almacenable,Retornable / Producto Terminado (Retornable)
HOUSING OUTER 00219192-02-0000 LH,Producto almacenable,Producto almacenable,Retornable / Producto Terminado (Retornable)
HOUSING OUTER 00219193-02-0000 RH,Producto almacenable,Producto almacenable,Retornable / Producto Terminado (Retornable)
HSC - A TESLA NV26 FRL CONL END ITEM,Producto almacenable,Producto almacenable,Cartón / Producto en proceso (Cartón)
HSC - TESLA NV26 FLR CNSL END PANEL,Producto almacenable,Producto almacenable,Cartón / Producto Terminado (Cartón)
HSC - TESLA NV26 FRL CONL END ITEM,Producto almacenable,Producto almacenable,Cartón / Producto Terminado (Cartón)
HSC - TESLA NV26 KIT PARA DOOR PANEL,Producto almacenable,Producto almacenable,Cartón / Producto Terminado (Cartón)
HSC - TR10985 KIT 780 SHIFT LEVER,Producto almacenable,Producto almacenable,Cartón / Producto Terminado (Cartón)
"HSC 24"" x 15"" x 13"" CK 32 ECT",Producto almacenable,Producto almacenable,Todos
HSC A - TESLA NV26 KIT PARA DOOR PANEL,Producto almacenable,Producto almacenable,Cartón / Producto en proceso (Cartón)
HSC B - TESLA NV26 KIT PARA DOOR PANEL,Producto almacenable,Producto almacenable,Cartón / Producto en proceso (Cartón)
HSC INTERNA - ICP CD539 ITB,Producto almacenable,Producto almacenable,Cartón / Producto en proceso (Cartón)
HSC TUNDRA TOYOTA,Producto almacenable,Producto almacenable,Muestras / Producto Terminado (Muestras)
HSS 8X3,Producto almacenable,Producto almacenable,Cartón / Materia Prima (Cartón)
HUD 30AA,Producto almacenable,Producto almacenable,Retornable / Producto Terminado (Retornable)
HUD L2. 30AA OUTER CASE T90,Producto almacenable,Producto almacenable,Retornable / Producto Terminado (Retornable)
HUD L2. COMPUTER ASSY,Producto almacenable,Producto almacenable,Retornable / Producto Terminado (Retornable)
HUD L2. CONCAVE MIRROR MAIN,Producto almacenable,Producto almacenable,Retornable / Producto Terminado (Retornable)
HUD L2. CONCAVE MIRROR T90,Producto almacenable,Producto almacenable,Retornable / Producto Terminado (Retornable)
HUD L2. MIRROR HOLDER,Producto almacenable,Producto almacenable,Retornable / Producto Terminado (Retornable)
HUD L2. OUTER CASE,Producto almacenable,Producto almacenable,Retornable / Producto Terminado (Retornable)
HUD L2. STEPPER MOTOR,Producto almacenable,Producto almacenable,Retornable / Producto Terminado (Retornable)
HUD554. P702. EMPAQUE. OUTER CASE,Producto almacenable,Producto almacenable,Retornable / Producto Terminado (Retornable)
Handhole hembra,Producto almacenable,Producto almacenable,Retornable / Materia Prima (Retornable)
Handhole macho,Producto almacenable,Producto almacenable,Retornable / Materia Prima (Retornable)
Herramental kit Toyota Japon,Servicio,Servicio,Servicios
Herramental para Tapa,Servicio,Servicio,Servicios
Herramental suaje termoformado,Servicio,Servicio,Servicios
Herrramental 1,Servicio,Servicio,Servicios
I GLASS FRONT 500B,Producto almacenable,Producto almacenable,Retornable / Producto en proceso (Retornable)
I WS DP DUNNAGE,Producto almacenable,Producto almacenable,Retornable / Producto en proceso (Retornable)
ICP CD539,Producto almacenable,Producto almacenable,Cartón / Materia Prima (Cartón)
IMC 070. A. Pieza. ( 9 Pza/ Celda).,Producto almacenable,Producto almacenable,Cartón / Producto en proceso (Cartón)
IMC 070. B. Pieza. ( 5 Pza/ Celda).,Producto almacenable,Producto almacenable,Cartón / Producto en proceso (Cartón)
INDI,Consumible,Consumible,Todos
INDI,Consumible,Consumible,Todos
INDI,Consumible,Consumible,Todos
INDIR,Consumible,Consumible,Todos
INDIRE,Consumible,Consumible,Todos
INDIRE,Consumible,Consumible,Todos
INDIRECT,Consumible,Consumible,Todos
INDIRECTOS,Consumible,Consumible,Todos
INDIVIDUAL BF PACKIGN,Producto almacenable,Producto almacenable,Cartón / Producto Terminado (Cartón)
"INDUSTRIAL 16"" CAJA COMPLETA",Producto almacenable,Producto almacenable,Cartón / Materia Prima (Cartón)
"INDUSTRIAL 16"" CAJA COMPLETA",Producto almacenable,Producto almacenable,Cartón / Materia Prima (Cartón)
"INDUSTRIAL 24"" CAJA COMPLETA",Producto almacenable,Producto almacenable,Cartón / Materia Prima (Cartón)
INNER,Producto almacenable,Producto almacenable,Retornable / Producto Terminado (Retornable)
INNER RU,Servicio,Servicio,Servicios
"INNER RU C/TELA 20.75"" X 14.5""",Servicio,Servicio,Servicios
INSERT 4151ZP,Producto almacenable,Producto almacenable,Cartón / Producto Terminado (Cartón)
INSERT 550913 NISSAN ,Producto almacenable,Producto almacenable,Cartón / Producto Terminado (Cartón)
INSERT 754788 MOPAR ,Producto almacenable,Producto almacenable,Cartón / Producto Terminado (Cartón)
INSERT HONDA EXPORT ,Producto almacenable,Producto almacenable,Cartón / Producto Terminado (Cartón)
INSERT PERFORADO RR,Producto almacenable,Producto almacenable,Retornable / Producto Terminado (Retornable)
INSERT TIRA FRT,Producto almacenable,Producto almacenable,Retornable / Producto Terminado (Retornable)
INSERT TIRA RR,Producto almacenable,Producto almacenable,Retornable / Producto Terminado (Retornable)
INSERTO  A 63MM*25MM*76MM,Producto almacenable,Producto almacenable,Retornable / Materia Prima (Retornable)
INSERTO  B 50MM*38MM*25MM,Producto almacenable,Producto almacenable,Retornable / Materia Prima (Retornable)
INSERTO #1 CABLE SET 6LB,Producto almacenable,Producto almacenable,Retornable / Materia Prima (Retornable)
INSERTO #2 CABLE SET 6LB,Producto almacenable,Producto almacenable,Retornable / Materia Prima (Retornable)
INSERTO - KIT 330 MCA,Producto almacenable,Producto almacenable,Cartón / Producto en proceso (Cartón)
INSERTO - MID PANEL,Producto almacenable,Producto almacenable,Cartón / Producto en proceso (Cartón)
INSERTO / CELDA G01 / GM177,Producto almacenable,Producto almacenable,Cartón / Materia Prima (Cartón)
INSERTO 1 502 mm X 105 mm X 51 mm XLPE 4# CHARCOAL,Producto almacenable,Producto almacenable,Retornable / Materia Prima (Retornable)
"INSERTO 1 y 3 LH-RH , 152.40 mm x 95 mm x 76.20 mm XLPE 6# STD. NGB 3X48X72",Producto almacenable,Producto almacenable,Retornable / Materia Prima (Retornable)
INSERTO 2 152 mm X 105 mm X 51 mm  XLPE 4# CHARCOAL,Producto almacenable,Producto almacenable,Retornable / Materia Prima (Retornable)
INSERTO 2 GLOVE BOX OP 2,Producto almacenable,Producto almacenable,Cartón / Producto en proceso (Cartón)
"INSERTO 2, 158.8 mm X 128 mm X 91 mm INSERTO 2 XLPE 6# STD. NGB 4X48X72",Producto almacenable,Producto almacenable,Retornable / Materia Prima (Retornable)
INSERTO 241B STABILUS,Producto almacenable,Producto almacenable,Cartón / Materia Prima (Cartón)
INSERTO 3 LH 502 mm X 101 mm X 51 mm XLPE 4# CHARCOAL,Producto almacenable,Producto almacenable,Retornable / Materia Prima (Retornable)
INSERTO 3 RH 502 mm X 101 mm X 51 mm XLPE 4# CHARCOAL,Producto almacenable,Producto almacenable,Retornable / Materia Prima (Retornable)
INSERTO 4 LH 148 mm X 101 mm X 51 mm XLPE 4# CHARCOAL,Producto almacenable,Producto almacenable,Retornable / Materia Prima (Retornable)
INSERTO 4 RH 148 mm X 101 mm X 51 mm XLPE 4# CHARCOAL,Producto almacenable,Producto almacenable,Retornable / Materia Prima (Retornable)
"INSERTO 4, 76.20 mm X 76.20 mm X 50.8 mm XLPE 6# STD. NGB 4X48X72",Producto almacenable,Producto almacenable,Retornable / Materia Prima (Retornable)
INSERTO 5 136 MM X 30 MM X 25 MM XLPE 4# CHARCOAL,Producto almacenable,Producto almacenable,Retornable / Materia Prima (Retornable)
INSERTO 6 128 mm X 34 mm X 51 mm XLPE 4# CHARCOAL,Producto almacenable,Producto almacenable,Retornable / Materia Prima (Retornable)
INSERTO 7 98 mm X 50 mm X 35 mm XLPE 2# CHARCOAL,Producto almacenable,Producto almacenable,Retornable / Materia Prima (Retornable)
INSERTO A ATI,Producto almacenable,Producto almacenable,Cartón / Producto en proceso (Cartón)
INSERTO A DE XLINK 8 LB - LOWER BEAM,Producto almacenable,Producto almacenable,Retornable / Materia Prima (Retornable)
INSERTO A LOWER IMGL PIEZA DE XLPE 4#  COLOR NEGRO CON ADHESIVO.,Producto almacenable,Producto almacenable,Retornable / Materia Prima (Retornable)
INSERTO B ATI,Producto almacenable,Producto almacenable,Cartón / Producto en proceso (Cartón)
INSERTO B DE XLINK 8 LB - LOWER BEAM,Producto almacenable,Producto almacenable,Retornable / Materia Prima (Retornable)
INSERTO B LOWER IMGL PIEZA DE XLPE 4#  COLOR NEGRO CON ADHESIVO.,Producto almacenable,Producto almacenable,Retornable / Materia Prima (Retornable)
INSERTO CABLE SET,Producto almacenable,Producto almacenable,Retornable / Producto Terminado (Retornable)
INSERTO CABLE SET DE XLINK 2 LB,Producto almacenable,Producto almacenable,Retornable / Materia Prima (Retornable)
INSERTO D,Producto almacenable,Producto almacenable,Cartón / Producto en proceso (Cartón)
INSERTO DRIVER,Producto almacenable,Producto almacenable,Cartón / Producto Terminado (Cartón)
INSERTO DRIVER,Servicio,Servicio,Servicios
INSERTO E,Producto almacenable,Producto almacenable,Cartón / Producto en proceso (Cartón)
INSERTO IP UPPER,Producto almacenable,Producto almacenable,Cartón / Materia Prima (Cartón)
INSERTO PASSENGER,Servicio,Servicio,Servicios
INSERTO PASSENGER,Producto almacenable,Producto almacenable,Cartón / Producto Terminado (Cartón)
INSERTO PASSENGER,Producto almacenable,Producto almacenable,Cartón / Producto Terminado (Cartón)
INSERTO TAPA -  780B,Producto almacenable,Producto almacenable,Retornable / Producto en proceso (Retornable)
"INSERTO TFT 500B 4.2""",Producto almacenable,Producto almacenable,Retornable / Producto en proceso (Retornable)
"INSERTO TFT 500B 7""",Producto almacenable,Producto almacenable,Retornable / Producto en proceso (Retornable)
INSERTO TMC 150,Producto almacenable,Producto almacenable,Cartón / Materia Prima (Cartón)
INSERTO X-LINK A 100MM X 127MM X 85MM 8LB,Producto almacenable,Producto almacenable,Retornable / Materia Prima (Retornable)
INSERTO X-LINK A 245MM X 38MM X 25MM 8LB,Producto almacenable,Producto almacenable,Retornable / Materia Prima (Retornable)
INSERTO ZIG ZAG,Producto almacenable,Producto almacenable,Cartón / Producto Terminado (Cartón)
INSTALACION,Servicio,Servicio,Servicios
INTERNE,Consumible,Consumible,Todos
INTERNET,Servicio,Servicio,Todos
"IP LOWER IMGL RACK 26 CAVIDADES, CONSIDERANDO 2 RFID´S",Producto almacenable,Producto almacenable,Retornable / Producto Terminado (Retornable)
IP RH/LH END CAP CELDA,Producto almacenable,Producto almacenable,Cartón / Producto Terminado (Cartón)
IP SKIN VAC FORM,Servicio,Servicio,Servicios
IP TOPPER INDIVIDUAL CELDA,Producto almacenable,Producto almacenable,Cartón / Producto en proceso (Cartón)
ISTA 3E TESTING,Servicio,Servicio,Servicios
IVA DE IMPORTACIÓN,Servicio,Servicio,IMPORTACIÓN
Ingenieria GH front,Servicio,Servicio,Servicios
Ingenieria GH rear,Servicio,Servicio,Servicios
Inner case 780B HUD - Tapa A,Producto almacenable,Producto almacenable,Retornable / Producto en proceso (Retornable)
Inner case 780B HUD - Tapa B,Producto almacenable,Producto almacenable,Retornable / Producto en proceso (Retornable)
J GLASS FRONT 500B,Producto almacenable,Producto almacenable,Retornable / Producto en proceso (Retornable)
JALADERA 3 1/2,Producto almacenable,Producto almacenable,Cartón / Materia Prima (Cartón)
JALADERA 4 1/2,Producto almacenable,Producto almacenable,Cartón / Materia Prima (Cartón)
"JUEGO DE CAJA BURBUJA NISSAN, TITAN Y AR",Producto almacenable,Producto almacenable,Cartón / Kit (Cartón)
K196999 FS 30 99 0000 00 000 CARTÓN (EMPAQUE)- IT ATI,Producto almacenable,Producto almacenable,Cartón / Kit (Cartón)
KEY RING MAXUM,Producto almacenable,Producto almacenable,Retornable / Materia Prima (Retornable)
KIT,Producto almacenable,Producto almacenable,Cartón / Kit (Cartón)
KIT  646D BACK UP 30 CAJAS CK 32 ECT 30 BASES CK 32 ECT 30 CELDADOS CK 32 ECT 4 PAD 4 ESQUINEROS 1 ETIQUETA PORTA KANBAN 1 TAPA GENERAL 1 BASE GENERAL 1 TARIMA 45X48,Servicio,Servicio,Servicios
KIT #1 PROGRAMA G65 ATLAS,Servicio,Servicio,Servicios
KIT #2 PROGRAMA G65 ATLAS,Servicio,Servicio,Servicios
KIT #3 PROGRAMA G65 ATLAS,Servicio,Servicio,Servicios
KIT 27 CAV DRAWING/48CP2056,Producto almacenable,Producto almacenable,Cartón / Kit (Cartón)
KIT 4291AL,Producto almacenable,Producto almacenable,Cartón / Kit (Cartón)
KIT 95161,Producto almacenable,Producto almacenable,Cartón / Kit (Cartón)
KIT AQ450 CONTENEDOR CARTON,Producto almacenable,Producto almacenable,Cartón / Kit (Cartón)
KIT ARMADO MOTORGEAR,Producto almacenable,Producto almacenable,Cartón / Kit (Cartón)
KIT CALAVERA 4548 BMW G01 LCI,Producto almacenable,Producto almacenable,Cartón / Producto Terminado (Cartón)
KIT CONSOLE LOWER,Producto almacenable,Producto almacenable,Cartón / Kit (Cartón)
KIT CORRUGADO PARA FDU Y RDU + HUACAL DE MADERA,Servicio,Servicio,Servicios
KIT COVER SIDE VFF VW316,Producto almacenable,Producto almacenable,Cartón / Kit (Cartón)
KIT CX482,Producto almacenable,Producto almacenable,Cartón / Kit (Cartón)
"KIT DE BURBUJA (1 BOX RSC, 2 CHAROLAS)",Producto almacenable,Producto almacenable,Cartón / Kit (Cartón)
KIT DE EMPAQUE C1UC,Consumible,Consumible,Servicios
KIT DE EMPAQUE IGNITION RING,Producto almacenable,Producto almacenable,Retornable / Producto Terminado (Retornable)
KIT DE EMPAQUE PARA 890 / 150,Consumible,Consumible,Servicios
KIT DESASSEMBLED PER CONTAINER,Consumible,Consumible,Servicios
KIT EAGLE-,Servicio,Servicio,Servicios
KIT EMPAQUE D544,Producto almacenable,Producto almacenable,Cartón / Kit (Cartón)
KIT F5,Consumible,Consumible,Servicios
KIT FUSE ACCESS STORAGE BIN,Producto almacenable,Producto almacenable,Cartón / Kit (Cartón)
KIT G45 AFTER HEADREST,Producto almacenable,Producto almacenable,Cartón / Kit (Cartón)
KIT G45 ECE HEADREST,Producto almacenable,Producto almacenable,Cartón / Kit (Cartón)
KIT G45 PV BMM,Producto almacenable,Producto almacenable,Cartón / Kit (Cartón)
KIT G45 US HEADREST,Producto almacenable,Producto almacenable,Cartón / Kit (Cartón)
KIT GENERAL G45 PV BMM,Producto almacenable,Producto almacenable,Cartón / Kit (Cartón)
KIT INDIVIDUAL G45 AFTER HEADREST,Producto almacenable,Producto almacenable,Cartón / Producto Terminado (Cartón)
KIT INDIVIDUAL G45 ECE,Producto almacenable,Producto almacenable,Cartón / Producto Terminado (Cartón)
KIT INDIVIDUAL G45 US HEADREST,Producto almacenable,Producto almacenable,Cartón / Producto Terminado (Cartón)
KIT INNER ETAPA VFF VW316,Producto almacenable,Producto almacenable,Cartón / Kit (Cartón)
KIT LUCID CCB,Servicio,Servicio,Servicios
KIT MAC38174,Consumible,Consumible,Servicios
KIT MCV,Producto almacenable,Producto almacenable,Cartón / Kit (Cartón)
KIT N61506768,Producto almacenable,Producto almacenable,Cartón / Kit (Cartón)
KIT OUTER ETAPA VFF VW316,Producto almacenable,Producto almacenable,Cartón / Kit (Cartón)
KIT PIVOTE CONTENEDOR CARTON,Producto almacenable,Producto almacenable,Cartón / Kit (Cartón)
KIT PROGRAMA 774B: - 18 caja y tapa 1200mm de largo X 370 mm de ancho X 170mm de alto BC 42 -18 Celdado 774B c32 -1 Tarima de madera con tratamiento t rmico HT,Consumible,Consumible,Servicios
KIT R233 DOOR PANEL - 9 CAVIDADES,Producto almacenable,Producto almacenable,Servicios
KIT REJILLA BEZEL 440 PARA MOLDE 5064442,Producto almacenable,Producto almacenable,Cartón / Producto Terminado (Cartón)
KIT RESERVOIR,Producto almacenable,Producto almacenable,Cartón / Kit (Cartón)
KIT RETEINER,Producto almacenable,Producto almacenable,Cartón / Kit (Cartón)
KIT RIVIAN TAILGATE,Producto almacenable,Producto almacenable,Cartón / Kit (Cartón)
KIT ST92,Producto almacenable,Producto almacenable,Cartón / Kit (Cartón)
KIT de empaque MAC38174,Consumible,Consumible,Servicios
KIT de empaque para 890/150,Consumible,Consumible,Servicios
KIT de empaque para 890/150 incluye: 18 cajas y tapa 1200mm X 370mm X 170 mm 18 celdados mulit funcional. 1tarima 45 X 48 con tratamiento H,Consumible,Consumible,Servicios
KIT.TES IP GLOVE BOX Y0981384,Producto almacenable,Producto almacenable,Cartón / Kit (Cartón)
KIT: BP DRAWING/48CP2100 CAJA Y CELDA,Producto almacenable,Producto almacenable,Cartón / Producto Terminado (Cartón)
KIT: BP DRAWING/48CP2101,Producto almacenable,Producto almacenable,Cartón / Kit (Cartón)
KIT: BP#=48CP1033: SHT=1: DETAIL=1: DATE,Producto almacenable,Producto almacenable,Cartón / Producto Terminado (Cartón)
KIT: BP#=48CP1034: SHT=1: DETAIL=1: DATE,Producto almacenable,Producto almacenable,Cartón / Producto Terminado (Cartón)
KIT: BP#=48CP1035: SHT=1: DETAIL=1: DATE,Producto almacenable,Producto almacenable,Cartón / Producto Terminado (Cartón)
KIT: BP#=48CP1036: SHT=1: DETAIL=1: DATE,Producto almacenable,Producto almacenable,Cartón / Producto Terminado (Cartón)
KIT: BP#=48CP2194: SHT=1: LPD:JUEGO DE CAJA Y CELDILLA WS 76 PROGRAMA WS WAGONNER AREA 1-,Producto almacenable,Producto almacenable,Cartón / Kit (Cartón)
KIT:BP#=48CP1013:SHT=1DETAIL=1:DATE,Producto almacenable,Producto almacenable,Cartón / Kit (Cartón)
KOLA LOKA 3.5GMS. GOTERITO,Consumible,Consumible,Cartón / Consumibles (Cartón)
KR5506. Caja Imp. Azul. ( 1 pieza).,Producto almacenable,Producto almacenable,Cartón / Producto Terminado (Cartón)
KRAFT 300 GR PLASTIFICADO D.CARA 270MM X 374MM (PARA 28 Y 54 X),Producto almacenable,Producto almacenable,Cartón / Materia Prima (Cartón)
KRAFT 300 GR PLASTIFICADO D.CARA 275MMX355MM,Producto almacenable,Producto almacenable,Cartón / Materia Prima (Cartón)
KRAFT 300 GR PLASTIFICADO D.CARA 280MM X 410MM,Producto almacenable,Producto almacenable,Cartón / Materia Prima (Cartón)
KRAFT LINER PLASTIFICADO 890MM X 1000MM S. 360GRS,Producto almacenable,Producto almacenable,Cartón / Materia Prima (Cartón)
Kit 774B,Consumible,Consumible,Servicios
Kit Array - alterno,Producto almacenable,Producto almacenable,Cartón / Kit (Cartón)
Kit Console,Producto almacenable,Producto almacenable,Cartón / Kit (Cartón)
Kit MEB. Kaaya. Pallet Armado.,Producto almacenable,Producto almacenable,Cartón / Producto Terminado (Cartón)
Kit backup Chrysler,Servicio,Servicio,Servicios
"Kit de empaque para seat back LH y RH, incluye tarima",Producto almacenable,Producto almacenable,Cartón / Kit (Cartón)
Kit. Emp. de Cartón. Pivot. A. Pieza.,Producto almacenable,Producto almacenable,Cartón / Producto en proceso (Cartón)
Kit. Emp. de Cartón. Pivot. B. Pieza.,Producto almacenable,Producto almacenable,Cartón / Producto en proceso (Cartón)
Kit. Emp. de Cartón. Pivote. Caja.,Producto almacenable,Producto almacenable,Cartón / Producto Terminado (Cartón)
Kit. Emp. de Cartón. Pivote. Pad.,Producto almacenable,Producto almacenable,Cartón / Producto Terminado (Cartón)
Kit. Emp. de Cartón. Pivote. Tapa.,Producto almacenable,Producto almacenable,Cartón / Producto Terminado (Cartón)
L232 Inner Panel WIP Rack RH,Servicio,Servicio,Servicios
"LAMINA 1 , 297 mm X 196 mm X 3 mm ,XLPE 4# STD. NGB 3X48X72,",Producto almacenable,Producto almacenable,Retornable / Producto Comercialización (Retornable)
"LAMINA 2 , 154 mm X 80 mm X 3 mm, XLPE 4# STD. NGB 3X48X72",Producto almacenable,Producto almacenable,Retornable / Producto Comercialización (Retornable)
LAMINA 2MM + DUBETINA STICKER,Producto almacenable,Producto almacenable,Retornable / Producto en proceso (Retornable)
LAMINA 55ECT 2470*2300,Producto almacenable,Producto almacenable,Cartón / Materia Prima (Cartón)
LAMINA BASE DRIVER,Producto almacenable,Producto almacenable,Cartón / Materia Prima (Cartón)
LAMINA BASE PASSENGER,Producto almacenable,Producto almacenable,Cartón / Materia Prima (Cartón)
LAMINA CAJA OPAL,Producto almacenable,Producto almacenable,Cartón / Materia Prima (Cartón)
LAMINA CALIBRE 14,Producto almacenable,Producto almacenable,Retornable / Materia Prima (Retornable)
LAMINA CLUSTER CAP IP MCA,Producto almacenable,Producto almacenable,Retornable / Producto en proceso (Retornable)
LAMINA DE CARTON,Producto almacenable,Producto almacenable,Cartón / Materia Prima (Cartón)
LAMINA DE ESTATICO C/A 100 GRS 1 CARA  1.5mm x 100 mm x 200mm,Producto almacenable,Producto almacenable,Cartón / Producto Comercialización (Cartón)
LAMINA DE ESTATICO C/A 100 GRS 1 CARA  1.5mm x 200 mm x 200mm,Producto almacenable,Producto almacenable,Cartón / Producto Comercialización (Cartón)
LAMINA DE ESTATICO C/A 100 GRS 1 CARA 1. 5mm x 200 mm x 1100mm,Producto almacenable,Producto almacenable,Cartón / Producto Comercialización (Cartón)
"LAMINA DESPLEGADA 1/8"" X 4FT X 10 FT",Producto almacenable,Producto almacenable,Retornable / Materia Prima (Retornable)
LAMINA INSERTO PASSENGER & DRIVER,Producto almacenable,Producto almacenable,Cartón / Materia Prima (Cartón)
LAMINA LAMINADA DUBETINA 1C,Producto almacenable,Producto almacenable,Retornable / Producto en proceso (Retornable)
LAMINA LAMINADA DUBETINA 2C,Producto almacenable,Producto almacenable,Retornable / Producto en proceso (Retornable)
LAMINA PARA CELDA 989,Producto almacenable,Producto almacenable,Cartón / Producto en proceso (Cartón)
LAMINA PARA CELDA APPLIQUE,Producto almacenable,Producto almacenable,Cartón / Producto en proceso (Cartón)
LAMINA PARA CELDA TUNDRA,Producto almacenable,Producto almacenable,Cartón / Producto en Proceso MTS (Cartón)
LAMINA PARA LENTE ROJO LAMINADA,Producto almacenable,Producto almacenable,Cartón / Producto en proceso (Cartón)
LAMINA PARA LENTE ROJO SIN LAMINAR,Producto almacenable,Producto almacenable,Cartón / Producto en proceso (Cartón)
LAMINA RF 4'X 10' CALIBRE 16,Producto almacenable,Producto almacenable,Retornable / Materia Prima (Retornable)
LAMINA STABILUS 1 (FORD & SOLARES),Producto almacenable,Producto almacenable,Cartón / Materia Prima (Cartón)
LAMINA STABILUS 1 (FORD & SOLARES),Producto almacenable,Producto almacenable,Cartón / Materia Prima (Cartón)
LAMINA VENTILA LAMINADA,Producto almacenable,Producto almacenable,Cartón / Producto en proceso (Cartón)
LARAMIE DUNNAGE 4 & 5,Producto almacenable,Producto almacenable,Retornable / Producto Terminado (Retornable)
"LATA DE GAS BUTANO PARA ENCENDEDOR, 125 (TR25131)",Consumible,Consumible,Retornable / Consumibles (Retornable)
LATERLAES RACK BODY,Producto almacenable,Producto almacenable,Retornable / Producto en proceso (Retornable)
LENTE INNER 00216457-02-0000 LH,Producto almacenable,Producto almacenable,Retornable / Producto Terminado (Retornable)
LENTE INNER 00216458-02-0000 RH,Producto almacenable,Producto almacenable,Retornable / Producto Terminado (Retornable)
LENTE OUTER 00216087-02-000 LH,Producto almacenable,Producto almacenable,Retornable / Producto Terminado (Retornable)
LENTE OUTER 00216088-02-0000 RH,Producto almacenable,Producto almacenable,Retornable / Producto Terminado (Retornable)
LIJA DE AGUA A-99 400,Consumible,Consumible,Cartón / Consumibles (Cartón)
LIMPIEZA DE 3400 TOTES PARA CLUSTER P703 (SAME AS CX430),Servicio,Servicio,Servicios
LINER 200  14PE EN 68 X 57 CMS PLASTIFICADO,Producto almacenable,Producto almacenable,Cartón / Materia Prima (Cartón)
LINER 200 14PE EN 58 X 33.5 CMS PLASTIFICADO,Producto almacenable,Producto almacenable,Cartón / Materia Prima (Cartón)
LINER 28PTS 490MM X 665MM,Producto almacenable,Producto almacenable,Cartón / Materia Prima (Cartón)
LINER 28PTS 595MM X 740MM,Producto almacenable,Producto almacenable,Cartón / Materia Prima (Cartón)
LINER 28PTS 800MM X 1083MM,Producto almacenable,Producto almacenable,Cartón / Materia Prima (Cartón)
LINER 28PTS 985MM X 938MM,Producto almacenable,Producto almacenable,Cartón / Materia Prima (Cartón)
LINER KRAFT 205GR 900MM X 1250MM,Producto almacenable,Producto almacenable,Cartón / Materia Prima (Cartón)
LINER KRAFT 400GR 900MM X 1250MM,Producto almacenable,Producto almacenable,Cartón / Materia Prima (Cartón)
LINER KRAFT 500GR 900MM X 1250MM,Producto almacenable,Producto almacenable,Cartón / Materia Prima (Cartón)
LINER SIN PLASTIFICAR 200 529MM X 323MM,Producto almacenable,Producto almacenable,Cartón / Materia Prima (Cartón)
LINNER 180204670 CELDA A,Producto almacenable,Producto almacenable,Cartón / Producto Comercialización (Cartón)
LINNER 180204670 CELDA B,Producto almacenable,Producto almacenable,Cartón / Producto Comercialización (Cartón)
LINNER 180204730,Producto almacenable,Producto almacenable,Cartón / Producto Comercialización (Cartón)
LINNER 184003040 (DS),Producto almacenable,Producto almacenable,Cartón / Producto Comercialización (Cartón)
LINNER 500 GRS. EN 62 X 74.4 CMS,Producto almacenable,Producto almacenable,Cartón / Materia Prima (Cartón)
LINNER 500 GRS. EN 75.4 X 74.4 CMS,Producto almacenable,Producto almacenable,Cartón / Materia Prima (Cartón)
LINNER PLASTIFICADO 68X84(MUEST.010B),Producto almacenable,Producto almacenable,Cartón / Materia Prima (Cartón)
"LLAVE ALLEN T  5/16""X6""",Consumible,Consumible,Cartón / Consumibles (Cartón)
LONA CRISTAL CAL 40,Producto almacenable,Producto almacenable,Retornable / Materia Prima (Retornable)
LONA PERFIL A- DUNNAGE CLUSTER,Producto almacenable,Producto almacenable,Retornable / Producto en proceso (Retornable)
LONA PERFIL B- DUNNAGE CLUSTER,Producto almacenable,Producto almacenable,Retornable / Producto en proceso (Retornable)
LONA TAPA WL REAR REFLECTOR,Producto almacenable,Producto almacenable,Retornable / Producto en proceso (Retornable)
LONA TRANSFLEX,Producto almacenable,Producto almacenable,Cartón / Materia Prima (Cartón)
LONA WL FRONT REFLECTOR,Producto almacenable,Producto almacenable,Retornable / Producto en proceso (Retornable)
LOWER ARMREST ASSY Dunnage para ropack 45X48X25 300 CAVIDADES ($246.70 + $195.50),Producto almacenable,Producto almacenable,Retornable / Producto Terminado (Retornable)
LOWER INSERTO A 1200 MM X 71 MM X 38 mm XLPE 4# STD BLACK + ADHESIVO 8950,Producto almacenable,Producto almacenable,Retornable / Materia Prima (Retornable)
LOWER INSERTO B 1200 MM X 127 MM X 38 mm LOWER IMGL INS B XLPE 4# STD BLACK + ADHESIVO 8950,Producto almacenable,Producto almacenable,Retornable / Materia Prima (Retornable)
LOWER INSERTO C 1165 MM X 38 MM X 25 mm XLPE 4# STD BLACK + ADHESIVO 8950,Producto almacenable,Producto almacenable,Retornable / Materia Prima (Retornable)
LOWER INSERTO C PUERTA IZQUIERDA1165 MM X 50 MM X 25 MM XLPE 4# STD BLACK + ADHESIVO 8950,Producto almacenable,Producto almacenable,Retornable / Materia Prima (Retornable)
LUCID CCB KIT,Servicio,Servicio,Servicios
LUMBER MODEL Y,Producto almacenable,Producto almacenable,Cartón / Kit (Cartón)
LUSTROL P/ PISOS 4 LTS,Consumible,Consumible,Cartón / Consumibles (Cartón)
Lamina HIPS de estireno Blanco 1.20 X 1.52 40ml ( 1.0mm),Producto almacenable,Producto almacenable,Retornable / Materia Prima (Retornable)
Lamina de PET cal.40 (1mm)  1.22*2.44,Producto almacenable,Producto almacenable,Retornable / Materia Prima (Retornable)
Lona tapa front and rear,Producto almacenable,Producto almacenable,Retornable / Producto en proceso (Retornable)
"Lámina rPET Cristal 40 mils, 450x680 mm",Producto almacenable,Producto almacenable,Retornable / Materia Prima (Retornable)
M&W Packaging KIT ON  BUDGET,Consumible,Consumible,Todos
M&W Packaging KIT ON  BUDGET,Servicio,Servicio,Servicios
MAGNA LT,Servicio,Servicio,Servicios
"MALLA DESPLEGADA 1/8"" X 3' X 11 METROS",Producto almacenable,Producto almacenable,Retornable / Materia Prima (Retornable)
MALLA GRAL,Producto almacenable,Producto almacenable,Cartón / Materia Prima (Cartón)
"MANGUERA INDUSTRIAL 25MM 1"" TRANSPARENTE",Producto almacenable,Producto almacenable,Retornable / Materia Prima (Retornable)
"MANGUERA INDUSTRIAL 32MM 1 1/4"" TRANSPARENTE",Producto almacenable,Producto almacenable,Retornable / Materia Prima (Retornable)
"MANGUERA INDUSTRIAL 38MM 1 1/2"" TRANSPARENTE",Producto almacenable,Producto almacenable,Retornable / Materia Prima (Retornable)
"MANGUERA LISA NEGRA DE 1""",Producto almacenable,Producto almacenable,Retornable / Consumibles (Retornable)
MANIOBRAS,Servicio,Servicio,Servicios
MANTENIMIENTO AUTOMOTRIZ,Servicio,Servicio,Todos
MANTENIMIENTO DE MAQUINARIA,Servicio,Servicio,Todos
MANTENIMIENTO DE SISTEMAS COMPUTACIONALES,Servicio,Servicio,Todos
MAP POCKET LOWER FRONT CELDA A,Producto almacenable,Producto almacenable,Cartón / Producto en proceso (Cartón)
MAP POCKET LOWER FRONT CELDA B,Producto almacenable,Producto almacenable,Cartón / Producto en proceso (Cartón)
MAP POCKET LOWER FRONT CELDA C,Producto almacenable,Producto almacenable,Cartón / Producto en proceso (Cartón)
MAP POCKET LOWER FRONT CELDA D,Producto almacenable,Producto almacenable,Cartón / Producto en proceso (Cartón)
MAP POCKET LOWER FRONT CELDA E,Producto almacenable,Producto almacenable,Cartón / Producto en proceso (Cartón)
MAP POCKET LOWER FRONT INSERTO A,Producto almacenable,Producto almacenable,Cartón / Producto en proceso (Cartón)
MAP POCKET LOWER FRONT INSERTO B,Producto almacenable,Producto almacenable,Cartón / Producto en proceso (Cartón)
MAQUILA,Servicio,Servicio,Todos
MASCARILLA N96,Producto almacenable,Producto almacenable,Retornable / Producto Terminado (Retornable)
MATERIAL Y EQUIPO DE LIMPIEZA,Servicio,Servicio,Todos
MCV   Celda A e Inserto D,Producto almacenable,Producto almacenable,Cartón / Materia Prima (Cartón)
"MCV  Celda B, Celda C e Inserto E",Producto almacenable,Producto almacenable,Cartón / Materia Prima (Cartón)
MEB. AUDI. KAAYA. A. Pieza.,Producto almacenable,Producto almacenable,Cartón / Producto en proceso (Cartón)
MEB. AUDI. KAAYA. B. Pieza.,Producto almacenable,Producto almacenable,Cartón / Producto en proceso (Cartón)
MEB. AUDI. KAAYA. Caja.,Producto almacenable,Producto almacenable,Cartón / Producto en proceso (Cartón)
MEB. AUDI. KAAYA. Celdado.,Producto almacenable,Producto almacenable,Cartón / Producto en proceso (Cartón)
MEB. AUDI. KAAYA. TARIMA 42 x 48,Producto almacenable,Producto almacenable,Cartón / Materia Prima (Cartón)
MEB. AUDI. KAAYA. Tapa.,Producto almacenable,Producto almacenable,Cartón / Producto en proceso (Cartón)
MEDIA CAJA 4291AL,Producto almacenable,Producto almacenable,Cartón / Producto en proceso (Cartón)
MEDIA TAPA - GLASS FRONT 780B IC,Producto almacenable,Producto almacenable,Retornable / Producto Terminado (Retornable)
MEDIA TAPA 2422 - LADO 22 AL DUNNAGE,Producto almacenable,Producto almacenable,Retornable / Producto en proceso (Retornable)
"MEDIA TAPA 45""",Producto almacenable,Producto almacenable,Retornable / Producto en proceso (Retornable)
"MEDIA TAPA 45"" + ALMA",Producto almacenable,Producto almacenable,Retornable / Producto en proceso (Retornable)
"MEDIA TAPA 45"" + ALMA - DECO ASSY PASSENGER",Producto almacenable,Producto almacenable,Retornable / Producto en proceso (Retornable)
MEDIA TAPA 4548 ROPACK,Producto almacenable,Producto almacenable,Retornable / Producto en proceso (Retornable)
MEDIA TAPA DE PLASTICO - WINDOW PLATE CX430,Producto almacenable,Producto almacenable,Retornable / Producto en proceso (Retornable)
MEDIA TAPA DE TRANSFLEX C/ INSERTO DE PC 4MM,Producto almacenable,Producto almacenable,Retornable / Producto en proceso (Retornable)
MEDICAMENTO SIN IVA,Servicio,Servicio,Servicios
MEDICAMENTOS Y CURACION,Servicio,Servicio,Servicios
MEDICINA CON IVA,Servicio,Servicio,Servicios
MEDIO CUELLO 4291AL,Producto almacenable,Producto almacenable,Cartón / Producto en proceso (Cartón)
MEDIO CUELLO DOOR PANEL,Producto almacenable,Producto almacenable,Cartón / Producto en proceso (Cartón)
METALEX ULTRA DEEP BRILLANTE AZUL DJ LOWER (COLOR AZUL 006),Producto almacenable,Producto almacenable,Retornable / Materia Prima (Retornable)
METALEX ULTRA DEEP BRILLANTE SUNFLOWER SW6678,Producto almacenable,Producto almacenable,Retornable / Materia Prima (Retornable)
"MH-6114B-3575P Spring Loaded Latch Barrel Dia ~0.61"" x Length ~1.4"" Plunger Dia ~0.35"" x Length ~0.75""",Producto almacenable,Producto almacenable,Retornable / Materia Prima (Retornable)
"MH-6114B-3575P Spring Loaded Latch Barrel Dia ~0.61"" x Length ~1.4"" Plunger Dia ~0.35"" x Length ~0.75""",Producto almacenable,Producto almacenable,Retornable / Materia Prima (Retornable)
MICROALAMBRE 0.35 ACERO AL CARBON,Producto almacenable,Producto almacenable,Cartón / Materia Prima (Cartón)
MICROCORRUGADO PLASTIFICADO ECT 32,Producto almacenable,Producto almacenable,Cartón / Materia Prima (Cartón)
MISCELLANEOUS EXPENSED ITEM,Servicio,Servicio,Servicios
MITAD CUBREBOCAS,Producto almacenable,Producto almacenable,Retornable / Producto en proceso (Retornable)
MODIFICACION SUAJE,Consumible,Consumible,Servicios
MOLDE DE MADERA PARA PROTO,Servicio,Servicio,Servicios
MOLDE PIPE MCV,Servicio,Servicio,Servicios
MOTOR GEAR. RE DISEÑO. Caja RSC.,Producto almacenable,Producto almacenable,Cartón / Producto Terminado (Cartón)
MOTOR GEAR. RE DISEÑO. Celdado.,Producto almacenable,Producto almacenable,Cartón / Producto Terminado (Cartón)
MOTOR GEAR. RE DISEÑO. Cuello.,Producto almacenable,Producto almacenable,Cartón / Producto Terminado (Cartón)
MOTOR GEAR. RE DISEÑO. Pad Iferior.,Producto almacenable,Producto almacenable,Cartón / Producto en proceso (Cartón)
MOTOR GEAR. RE DISEÑO. Pad.,Producto almacenable,Producto almacenable,Cartón / Producto Terminado (Cartón)
MOTOR GEAR. RE DISEÑO. Tapa Gral.,Producto almacenable,Producto almacenable,Cartón / Producto Terminado (Cartón)
MR. MUSCULO WINDEX 650 ML,Consumible,Consumible,Cartón / Consumibles (Cartón)
MUESTRA,Consumible,Consumible,Cartón / Consumibles (Cartón)
MUESTRA 1,Consumible,Consumible,Servicios
MUESTRA 2.,Consumible,Consumible,Servicios
MUESTRA 3.,Consumible,Consumible,Servicios
MUESTRA 4,Consumible,Consumible,Servicios
MUESTRA 5,Consumible,Consumible,Servicios
MUESTRA 6,Consumible,Consumible,Servicios
MUESTRA 7,Consumible,Consumible,Servicios
MUESTRA 7.,Consumible,Consumible,Servicios
MUESTRA 8,Consumible,Consumible,Servicios
MUESTRA 8 SOLO CAJA,Consumible,Consumible,Servicios
MUESTRA DE EMPAQUE,Servicio,Servicio,Servicios
MUESTRA PARA YF,Servicio,Servicio,Servicios
"MX157793 1 X ITEM ""A"" XLPE BLACK D-4.0# PCF (213 X 18 X 35 mm)",Producto almacenable,Producto almacenable,Retornable / Materia Prima (Retornable)
"MX157793 1 X ITEM ""B"" XLPE BLACK D-4.0# PCF (213 X 80 X 20 mm)",Producto almacenable,Producto almacenable,Retornable / Materia Prima (Retornable)
"MX157793 NUEVO MODELO 12 CAV. 1 X ITEM ""B"" XLPE BLACK D-4.0# PCF (213 X 80 X 20 mm)",Producto almacenable,Producto almacenable,Retornable / Materia Prima (Retornable)
"MX157793 NUEVO MODELO 12 CAVIDADES  1 X ITEM ""A"" XLPE BLACK D-4.0# PCF (213 X 18 X 35 mm)",Producto almacenable,Producto almacenable,Retornable / Materia Prima (Retornable)
MX157793. DIAL. CHAROLA X-LINK 10 cav.  (230 x 330 x 146),Producto almacenable,Producto almacenable,Retornable / Producto Terminado (Retornable)
MX157793. DIAL. Charola.,Producto almacenable,Producto almacenable,Retornable / Producto en proceso (Retornable)
"MY AUSTIN CCB - CEL.A,B,C. INS.E. PAD",Producto almacenable,Producto almacenable,Cartón / Materia Prima (Cartón)
"MY AUSTIN CCB - CEL.A,B. INS.E. PAD",Producto almacenable,Producto almacenable,Cartón / Materia Prima (Cartón)
"MY AUSTIN CCB - CEL.D. INS.A,B,C,D.",Producto almacenable,Producto almacenable,Cartón / Materia Prima (Cartón)
"MY AUSTIN CCB - CEL.D. INS.A,B,D.",Producto almacenable,Producto almacenable,Cartón / Materia Prima (Cartón)
MY AUSTIN CCB - CUELLO,Producto almacenable,Producto almacenable,Cartón / Materia Prima (Cartón)
MY AUSTIN CCB - CUELLO,Producto almacenable,Producto almacenable,Cartón / Materia Prima (Cartón)
MY AUSTIN CCB - TAPA,Producto almacenable,Producto almacenable,Cartón / Materia Prima (Cartón)
MY AUSTIN CCB - TAPA,Producto almacenable,Producto almacenable,Cartón / Materia Prima (Cartón)
"MY AUSTIN CCB 45""",Producto almacenable,Producto almacenable,Cartón / Producto Terminado (Cartón)
MY AUSTIN. A. Inserto.,Producto almacenable,Producto almacenable,Cartón / Producto en proceso (Cartón)
MY AUSTIN. A. Pieza.,Producto almacenable,Producto almacenable,Cartón / Producto en proceso (Cartón)
MY AUSTIN. B. Inserto.,Producto almacenable,Producto almacenable,Cartón / Producto en proceso (Cartón)
MY AUSTIN. B. Pieza.,Producto almacenable,Producto almacenable,Cartón / Producto en proceso (Cartón)
MY AUSTIN. C. Inserto.,Producto almacenable,Producto almacenable,Cartón / Producto en proceso (Cartón)
MY AUSTIN. C. Pieza.,Producto almacenable,Producto almacenable,Cartón / Producto en proceso (Cartón)
MY AUSTIN. Celdado.,Producto almacenable,Producto almacenable,Cartón / Producto Terminado (Cartón)
MY AUSTIN. D. Inserto.,Producto almacenable,Producto almacenable,Cartón / Producto en proceso (Cartón)
MY AUSTIN. E. Inserto.,Producto almacenable,Producto almacenable,Cartón / Producto en proceso (Cartón)
MY AUSTIN. F. Inserto.,Producto almacenable,Producto almacenable,Cartón / Producto en proceso (Cartón)
MY AUSTIN. G. Inserto.,Producto almacenable,Producto almacenable,Cartón / Producto en proceso (Cartón)
MY AUSTIN. Pad.,Producto almacenable,Producto almacenable,Cartón / Producto Terminado (Cartón)
MY AUSTIN. Pared con doblez o U.,Producto almacenable,Producto almacenable,Cartón / Producto Terminado (Cartón)
MY AUSTIN. Tapa Gral.,Producto almacenable,Producto almacenable,Cartón / Producto Terminado (Cartón)
MainCarrier FR Engineering,Consumible,Consumible,Servicios
MainCarrier RR Engineering,Consumible,Consumible,Servicios
Maniobras,Servicio,Servicio,Servicios
Map pocket dunnage,Producto almacenable,Producto almacenable,Retornable / Producto en proceso (Retornable)
Media manga - Array,Producto almacenable,Producto almacenable,Cartón / Producto en proceso (Cartón)
Metal Mount RFID Label Metal Racks/Container ARMREST REAR,Producto almacenable,Producto almacenable,Retornable / Consumibles (Retornable)
"Metal Mount RFID Label Metal Racks/Containers 	ARMREST REAR",Producto almacenable,Producto almacenable,Retornable / Consumibles (Retornable)
Model Y. Glovebox. FOAM 2.2 LB 50.8 X 533MM X 25.4 MM,Producto almacenable,Producto almacenable,Retornable / Materia Prima (Retornable)
Modelo S. 18256. ARMREST. CELDA 1 cav.,Producto almacenable,Producto almacenable,Cartón / Producto Terminado (Cartón)
Modelo S. Armrest. A. Pieza.,Producto almacenable,Producto almacenable,Cartón / Producto en proceso (Cartón)
Modelo S. Armrest. B. Pieza.,Producto almacenable,Producto almacenable,Cartón / Producto en proceso (Cartón)
Modelo Y. TMC0110. Center. A. Pieza.,Producto almacenable,Producto almacenable,Cartón / Producto en proceso (Cartón)
Modelo Y. TMC0110. Center. B. Pieza.,Producto almacenable,Producto almacenable,Cartón / Producto en proceso (Cartón)
Modelo Y. TMC0110. Center. Celda Armada.,Producto almacenable,Producto almacenable,Cartón / Producto Terminado (Cartón)
Modelo Y. TMC0110. Center. Obsoleto. A. Pieza.,Producto almacenable,Producto almacenable,Cartón / Producto en proceso (Cartón)
Modelo Y. TMC0110. Center. Obsoleto. B. Pieza.,Producto almacenable,Producto almacenable,Cartón / Producto en proceso (Cartón)
Modelo Y. TMC095. Front. A. Pieza.,Producto almacenable,Producto almacenable,Cartón / Producto en proceso (Cartón)
Modelo Y. TMC095. Front. B. Pieza.,Producto almacenable,Producto almacenable,Cartón / Producto en proceso (Cartón)
Modelo Y. TMC100. Lumbar. A. Pieza.,Producto almacenable,Producto almacenable,Cartón / Producto en proceso (Cartón)
Modelo Y. TMC100. Lumbar. B. Pieza.,Producto almacenable,Producto almacenable,Cartón / Producto en proceso (Cartón)
Modelo Y. TMC110. Armrest. A. Pieza.,Producto almacenable,Producto almacenable,Cartón / Producto en proceso (Cartón)
Modelo Y. TMC110. Armrest. B. Pieza.,Producto almacenable,Producto almacenable,Cartón / Producto en proceso (Cartón)
Modelo Y. TMC110. Rear. A. Pieza.,Producto almacenable,Producto almacenable,Cartón / Producto en proceso (Cartón)
Modelo Y. TMC110. Rear. B. Pieza.,Producto almacenable,Producto almacenable,Cartón / Producto en proceso (Cartón)
Molde Module 1108_S06,Servicio,Servicio,Servicios
Molde Module 1112,Servicio,Servicio,Servicios
Molde module 1271,Servicio,Servicio,Servicios
Motogear. Charola.,Producto almacenable,Producto almacenable,Cartón / Producto Terminado (Cartón)
Motorgear. A. Pieza.,Producto almacenable,Producto almacenable,Cartón / Producto en proceso (Cartón)
Motorgear. B. Pieza.,Producto almacenable,Producto almacenable,Cartón / Producto en proceso (Cartón)
Motorgear. Celda Armada.,Producto almacenable,Producto almacenable,Cartón / Producto Terminado (Cartón)
Motorgear. Charola Armada.,Producto almacenable,Producto almacenable,Cartón / Producto Terminado (Cartón)
Motorgear. Separador para Celdas.,Producto almacenable,Producto almacenable,Cartón / Producto Terminado (Cartón)
Motorgear. Tapa General.,Producto almacenable,Producto almacenable,Cartón / Producto Terminado (Cartón)
Motorgear. Tapa para Charola.,Producto almacenable,Producto almacenable,Cartón / Producto Terminado (Cartón)
Muestra 1. Servicio. Caja.,Producto almacenable,Producto almacenable,Cartón / Producto en proceso (Cartón)
Muestra 1. Servicio. Caja.,Producto almacenable,Producto almacenable,Cartón / Kit (Cartón)
Muestra 1. Servicio. Celdad A,Producto almacenable,Producto almacenable,Cartón / Kit (Cartón)
Muestra 1. Servicio. Celdad B,Producto almacenable,Producto almacenable,Cartón / Kit (Cartón)
Muestra 1. Servicio. Celdado,Producto almacenable,Producto almacenable,Cartón / Kit (Cartón)
Muestra 1. Servicio. Inserto,Producto almacenable,Producto almacenable,Cartón / Kit (Cartón)
Muestra 2. Servicio. A. Pieza.,Producto almacenable,Producto almacenable,Cartón / Producto en proceso (Cartón)
Muestra 2. Servicio. B. Pieza.,Producto almacenable,Producto almacenable,Cartón / Producto en proceso (Cartón)
Muestra 2. Servicio. Caja.,Producto almacenable,Producto almacenable,Cartón / Producto en proceso (Cartón)
Muestra 2. Servicio. Celda.,Producto almacenable,Producto almacenable,Cartón / Producto en proceso (Cartón)
Muestra 2. Servicio. Inserto.,Producto almacenable,Producto almacenable,Cartón / Producto en proceso (Cartón)
Muestra Marzo (copia),Servicio,Servicio,Servicios
N61506003,Producto almacenable,Producto almacenable,Cartón / Producto Terminado (Cartón)
N61506004. Caja.,Producto almacenable,Producto almacenable,Cartón / Producto Terminado (Cartón)
N61506309,Producto almacenable,Producto almacenable,Cartón / Kit (Cartón)
N61506310 KIT,Producto almacenable,Producto almacenable,Cartón / Kit (Cartón)
N61506310. A. Pieza.,Producto almacenable,Producto almacenable,Cartón / Producto en proceso (Cartón)
N61506310. B. Pieza.,Producto almacenable,Producto almacenable,Cartón / Producto en proceso (Cartón)
N61506310. C. Pieza.,Producto almacenable,Producto almacenable,Cartón / Producto en proceso (Cartón)
N61506310. D. Pieza.,Producto almacenable,Producto almacenable,Cartón / Producto en proceso (Cartón)
N61506310. E. Pieza.,Producto almacenable,Producto almacenable,Cartón / Producto en proceso (Cartón)
N61506310. Kit. Caja.,Producto almacenable,Producto almacenable,Cartón / Producto Terminado (Cartón)
N61506310. Kit. Celda Armada.,Producto almacenable,Producto almacenable,Cartón / Producto Terminado (Cartón)
N61506378. A. Pieza.,Producto almacenable,Producto almacenable,Cartón / Producto en proceso (Cartón)
N61506378. B. Pieza.,Producto almacenable,Producto almacenable,Cartón / Producto en proceso (Cartón)
N61506378. Celda Armada.,Producto almacenable,Producto almacenable,Cartón / Producto Terminado (Cartón)
N61506380 KIT,Producto almacenable,Producto almacenable,Cartón / Kit (Cartón)
N61506380. A. Pieza.,Producto almacenable,Producto almacenable,Cartón / Producto en proceso (Cartón)
N61506380. B. Pieza.,Producto almacenable,Producto almacenable,Cartón / Producto en proceso (Cartón)
N61506380. Caja.,Producto almacenable,Producto almacenable,Cartón / Producto Terminado (Cartón)
N61506380. Celdado.,Producto almacenable,Producto almacenable,Cartón / Producto Terminado (Cartón)
N61506391,Producto almacenable,Producto almacenable,Cartón / Producto Terminado (Cartón)
N61506396 KIT,Producto almacenable,Producto almacenable,Cartón / Kit (Cartón)
N61506396. A Pieza.,Producto almacenable,Producto almacenable,Cartón / Producto en proceso (Cartón)
N61506396. B. Pieza.,Producto almacenable,Producto almacenable,Cartón / Producto en proceso (Cartón)
N61506396. Caja.,Producto almacenable,Producto almacenable,Cartón / Producto Terminado (Cartón)
N61506396. Celda Armada.,Producto almacenable,Producto almacenable,Cartón / Producto Terminado (Cartón)
N61506396. Separador.,Producto almacenable,Producto almacenable,Cartón / Producto Terminado (Cartón)
N61506397,Producto almacenable,Producto almacenable,Cartón / Kit (Cartón)
N61506401 CELDA,Producto almacenable,Producto almacenable,Cartón / Producto Terminado (Cartón)
N61506401 CELDA A,Producto almacenable,Producto almacenable,Cartón / Producto en proceso (Cartón)
N61506401 CELDA B,Producto almacenable,Producto almacenable,Cartón / Producto en proceso (Cartón)
N61506405,Producto almacenable,Producto almacenable,Cartón / Producto Terminado (Cartón)
N61506536. A. Inserto.,Producto almacenable,Producto almacenable,Cartón / Producto en proceso (Cartón)
N61506536. B. Pieza.,Producto almacenable,Producto almacenable,Cartón / Producto en proceso (Cartón)
N61506536. C. Pieza.,Producto almacenable,Producto almacenable,Cartón / Producto en proceso (Cartón)
N61506536. Celda Armada.,Producto almacenable,Producto almacenable,Cartón / Producto Terminado (Cartón)
N61506549 CAJA,Producto almacenable,Producto almacenable,Cartón / Producto Terminado (Cartón)
N61506556 CAJA,Producto almacenable,Producto almacenable,Cartón / Producto Terminado (Cartón)
N61506558 CELDA A,Producto almacenable,Producto almacenable,Cartón / Producto en proceso (Cartón)
N61506558 CELDA B,Producto almacenable,Producto almacenable,Cartón / Producto en proceso (Cartón)
N61506558 CELDADO,Producto almacenable,Producto almacenable,Cartón / Producto Terminado (Cartón)
N61506567. Caja.,Producto almacenable,Producto almacenable,Cartón / Producto Terminado (Cartón)
N61506569. A. Pieza.,Producto almacenable,Producto almacenable,Cartón / Producto en proceso (Cartón)
N61506569. B. Pieza.,Producto almacenable,Producto almacenable,Cartón / Producto en proceso (Cartón)
N61506569. Celda Armada.,Producto almacenable,Producto almacenable,Cartón / Producto Terminado (Cartón)
N61506571 CAJA,Producto almacenable,Producto almacenable,Cartón / Producto Terminado (Cartón)
N61506589 CELDA A,Producto almacenable,Producto almacenable,Cartón / Producto en proceso (Cartón)
N61506589 CELDA B,Producto almacenable,Producto almacenable,Cartón / Producto en proceso (Cartón)
N61506589 CELDADO,Producto almacenable,Producto almacenable,Cartón / Producto Terminado (Cartón)
N61506615. A. Pieza.,Producto almacenable,Producto almacenable,Cartón / Producto en proceso (Cartón)
N61506615. B. Pieza.,Producto almacenable,Producto almacenable,Cartón / Producto en proceso (Cartón)
N61506615. Celda.,Producto almacenable,Producto almacenable,Cartón / Producto Terminado (Cartón)
N61506615. Celdado Armado.,Producto almacenable,Producto almacenable,Cartón / Producto Terminado (Cartón)
N61506615. Inserto para Celdado.,Producto almacenable,Producto almacenable,Cartón / Producto Terminado (Cartón)
N61506619 CAJA,Producto almacenable,Producto almacenable,Cartón / Producto Terminado (Cartón)
N61506646. A. Pieza.,Producto almacenable,Producto almacenable,Cartón / Producto en proceso (Cartón)
N61506646. B. Pieza.,Producto almacenable,Producto almacenable,Cartón / Producto en proceso (Cartón)
N61506646. Celda Armada.,Producto almacenable,Producto almacenable,Cartón / Producto Terminado (Cartón)
N61506651. Caja.,Producto almacenable,Producto almacenable,Cartón / Producto Terminado (Cartón)
N61506660,Producto almacenable,Producto almacenable,Cartón / Producto Terminado (Cartón)
N61506664 CAJA,Producto almacenable,Producto almacenable,Cartón / Producto Terminado (Cartón)
N61506694. A. Pieza.,Producto almacenable,Producto almacenable,Cartón / Producto en proceso (Cartón)
N61506694. B. Pieza Troquelada.,Producto almacenable,Producto almacenable,Cartón / Producto en proceso (Cartón)
N61506694. Celda Armada.,Producto almacenable,Producto almacenable,Cartón / Producto Terminado (Cartón)
N61506695 KIT,Producto almacenable,Producto almacenable,Cartón / Kit (Cartón)
N61506695. Caja.,Producto almacenable,Producto almacenable,Cartón / Producto Terminado (Cartón)
N61506695. Tapa.,Producto almacenable,Producto almacenable,Cartón / Producto Terminado (Cartón)
N61506696 CELDA A,Producto almacenable,Producto almacenable,Cartón / Producto en proceso (Cartón)
N61506696 CELDA B,Producto almacenable,Producto almacenable,Cartón / Producto en proceso (Cartón)
N61506696 CELDADO,Producto almacenable,Producto almacenable,Cartón / Producto Terminado (Cartón)
N61506697,Producto almacenable,Producto almacenable,Cartón / Producto Terminado (Cartón)
N61506697 - A,Producto almacenable,Producto almacenable,Cartón / Producto en proceso (Cartón)
N61506697 - B,Producto almacenable,Producto almacenable,Cartón / Producto en proceso (Cartón)
N61506700 CAJA,Producto almacenable,Producto almacenable,Cartón / Producto Terminado (Cartón)
N61506704 CELDA A,Producto almacenable,Producto almacenable,Cartón / Producto en proceso (Cartón)
N61506704 CELDA B,Producto almacenable,Producto almacenable,Cartón / Producto en proceso (Cartón)
N61506704 CELDADO,Producto almacenable,Producto almacenable,Cartón / Producto Terminado (Cartón)
N61506706 CELDA A,Producto almacenable,Producto almacenable,Cartón / Producto en proceso (Cartón)
N61506706 CELDA B,Producto almacenable,Producto almacenable,Cartón / Producto en proceso (Cartón)
N61506706 CELDA C,Producto almacenable,Producto almacenable,Cartón / Producto en proceso (Cartón)
N61506706 CELDADO,Producto almacenable,Producto almacenable,Cartón / Producto Terminado (Cartón)
N61506707 CAJA,Producto almacenable,Producto almacenable,Cartón / Producto Terminado (Cartón)
N61506726 CAJA,Producto almacenable,Producto almacenable,Cartón / Producto Terminado (Cartón)
N61506726 CELDA A,Producto almacenable,Producto almacenable,Cartón / Producto en proceso (Cartón)
N61506726 CELDA ARMADA,Producto almacenable,Producto almacenable,Cartón / Producto Terminado (Cartón)
N61506726 CELDA B,Producto almacenable,Producto almacenable,Cartón / Producto en proceso (Cartón)
N61506726 KIT,Producto almacenable,Producto almacenable,Cartón / Kit (Cartón)
N61506727 KIT,Producto almacenable,Producto almacenable,Cartón / Kit (Cartón)
N61506727. A. Pieza.,Producto almacenable,Producto almacenable,Cartón / Producto en proceso (Cartón)
N61506727. B. Pieza.,Producto almacenable,Producto almacenable,Cartón / Producto en proceso (Cartón)
N61506727. C. Pieza.,Producto almacenable,Producto almacenable,Cartón / Producto en proceso (Cartón)
N61506727. Caja.,Producto almacenable,Producto almacenable,Cartón / Producto Terminado (Cartón)
N61506727. Celda.,Producto almacenable,Producto almacenable,Cartón / Producto Terminado (Cartón)
N61506729 KIT,Producto almacenable,Producto almacenable,Cartón / Kit (Cartón)
N61506729. A. Pieza.,Producto almacenable,Producto almacenable,Cartón / Producto en proceso (Cartón)
N61506729. B. Pieza.,Producto almacenable,Producto almacenable,Cartón / Producto en proceso (Cartón)
N61506729. C. Pieza.,Producto almacenable,Producto almacenable,Cartón / Producto en proceso (Cartón)
N61506729. D. Pieza.,Producto almacenable,Producto almacenable,Cartón / Producto en proceso (Cartón)
N61506729. E. Pieza.,Producto almacenable,Producto almacenable,Cartón / Producto en proceso (Cartón)
N61506729. F. Pieza.,Producto almacenable,Producto almacenable,Cartón / Producto en proceso (Cartón)
N61506729. G. Pieza.,Producto almacenable,Producto almacenable,Cartón / Producto en proceso (Cartón)
N61506729. Kit. Caja.,Producto almacenable,Producto almacenable,Cartón / Producto Terminado (Cartón)
N61506729. Kit. Celda Armada.,Producto almacenable,Producto almacenable,Cartón / Producto Terminado (Cartón)
N61506729. Kit. Separador.,Producto almacenable,Producto almacenable,Cartón / Producto Terminado (Cartón)
N61506729. Kit. Tapa.,Producto almacenable,Producto almacenable,Cartón / Producto Terminado (Cartón)
N61506735. A. Pieza.,Producto almacenable,Producto almacenable,Cartón / Producto en proceso (Cartón)
N61506735. B. Pieza.,Producto almacenable,Producto almacenable,Cartón / Producto en proceso (Cartón)
N61506735. Celdado. A 4R. B 2R.,Producto almacenable,Producto almacenable,Cartón / Producto Terminado (Cartón)
N61506746 KIT,Producto almacenable,Producto almacenable,Cartón / Kit (Cartón)
N61506747. A. Pieza.,Producto almacenable,Producto almacenable,Cartón / Producto en proceso (Cartón)
N61506747. B. Pieza.,Producto almacenable,Producto almacenable,Cartón / Producto en proceso (Cartón)
N61506747. Kit. Caja.,Producto almacenable,Producto almacenable,Cartón / Producto Terminado (Cartón)
N61506747. Kit. Celda Armada.,Producto almacenable,Producto almacenable,Cartón / Producto Terminado (Cartón)
N61506747. Kit. Esquinero.,Producto almacenable,Producto almacenable,Cartón / Producto Terminado (Cartón)
N61506747. Kit. Tapa.,Producto almacenable,Producto almacenable,Cartón / Producto Terminado (Cartón)
N61506763 KIT,Producto almacenable,Producto almacenable,Cartón / Kit (Cartón)
N61506763. A. Pieza.,Producto almacenable,Producto almacenable,Cartón / Producto en proceso (Cartón)
N61506763. B. Pieza.,Producto almacenable,Producto almacenable,Cartón / Producto en proceso (Cartón)
N61506763. C. Pieza.,Producto almacenable,Producto almacenable,Cartón / Producto en proceso (Cartón)
N61506763. Caja.,Producto almacenable,Producto almacenable,Cartón / Producto Terminado (Cartón)
N61506763. D. Pieza.,Producto almacenable,Producto almacenable,Cartón / Producto en proceso (Cartón)
N61506763. Kit. Celdado.,Producto almacenable,Producto almacenable,Cartón / Producto Terminado (Cartón)
N61506764 KIT,Producto almacenable,Producto almacenable,Cartón / Kit (Cartón)
N61506764. A. Pieza.,Producto almacenable,Producto almacenable,Cartón / Producto en proceso (Cartón)
N61506764. B. Pieza.,Producto almacenable,Producto almacenable,Cartón / Producto en proceso (Cartón)
N61506764. C. Pieza.,Producto almacenable,Producto almacenable,Cartón / Producto en proceso (Cartón)
N61506764. D. Pieza.,Producto almacenable,Producto almacenable,Cartón / Producto en proceso (Cartón)
N61506764. Kit. Caja.,Producto almacenable,Producto almacenable,Cartón / Producto Terminado (Cartón)
N61506764. Kit. Celda Armada.,Producto almacenable,Producto almacenable,Cartón / Producto Terminado (Cartón)
N61506765. Caja.,Producto almacenable,Producto almacenable,Cartón / Producto Terminado (Cartón)
N61506768. A. Pieza.,Producto almacenable,Producto almacenable,Cartón / Producto en proceso (Cartón)
"N61506768. B, Pieza.",Producto almacenable,Producto almacenable,Cartón / Producto en proceso (Cartón)
N61506768. C. Pieza.,Producto almacenable,Producto almacenable,Cartón / Producto en proceso (Cartón)
N61506768. D. Pieza.,Producto almacenable,Producto almacenable,Cartón / Producto en proceso (Cartón)
N61506768. Kit. Caja.,Producto almacenable,Producto almacenable,Cartón / Producto Terminado (Cartón)
N61506768. Kit. Celdado.,Producto almacenable,Producto almacenable,Cartón / Producto Terminado (Cartón)
N61506770 CAJA,Producto almacenable,Producto almacenable,Cartón / Producto Terminado (Cartón)
N61506785 KIT,Producto almacenable,Producto almacenable,Cartón / Kit (Cartón)
N61506808 CELDA A,Producto almacenable,Producto almacenable,Cartón / Producto en proceso (Cartón)
N61506808 CELDA B,Producto almacenable,Producto almacenable,Cartón / Producto en proceso (Cartón)
N61506808 KIT,Producto almacenable,Producto almacenable,Cartón / Kit (Cartón)
N61506808. Kit. Caja.,Producto almacenable,Producto almacenable,Cartón / Producto Terminado (Cartón)
N61506809 KIT,Producto almacenable,Producto almacenable,Cartón / Kit (Cartón)
N61506809. A. Pieza.,Producto almacenable,Producto almacenable,Cartón / Producto en proceso (Cartón)
N61506809. B. Pieza.,Producto almacenable,Producto almacenable,Cartón / Producto en proceso (Cartón)
N61506809. Kit. Caja.,Producto almacenable,Producto almacenable,Cartón / Producto Terminado (Cartón)
N61506809. Kit. Celda Armada.,Producto almacenable,Producto almacenable,Cartón / Producto Terminado (Cartón)
N61506809. Kit. Separador.,Producto almacenable,Producto almacenable,Cartón / Producto Terminado (Cartón)
N61506825 CAJA,Producto almacenable,Producto almacenable,Cartón / Producto Terminado (Cartón)
N61506825 CELDA A,Producto almacenable,Producto almacenable,Cartón / Producto en proceso (Cartón)
N61506825 CELDA B,Producto almacenable,Producto almacenable,Cartón / Producto en proceso (Cartón)
N61506825 CELDA C,Producto almacenable,Producto almacenable,Cartón / Producto en proceso (Cartón)
N61506825 CELDA D,Producto almacenable,Producto almacenable,Cartón / Producto en proceso (Cartón)
N61506825 CELDA E,Producto almacenable,Producto almacenable,Cartón / Producto en proceso (Cartón)
N61506825 CELDA F,Producto almacenable,Producto almacenable,Cartón / Producto en proceso (Cartón)
N61506825 CELDA G,Producto almacenable,Producto almacenable,Cartón / Producto en proceso (Cartón)
N61506825 CELDA H,Producto almacenable,Producto almacenable,Cartón / Producto en proceso (Cartón)
N61506825 CELDADO,Producto almacenable,Producto almacenable,Cartón / Producto Terminado (Cartón)
N61506825 KIT,Producto almacenable,Producto almacenable,Cartón / Kit (Cartón)
N61506825 SEPARADOR,Producto almacenable,Producto almacenable,Cartón / Producto Terminado (Cartón)
N61506857 KIT REFLEX,Producto almacenable,Producto almacenable,Cartón / Kit (Cartón)
N61506862 KIT BODY SIDE,Producto almacenable,Producto almacenable,Cartón / Producto Terminado (Cartón)
N61507747 KIT,Producto almacenable,Producto almacenable,Cartón / Kit (Cartón)
NARANJA GCMI-81 FAS,Consumible,Consumible,Cartón / Consumibles (Cartón)
"NAVAJA MULTIUSOS 6"" PLASTICO TRUPER",Consumible,Consumible,Cartón / Consumibles (Cartón)
NAVAJA REPUESTO RX-110  C/5,Consumible,Consumible,Cartón / Consumibles (Cartón)
"NAVARA. Bolsa de Evolon 340mm X 745mm. ""487.203-74 NISSAN""",Producto almacenable,Producto almacenable,Retornable / Producto Terminado (Retornable)
NEGRO GCMI-90 FAS,Consumible,Consumible,Cartón / Consumibles (Cartón)
NO TEJIDO DE POLIESTER 40 GR BLANCO H.150CM CON CORTE A 50CM,Producto almacenable,Producto almacenable,Cartón / Materia Prima (Cartón)
NO TEJIDO DE POLIESTER 40 GR BLANCO H.150CM CON CORTE A 61CM,Producto almacenable,Producto almacenable,Cartón / Materia Prima (Cartón)
NO TEJIDO DE POLIESTER 40 GR BLANCO H.150CM CON CORTE A 81CM,Producto almacenable,Producto almacenable,Cartón / Materia Prima (Cartón)
NO TEJIDO DE POLIESTER 40 GR BLANCO H.150CM CON CORTE A 95CM,Producto almacenable,Producto almacenable,Cartón / Materia Prima (Cartón)
NO TEJIDO DE POLIPROP. 100GR. BLANCO ADHESIVO H.150CM,Producto almacenable,Producto almacenable,Cartón / Materia Prima (Cartón)
NO TEJIDO DE POLIPROP. 70GR. BLANCO ADHESIVO H.150CM (CORTE A 1.2M SOBRANTE DE .3M),Producto almacenable,Producto almacenable,Retornable / Materia Prima (Retornable)
NOMINA CARTÓN,Servicio,Servicio,Todos
NOMINA RETORNABLE,Servicio,Servicio,Todos
NOVABIN MONOFLO BC 48 x 45 x 25IN,Producto almacenable,Producto almacenable,Retornable / Producto Comercialización (Retornable)
NOVABIN MONOFLO BC 48 x 45 x 34IN,Producto almacenable,Producto almacenable,Retornable / Materia Prima (Retornable)
NYLON ( CINTA DE POLIPROPILENO) 25 MM,Producto almacenable,Producto almacenable,Cartón / Materia Prima (Cartón)
NYLON ( CINTA DE POLIPROPILENO) 50 MM,Producto almacenable,Producto almacenable,Cartón / Materia Prima (Cartón)
"NYLON 1"" - MEDIA TAPA 45""",Producto almacenable,Producto almacenable,Retornable / Producto en proceso (Retornable)
"NYLON 1"" HOUSING INNER",Producto almacenable,Producto almacenable,Retornable / Producto en proceso (Retornable)
"NYLON 1"" PARA TAPA ARMADA 2415",Producto almacenable,Producto almacenable,Retornable / Producto en proceso (Retornable)
"NYLON 1"" PARA TAPA BOLSTER DRIVER",Producto almacenable,Producto almacenable,Retornable / Producto en proceso (Retornable)
"NYLON 1"" TAPA 2224",Producto almacenable,Producto almacenable,Retornable / Producto en proceso (Retornable)
"NYLON 1"" TAPA 4548 PASSENGER",Producto almacenable,Producto almacenable,Retornable / Producto en proceso (Retornable)
"NYLON 1"" TAPA CLUSTER BEZEL",Producto almacenable,Producto almacenable,Retornable / Producto en proceso (Retornable)
"NYLON 1"" TAPA CLUSTER CAP",Producto almacenable,Producto almacenable,Retornable / Producto en proceso (Retornable)
"NYLON 1"" TAPA SPEAKER GRILLE",Producto almacenable,Producto almacenable,Retornable / Producto en proceso (Retornable)
NYLON TAPA - DUNNAGE 40X,Producto almacenable,Producto almacenable,Retornable / Producto en proceso (Retornable)
NYLON TAPA B - DUNNAGE CLUSTER,Producto almacenable,Producto almacenable,Retornable / Producto en proceso (Retornable)
"NYLON TFT 500B 4.2"" Y 7""",Producto almacenable,Producto almacenable,Retornable / Producto en proceso (Retornable)
NYLON TFT CX430,Producto almacenable,Producto almacenable,Retornable / Producto en proceso (Retornable)
"NYLON1"" - MEDIA TAPA 4548 ROPACK",Producto almacenable,Producto almacenable,Retornable / Producto en proceso (Retornable)
Nextracker. 1. Charola Armada.,Producto almacenable,Producto almacenable,Cartón / Producto Terminado (Cartón)
Nextracker. Ver. 2. Celda.,Producto almacenable,Producto almacenable,Cartón / Producto en Proceso MTS (Cartón)
Nylon extra m s complemento de aumento en plastico corrugado para Dunnage EMS SHIEL,Servicio,Servicio,Servicios
Nylon extra m s complemento de aumento en plastico corrugado para Dunnage FRAME,Servicio,Servicio,Servicios
Nylon extra m s complemento de aumento en plastico corrugado para Dunnage Heat Sink + CAMBIO DE INGENIERA,Servicio,Servicio,Servicios
Nylon extra m s complemento de aumento en plastico corrugado para Dunnage Lower Case,Servicio,Servicio,Servicios
Nylon extra m s complemento de aumento en plastico corrugado para Dunnage para window plate,Servicio,Servicio,Servicios
OPAL,Consumible,Consumible,Todos
ORDEN CERRADA ROTATIVA,Producto almacenable,Producto almacenable,Cartón / Materia Prima (Cartón)
OXIGENO,Consumible,Consumible,Retornable
One piece Lucid CBB - 1Prototype  Prototype 2 Sleeve DK 42 ECT 2 KITS OF CELLS 1 Lid DK 36 ECT 8 corner straps Std pack= 6 pieces Per design attached,Servicio,Servicio,Servicios
Outer case U554 HUD - Tapa A,Producto almacenable,Producto almacenable,Retornable / Producto en proceso (Retornable)
Outer case U554 HUD - Tapa B,Producto almacenable,Producto almacenable,Retornable / Producto en proceso (Retornable)
P1 SPARTAMBURG,Consumible,Consumible,Todos
P1 SPARTAMBURG. CHAROLA ARMADA. COMPARTIMENT INSERT 1150X1100X225MM ESD.,Consumible,Consumible,Servicios
P1 SPARTAMBURG. CHAROLA ARMADA. COMPARTIMENT INSERT 1150X1100X225MM ESD. copiaa,Producto almacenable,Producto almacenable,Cartón / Producto Terminado (Cartón)
P1. Spartamburg. A y C. Pieza.,Producto almacenable,Producto almacenable,Cartón / Producto en proceso (Cartón)
P1. Spartamburg. B. Pieza.,Producto almacenable,Producto almacenable,Cartón / Producto en proceso (Cartón)
P1. Spartamburg. C Y D. Pieza.,Producto almacenable,Producto almacenable,Cartón / Producto en proceso (Cartón)
P1. Spartamburg. E Y G. Pieza.,Producto almacenable,Producto almacenable,Cartón / Producto en proceso (Cartón)
P1. Spartamburg. F. Pieza.,Producto almacenable,Producto almacenable,Cartón / Producto en proceso (Cartón)
P1. Spartamburg. F. Pieza.,Producto almacenable,Producto almacenable,Cartón / Producto en proceso (Cartón)
P1. Spartamburg. G. Pieza.,Producto almacenable,Producto almacenable,Cartón / Producto en proceso (Cartón)
P2 SPARTAMBURG. CHAROLA ARMADA. COMPARTIMENT INSERT 1150X1100X160MM ESD,Producto almacenable,Producto almacenable,Cartón / Producto Terminado (Cartón)
P2 SPARTAMBURG. CHAROLA ARMADA. COMPARTIMENT INSERT 1150X1100X160MM ESD,Consumible,Consumible,Servicios
P2 Spartamburg. Compartiment Insert. E. Pieza.,Producto almacenable,Producto almacenable,Cartón / Producto en proceso (Cartón)
P2 Spartamburg. Compartiment Insert. F. Pieza.,Producto almacenable,Producto almacenable,Cartón / Producto en proceso (Cartón)
P2. Spartamburg.  D Y F. Pieza.,Producto almacenable,Producto almacenable,Cartón / Producto en proceso (Cartón)
P2. Spartamburg. A Y E. Pieza.,Producto almacenable,Producto almacenable,Cartón / Producto en proceso (Cartón)
P2. Spartamburg. B. Pieza.,Producto almacenable,Producto almacenable,Cartón / Producto en proceso (Cartón)
P2. Spartamburg. C. Pieza.,Producto almacenable,Producto almacenable,Cartón / Producto en proceso (Cartón)
P375 PLASTIC DUNNAGE,Producto almacenable,Producto almacenable,Retornable / Producto Terminado (Retornable)
P558. Piso.,Producto almacenable,Producto almacenable,Cartón / Producto en proceso (Cartón)
P702 SBW RSC,Producto almacenable,Producto almacenable,Cartón / Producto en proceso (Cartón)
P703. BRACKET. CHAROLA. ENCOROPLAST ESD 4 MM CON DUNNAGE PARA 5 PIEZAS CON CUBIERTA DE CORTILONA ESD,Producto almacenable,Producto almacenable,Retornable / Producto Terminado (Retornable)
P703. TFT. CHAROLA 5 cav. PLASTICO CORRUGADO ESD 4 MM,Producto almacenable,Producto almacenable,Retornable / Producto Terminado (Retornable)
P708. Racks Retrabajo. Dunnage 52x en Lona Coating p/ Estructura Universal.,Producto almacenable,Producto almacenable,Retornable / Producto Terminado (Retornable)
P758 DUNNAGE,Producto almacenable,Producto almacenable,Retornable / Producto Terminado (Retornable)
P780 skin universal rack with bag system,Producto almacenable,Producto almacenable,Retornable / Producto Terminado (Retornable)
P8. CC91. Tapa.,Producto almacenable,Producto almacenable,Cartón / Producto Terminado (Cartón)
P8. Cuello Exterior.,Producto almacenable,Producto almacenable,Cartón / Producto Terminado (Cartón)
P8. Cuello Exterior. Corte.,Producto almacenable,Producto almacenable,Cartón / Producto en proceso (Cartón)
P8. Cuello Interior.,Producto almacenable,Producto almacenable,Cartón / Producto Terminado (Cartón)
P8. Cuello Interior. Corte.,Producto almacenable,Producto almacenable,Cartón / Producto en proceso (Cartón)
P8. Panel.,Producto almacenable,Producto almacenable,Cartón / Producto Terminado (Cartón)
P8. Piso.,Producto almacenable,Producto almacenable,Cartón / Producto Terminado (Cartón)
PACKAGING LAB TESTS FOR SPARE PARTS P1,Servicio,Servicio,Servicios
PACKAGING LAB TESTS FOR SPARE PARTS P2,Servicio,Servicio,Servicios
PACKAGING LAB TESTS FOR SPARTANBURG P2,Servicio,Servicio,Servicios
PACKAGING SAMPLE,Servicio,Servicio,Servicios
PAD,Producto almacenable,Producto almacenable,Cartón / Producto en proceso (Cartón)
PAD - KIT 330 MCA,Producto almacenable,Producto almacenable,Cartón / Producto en proceso (Cartón)
PAD 3893VK SMALL,Producto almacenable,Producto almacenable,Cartón / Producto Terminado (Cartón)
PAD 4291AL,Producto almacenable,Producto almacenable,Cartón / Producto Terminado (Cartón)
PAD AC PANEL LEXUS,Producto almacenable,Producto almacenable,Cartón / Producto en proceso (Cartón)
PAD AQ450 CONTENEDOR RETORNABLE,Producto almacenable,Producto almacenable,Cartón / Producto Terminado (Cartón)
PAD BILLET BARS,Producto almacenable,Producto almacenable,Cartón / Producto Terminado (Cartón)
PAD BILLET BARS 56 X 48,Producto almacenable,Producto almacenable,Cartón / Producto Terminado (Cartón)
PAD C/ CHAFLAN - KIT 330 MCA,Producto almacenable,Producto almacenable,Cartón / Producto en proceso (Cartón)
PAD CHICO ATI,Producto almacenable,Producto almacenable,Cartón / Producto en proceso (Cartón)
PAD CORRESPONDIENTE A KIT BRAZIL - 1200 PZS CELDA CORRESPONDIENTE A KIT BRAZIL - 1200 PZS,Servicio,Servicio,Servicios
PAD COVER SIDE VFF VW316,Producto almacenable,Producto almacenable,Cartón / Producto Terminado (Cartón)
PAD CUELLO GLOVE BOX Y0981384,Producto almacenable,Producto almacenable,Cartón / Producto en proceso (Cartón)
PAD DECO ASSY DRIVER,Producto almacenable,Producto almacenable,Retornable / Producto en proceso (Retornable)
"PAD DT PE 1.2# BCO, GROSOR 1"", 44"" x 41""",Producto almacenable,Producto almacenable,Retornable / Materia Prima (Retornable)
PAD GLOVE BOX,Producto almacenable,Producto almacenable,Cartón / Materia Prima (Cartón)
PAD GRANDE ATI,Producto almacenable,Producto almacenable,Cartón / Producto en proceso (Cartón)
PAD INDUSTRIAL 48,Producto almacenable,Producto almacenable,Cartón / Producto Terminado (Cartón)
PAD INNER - KIT 330 MCA,Producto almacenable,Producto almacenable,Cartón / Producto en proceso (Cartón)
PAD PARA SOPORTE CALAVERA 4548 BMW G01 LCI,Producto almacenable,Producto almacenable,Cartón / Producto en proceso (Cartón)
PALLET 330 MCA ACP,Producto almacenable,Producto almacenable,Cartón / Kit (Cartón)
PALLET 45X42 BACK UP T90,Producto almacenable,Producto almacenable,Cartón / Producto Terminado (Cartón)
PALLET 45X42 BACK UP T90 venta inidividual,Producto almacenable,Producto almacenable,Cartón / Producto Terminado (Cartón)
"PALLET 45x48""",Producto almacenable,Producto almacenable,Cartón / Materia Prima (Cartón)
PALLET Hanon,Producto almacenable,Producto almacenable,Cartón / Materia Prima (Cartón)
PALLET-0154-02 Tesla Glove 45x48 (Recycled),Servicio,Servicio,Servicios
PALLET-0154-02 Tesla Glove 45x48 (Recycled),Producto almacenable,Producto almacenable,Cartón / Producto Comercialización (Cartón)
PANEL ASM-LOAD FLR TR - C1UC,Producto almacenable,Producto almacenable,Cartón / Kit (Cartón)
PANEL CC91,Producto almacenable,Producto almacenable,Cartón / Producto Terminado (Cartón)
PAPEL HIGIENICO JUMBO C/12,Consumible,Consumible,Cartón / Consumibles (Cartón)
PAPELERIA Y EQUIPO DE OFICINA,Servicio,Servicio,Todos
PAPER BMW LHD TOP DR,Consumible,Consumible,Servicios
PAPER BMW LHD TOP PS,Servicio,Servicio,Servicios
PAQ DE FILTROS CAFETERA GRANDE,Consumible,Consumible,Servicios
PAQUETE,Consumible,Consumible,Todos
PAQUETE DE CUBRE BOCAS,Producto almacenable,Producto almacenable,Retornable / Kit (Retornable)
PAQUETERIA EXPRES,Servicio,Servicio,Todos
PARED - GLASS FRONT 780B IC,Producto almacenable,Producto almacenable,Retornable / Producto en proceso (Retornable)
PARED - WINDOW PLATE CX430,Producto almacenable,Producto almacenable,Retornable / Producto en proceso (Retornable)
PARED ARMADA WL FRONT REFLECTOR,Producto almacenable,Producto almacenable,Retornable / Producto en proceso (Retornable)
PARED ARMADA WL REAR REFLECTOR,Producto almacenable,Producto almacenable,Retornable / Producto en proceso (Retornable)
PARED CASE,Producto almacenable,Producto almacenable,Retornable / Producto en proceso (Retornable)
PARED CHAROLA WINDOW PLATE,Producto almacenable,Producto almacenable,Retornable / Producto en proceso (Retornable)
PARED CHAROLA WL FRONT REFLECTOR,Producto almacenable,Producto almacenable,Retornable / Producto en proceso (Retornable)
PARED CHAROLA WL REAR REFLECTOR,Producto almacenable,Producto almacenable,Retornable / Producto en proceso (Retornable)
PARED CORTA,Producto almacenable,Producto almacenable,Cartón / Producto en proceso (Cartón)
PARED LARGA,Producto almacenable,Producto almacenable,Cartón / Producto en proceso (Cartón)
PARED WINDOW PLATE U725,Producto almacenable,Producto almacenable,Retornable / Producto en proceso (Retornable)
PART #:  Charola plastica + dunnage Plastilona antiestatica 13 Oz.,Producto almacenable,Producto almacenable,Retornable / Producto Terminado (Retornable)
PART #: CHAROLA EMC SHI Retrabajo charola 780BIC EMC SHIELD,Producto almacenable,Producto almacenable,Retornable / Producto Terminado (Retornable)
PART #: Charola plastica + dunnage Plastilona antiestatica 13 Oz.,Producto almacenable,Producto almacenable,Retornable / Producto Terminado (Retornable)
PART#:  CHAROLA PIPE 12 Charola termoformada,Producto almacenable,Producto almacenable,Retornable / Producto Terminado (Retornable)
PART#:  CID TM3 Charola plastica de 4mm reforzado con esquineros y marco de plastico+ celda para ubicar 6 autopartes,Producto almacenable,Producto almacenable,Retornable / Producto Terminado (Retornable)
PART#: CAJA EN PL STICO CORRUGADO ANTIESTATICO (ESD) 4MM (REPLICA),Producto almacenable,Producto almacenable,Retornable / Producto Terminado (Retornable)
PART#: CHAROLA DIAL HONDA ALTERNA CON FOAM,Producto almacenable,Producto almacenable,Retornable / Producto Terminado (Retornable)
PART#: CHAROLA EN PLAS Charola de Plastico corrudago de 4mm ESD celdado de plastico corrugado de 4mm ESD Tapa Transflex con alma de coroplast Estandar pack de 12 cavidades,Producto almacenable,Producto almacenable,Retornable / Producto Terminado (Retornable)
PART#: CHAROLA FPI 16 EN PLASTICO CORRUGADO CON CELDADO PARA 8 PIEZAS,Producto almacenable,Producto almacenable,Retornable / Producto Terminado (Retornable)
PART#: CHAROLA IC LOWE Retrabajo charola 780B IC Lower Case,Producto almacenable,Producto almacenable,Retornable / Producto Terminado (Retornable)
PART#: CHAROLA TERMOFORMADA 500B 16 CHAROLA TERMOFORMADA 500B 28 CAVIDADES,Servicio,Servicio,Servicios
"PART#: CID CH2  CAJA DE PLASTICO CORRUGADO 4 MM CON CAVIDAD DOBLE TAMA O Y CHAROLA PARA RECOLECCION DE BASURA, SEGUROS DE CHAROLA, ESQUINEROS, CANALETA Y HANDHOLD CERRADO",Producto almacenable,Producto almacenable,Retornable / Producto Terminado (Retornable)
PART#: Caja #1 Common HUD Charola plastica + dunnage Plastilona antiestatica 13 Oz,Producto almacenable,Producto almacenable,Retornable / Producto Terminado (Retornable)
PART#: Caja #2 Common HUD Charola plastica + dunnage Plastilona antiestatica 13 Oz,Producto almacenable,Producto almacenable,Retornable / Producto Terminado (Retornable)
PART#: Caja 1 common HUD Charola plastica con dunnage,Producto almacenable,Producto almacenable,Retornable / Producto Terminado (Retornable)
PART#: Caja 2 common HUD Charola plastica con dunnage,Producto almacenable,Producto almacenable,Retornable / Producto Terminado (Retornable)
PART#: DUNNAGE P/N MX082750 - 0190 SUB- ASSY TERMO. CHAROLA EN TRMOFORMADO 12 CAVIDADES.,Producto almacenable,Producto almacenable,Retornable / Producto Terminado (Retornable)
"PART#: Dunnage MCV 115 E FF, Celdado con 6 cavidades + INSERTOS DE XLINK - DENSIDAD #6",Producto almacenable,Producto almacenable,Retornable / Producto Terminado (Retornable)
"PART#: LOWER CASE CHAROLA DE PLASTICO CORRUGADO 4MM, COLOR NEGRO, CUBIERTA CON LONA TANSFLEX",Producto almacenable,Producto almacenable,Retornable / Producto Terminado (Retornable)
PART#: NA MCV FR PIPE - TAPA COROPLAST,Producto almacenable,Producto almacenable,Retornable / Producto Terminado (Retornable)
PART#: NA Tray for Pipe PN MX082750-0180 packaging MCV FR.,Producto almacenable,Producto almacenable,Retornable / Producto Comercialización (Retornable)
PART#: Retrabajo de 19 charolas (diferentes issues),Producto almacenable,Producto almacenable,Retornable / Producto Terminado (Retornable)
"PART#: SPEAKER CHAROLA DE PLASTICO CORRUGADO 4MM, COLOR NEGRO, CUBIERTA CON LONA DE CRISTAL",Producto almacenable,Producto almacenable,Retornable / Producto Terminado (Retornable)
PASSENGER BASE,Servicio,Servicio,Servicios
PASSENGER CELDA,Servicio,Servicio,Servicios
PCB. DUNNAGE. CX430. Charola.,Producto almacenable,Producto almacenable,Retornable / Producto Terminado (Retornable)
PE FOAM CENTRAL,Producto almacenable,Producto almacenable,Retornable / Materia Prima (Retornable)
PE FOAM DRIVER,Producto almacenable,Producto almacenable,Retornable / Materia Prima (Retornable)
PE FOAM PASSENGER,Producto almacenable,Producto almacenable,Retornable / Materia Prima (Retornable)
"PEINE BRUSH 18""",Producto almacenable,Producto almacenable,Retornable / Materia Prima (Retornable)
PERFIL CUADRADO 1/2 (13MM.) X 1.2 MM (CAL. 18) X 6.0,Producto almacenable,Producto almacenable,Retornable / Materia Prima (Retornable)
"PERNO DE HOMBRO DE 1/2"" X 1 1/2""",Producto almacenable,Producto almacenable,Retornable / Materia Prima (Retornable)
"PERNO SOLIDO DE 1"" DIAMETRO X 2"" DE LARGO",Producto almacenable,Producto almacenable,Retornable / Materia Prima (Retornable)
PERNO SOLIDO RECTIFICADO 3/8 x 2,Consumible,Consumible,Retornable / Consumibles (Retornable)
"PERRO DE ACERO PARA CABLE DE 1/8""",Producto almacenable,Producto almacenable,Retornable / Consumibles (Retornable)
PESTAÑA UNION MY AUSTIN,Producto almacenable,Producto almacenable,Cartón / Producto Terminado (Cartón)
PETG MX 0.5 MM 122 X 244,Producto almacenable,Producto almacenable,Retornable / Materia Prima (Retornable)
"PIEDRA METAL GRIS 6 X 1 X 1""",Consumible,Consumible,Retornable / Consumibles (Retornable)
PIEZA 1  SUJETADOR DE PERNO LOWER BEAM,Producto almacenable,Producto almacenable,Retornable / Consumibles (Retornable)
PIEZA 2 SUJETADOR DE MECANISMO LOWER BEAM,Producto almacenable,Producto almacenable,Retornable / Consumibles (Retornable)
PIEZA 3 LÁMINA LOWER BEAM,Producto almacenable,Producto almacenable,Retornable / Consumibles (Retornable)
PIEZA 4 TOPE DE MECANISMO LOWER BEAM,Producto almacenable,Producto almacenable,Retornable / Consumibles (Retornable)
"PIEZA 5  RIEL 2"" X 1""",Producto almacenable,Producto almacenable,Retornable / Consumibles (Retornable)
"PIEZA 6 LÁMINA DOBLADA 3"" X 2"" ESPESOR 1/8""",Producto almacenable,Producto almacenable,Retornable / Consumibles (Retornable)
PIEZA A BEZEL OUTER,Producto almacenable,Producto almacenable,Retornable / Producto en proceso (Retornable)
PIEZA A BOLSTER DRIVER,Producto almacenable,Producto almacenable,Retornable / Producto en proceso (Retornable)
PIEZA A DUNNAGE ENDCAP,Producto almacenable,Producto almacenable,Retornable / Producto en proceso (Retornable)
PIEZA A DUNNAGE PINTADO,Producto almacenable,Producto almacenable,Retornable / Producto en proceso (Retornable)
PIEZA A DUNNAGE SHROV LOWER,Producto almacenable,Producto almacenable,Retornable / Producto en proceso (Retornable)
PIEZA A DUNNAGE SPEAKER GRILLE,Producto almacenable,Producto almacenable,Retornable / Producto en proceso (Retornable)
PIEZA A HOUSING OUTER,Producto almacenable,Producto almacenable,Retornable / Producto en proceso (Retornable)
PIEZA A KNEE BLOCKER,Producto almacenable,Producto almacenable,Retornable / Producto en proceso (Retornable)
PIEZA A LENTE INNER,Producto almacenable,Producto almacenable,Retornable / Producto en proceso (Retornable)
PIEZA A LENTE OUTER,Producto almacenable,Producto almacenable,Retornable / Producto en proceso (Retornable)
PIEZA A REFLECTOR INNER,Producto almacenable,Producto almacenable,Retornable / Producto en proceso (Retornable)
PIEZA A REFLECTOR OUTER,Producto almacenable,Producto almacenable,Retornable / Producto en proceso (Retornable)
PIEZA A SHROUD UPPER,Producto almacenable,Producto almacenable,Retornable / Producto en proceso (Retornable)
PIEZA A SHROV UPPER,Producto almacenable,Producto almacenable,Retornable / Producto en proceso (Retornable)
PIEZA B BEZEL OUTER,Producto almacenable,Producto almacenable,Retornable / Producto en proceso (Retornable)
PIEZA B BOLSTER DRIVER,Producto almacenable,Producto almacenable,Retornable / Producto en proceso (Retornable)
PIEZA B DUNNAGE ENDCAP,Producto almacenable,Producto almacenable,Retornable / Producto en proceso (Retornable)
PIEZA B DUNNAGE PINTADO,Producto almacenable,Producto almacenable,Retornable / Producto en proceso (Retornable)
PIEZA B DUNNAGE SHROV LOWER,Producto almacenable,Producto almacenable,Retornable / Producto en proceso (Retornable)
PIEZA B DUNNAGE SPEAKER GRILLE,Producto almacenable,Producto almacenable,Retornable / Producto en proceso (Retornable)
PIEZA B HOUSING OUTER,Producto almacenable,Producto almacenable,Retornable / Producto en proceso (Retornable)
PIEZA B KNEE BLOCKER,Producto almacenable,Producto almacenable,Retornable / Producto en proceso (Retornable)
PIEZA B LENTE INNER,Producto almacenable,Producto almacenable,Retornable / Producto en proceso (Retornable)
PIEZA B LENTE OUTER,Producto almacenable,Producto almacenable,Retornable / Producto en proceso (Retornable)
PIEZA B REFLECTOR INNER,Producto almacenable,Producto almacenable,Retornable / Producto en proceso (Retornable)
PIEZA B REFLECTOR OUTER,Producto almacenable,Producto almacenable,Retornable / Producto en proceso (Retornable)
PIEZA B SHROUD UPPER,Producto almacenable,Producto almacenable,Retornable / Producto en proceso (Retornable)
PIEZA B SHROV UPPER,Producto almacenable,Producto almacenable,Retornable / Producto en proceso (Retornable)
PIEZA C BEZEL OUTER,Producto almacenable,Producto almacenable,Retornable / Producto en proceso (Retornable)
PIEZA C BOLSTER DRIVER,Producto almacenable,Producto almacenable,Retornable / Producto en proceso (Retornable)
PIEZA C DUNNAGE ENDCAP,Producto almacenable,Producto almacenable,Retornable / Producto en proceso (Retornable)
PIEZA C DUNNAGE PINTADO,Producto almacenable,Producto almacenable,Retornable / Producto en proceso (Retornable)
PIEZA C DUNNAGE SHROV LOWER,Producto almacenable,Producto almacenable,Retornable / Producto en proceso (Retornable)
PIEZA C DUNNAGE SPEAKER GRILLE,Producto almacenable,Producto almacenable,Retornable / Producto en proceso (Retornable)
PIEZA C HOUSING OUTER,Producto almacenable,Producto almacenable,Retornable / Producto en proceso (Retornable)
PIEZA C KNEE BLOCKER,Producto almacenable,Producto almacenable,Retornable / Producto en proceso (Retornable)
PIEZA C LENTE INNER,Producto almacenable,Producto almacenable,Retornable / Producto en proceso (Retornable)
PIEZA C LENTE OUTER,Producto almacenable,Producto almacenable,Retornable / Producto en proceso (Retornable)
PIEZA C REFLECTOR INNER,Producto almacenable,Producto almacenable,Retornable / Producto en proceso (Retornable)
PIEZA C REFLECTOR OUTER,Producto almacenable,Producto almacenable,Retornable / Producto en proceso (Retornable)
PIEZA C SHROUD UPPER,Producto almacenable,Producto almacenable,Retornable / Producto en proceso (Retornable)
PIEZA C SHROV UPPER,Producto almacenable,Producto almacenable,Retornable / Producto en proceso (Retornable)
PIEZA D BEZEL OUTER,Producto almacenable,Producto almacenable,Retornable / Producto en proceso (Retornable)
PIEZA D BOLSTER DRIVER,Producto almacenable,Producto almacenable,Retornable / Producto en proceso (Retornable)
PIEZA D DUNNAGE ENDCAP,Producto almacenable,Producto almacenable,Retornable / Producto en proceso (Retornable)
PIEZA D DUNNAGE PINTADO,Producto almacenable,Producto almacenable,Retornable / Producto en proceso (Retornable)
PIEZA D DUNNAGE SHROV LOWER,Producto almacenable,Producto almacenable,Retornable / Producto en proceso (Retornable)
PIEZA D DUNNAGE SPEAKER GRILLE,Producto almacenable,Producto almacenable,Retornable / Producto en proceso (Retornable)
PIEZA D HOUSING OUTER,Producto almacenable,Producto almacenable,Retornable / Producto en proceso (Retornable)
PIEZA D KNEE BLOCKER,Producto almacenable,Producto almacenable,Retornable / Producto en proceso (Retornable)
PIEZA D LENTE OUTER,Producto almacenable,Producto almacenable,Retornable / Producto en proceso (Retornable)
PIEZA D REFLECTOR INNER,Producto almacenable,Producto almacenable,Retornable / Producto en proceso (Retornable)
PIEZA D REFLECTOR OUTER,Producto almacenable,Producto almacenable,Retornable / Producto en proceso (Retornable)
PIEZA D SHROUD UPPER,Producto almacenable,Producto almacenable,Retornable / Producto en proceso (Retornable)
PIEZA D SHROV UPPER,Producto almacenable,Producto almacenable,Retornable / Producto en proceso (Retornable)
PIEZA E KNEE BLOCKER,Producto almacenable,Producto almacenable,Retornable / Producto en proceso (Retornable)
PIEZA E SHROUD UPPER,Producto almacenable,Producto almacenable,Retornable / Producto en proceso (Retornable)
PIEZA F KNEE BLOCKER,Producto almacenable,Producto almacenable,Retornable / Producto en proceso (Retornable)
PIEZA U 344 mm X 195.8 mm X 52 mm XLPE 4# STD. NGB 4X48X72,Producto almacenable,Producto almacenable,Retornable / Producto Comercialización (Retornable)
"PIJA AUTOTALADRANTE 1/4"" * 3/4""",Consumible,Consumible,Retornable / Consumibles (Retornable)
"PIJA PUNTA BROCA CON CABEZA HEXAGONAL 1/8 2""",Producto almacenable,Producto almacenable,Retornable / Consumibles (Retornable)
"PIJA PUNTA DE BROCA  1/16 X 1 1/4"" PUNTA EXAGONAL",Consumible,Consumible,Retornable / Consumibles (Retornable)
"PIJA PUNTA DE BROCA 10 X 3/4""",Consumible,Consumible,Retornable / Consumibles (Retornable)
"PIJA PUNTA DE BROCA 8 X 1/2"" ZINC",Consumible,Consumible,Retornable / Consumibles (Retornable)
"PIJA PUNTA DE BROCA 8 X 3/4"" ZINC",Consumible,Consumible,Retornable / Consumibles (Retornable)
"PIJA PUNTA DE BROCA CABEZA EXAGONAL  1/4"" X 3/4"" ZINC",Consumible,Consumible,Retornable / Consumibles (Retornable)
PILLAR UPPER,Producto almacenable,Producto almacenable,Cartón / Materia Prima (Cartón)
PIMEX PRIMARIO AIP-72 GRIS CLARO,Consumible,Consumible,Retornable / Consumibles (Retornable)
PINTURA ACABADO BRILLANTE COLOR CAFE SIENA 33-08,Producto almacenable,Producto almacenable,Retornable / Materia Prima (Retornable)
PINTURA ACABADO BRILLANTE COLOR CAÑA DE AZÚCAR,Producto almacenable,Producto almacenable,Retornable / Materia Prima (Retornable)
PINTURA BRILLANTE VERDE MADRE SELVA  209-07,Producto almacenable,Producto almacenable,Retornable / Materia Prima (Retornable)
PINTURA DE ESTRUCTURA,Servicio,Servicio,Servicios
PIPE. TERMOFORMADO. TAPA.,Producto almacenable,Producto almacenable,Retornable / Producto Terminado (Retornable)
PISO -  MP552,Producto almacenable,Producto almacenable,Retornable / Producto en proceso (Retornable)
PISO - GLASS FRONT 780B IC,Producto almacenable,Producto almacenable,Retornable / Producto Terminado (Retornable)
PISO - ICP CD539 MICRO,Producto almacenable,Producto almacenable,Cartón / Producto en proceso (Cartón)
PISO 3X CALAVERA 4548 BMW G01 LCI,Producto almacenable,Producto almacenable,Cartón / Producto en proceso (Cartón)
PISO 4X CALAVERA 4548 BMW G01 LCI,Producto almacenable,Producto almacenable,Cartón / Producto en proceso (Cartón)
PISO BMW IP PIELES W04003-C,Producto almacenable,Producto almacenable,Retornable / Producto en proceso (Retornable)
PISO CK32 ECT,Producto almacenable,Producto almacenable,Cartón / Producto Terminado (Cartón)
PISO DESLIZABLE GLASS FRONT 500B,Producto almacenable,Producto almacenable,Retornable / Producto en proceso (Retornable)
PISO DUNNAGE BEZEL ENDCAP,Producto almacenable,Producto almacenable,Retornable / Producto en proceso (Retornable)
PISO ESM BMW IP PIELES W04003-C,Producto almacenable,Producto almacenable,Retornable / Producto en proceso (Retornable)
PISO ICP539,Producto almacenable,Producto almacenable,Cartón / Materia Prima (Cartón)
PISO PARA CHAROLA U625,Producto almacenable,Producto almacenable,Retornable / Producto en proceso (Retornable)
PISO PARA FACILITAR LA LIMPIEZA DE CAJA,Producto almacenable,Producto almacenable,Retornable / Producto en proceso (Retornable)
PISO POLIFOAM MCV CARTON,Producto almacenable,Producto almacenable,Retornable / Producto en proceso (Retornable)
PISO SHIFTER BEZEL,Producto almacenable,Producto almacenable,Retornable / Producto en proceso (Retornable)
PISO WINDOW PLATE,Producto almacenable,Producto almacenable,Retornable / Producto en proceso (Retornable)
PISO WL FRONT REFLECTOR,Producto almacenable,Producto almacenable,Retornable / Producto en proceso (Retornable)
PISO WL REAR REFLECTOR,Producto almacenable,Producto almacenable,Retornable / Producto en proceso (Retornable)
PISTOLA DE PINTURA DE ALTA PRODUCCION,Consumible,Consumible,Retornable / Consumibles (Retornable)
"PLACA # 10 29 1/2""*2""*3/16""",Producto almacenable,Producto almacenable,Retornable / Materia Prima (Retornable)
"PLACA # 11 12""*2""*3/16""",Producto almacenable,Producto almacenable,Retornable / Materia Prima (Retornable)
"PLACA # 12 5""*2""*3/16""",Producto almacenable,Producto almacenable,Retornable / Materia Prima (Retornable)
"PLACA # 15  8""*8""*1/8""",Producto almacenable,Producto almacenable,Retornable / Materia Prima (Retornable)
"PLACA # 19 43 5/8""*6""*3/16""",Producto almacenable,Producto almacenable,Retornable / Materia Prima (Retornable)
"PLACA # 22 8""*6""*3/16""",Producto almacenable,Producto almacenable,Retornable / Materia Prima (Retornable)
"PLACA # 24  8""*8""*1/8""",Producto almacenable,Producto almacenable,Retornable / Materia Prima (Retornable)
"PLACA # 25 43 5/8""*6""*3/16""",Producto almacenable,Producto almacenable,Retornable / Materia Prima (Retornable)
"PLACA # 27 8""*8""*1/8""",Producto almacenable,Producto almacenable,Retornable / Materia Prima (Retornable)
"PLACA 1/4"" 4 ft x 10 ft",Producto almacenable,Producto almacenable,Retornable / Materia Prima (Retornable)
"PLACA 1/8"" 4 ft x 10 ft",Producto almacenable,Producto almacenable,Retornable / Materia Prima (Retornable)
PLACA 10CM X 50CM CAL. 11,Producto almacenable,Producto almacenable,Retornable / Materia Prima (Retornable)
"PLACA 15CM X 20CM 3/16""",Producto almacenable,Producto almacenable,Retornable / Materia Prima (Retornable)
"PLACA 20CM X 25CM 3/16""",Producto almacenable,Producto almacenable,Retornable / Materia Prima (Retornable)
PLACA 55MM X 55MM CAL. 18,Producto almacenable,Producto almacenable,Retornable / Materia Prima (Retornable)
"PLACA ACERO 3/16"" X 4' X 10'",Producto almacenable,Producto almacenable,Retornable / Materia Prima (Retornable)
"PLACA ACERO NEGRA 3 X 10 X1/8""",Producto almacenable,Producto almacenable,Retornable / Materia Prima (Retornable)
"PLACA BARRENADA EN PLACA DE 1/4"" DE ESPESOR",Producto almacenable,Producto almacenable,Retornable / Materia Prima (Retornable)
PLACA BRAZO RACK BODY,Producto almacenable,Producto almacenable,Retornable / Producto en proceso (Retornable)
"PLACA DE BLOQUEO EN PLACA DE 1/4""",Producto almacenable,Producto almacenable,Retornable / Materia Prima (Retornable)
"PLACA DE POLIFOAM ESD 1"" 1.2MX2.7M",Producto almacenable,Producto almacenable,Retornable / Materia Prima (Retornable)
PLACA GRAL.,Producto almacenable,Producto almacenable,Cartón / Materia Prima (Cartón)
PLACA GUIA 1 - ARMREST,Producto almacenable,Producto almacenable,Retornable / Materia Prima (Retornable)
PLACA GUIA 2 - ARMREST,Producto almacenable,Producto almacenable,Cartón / Materia Prima (Cartón)
PLACA HDPE NATURAL - 1.524MM ESPESOR,Producto almacenable,Producto almacenable,Retornable / Materia Prima (Retornable)
"PLACA HDPE NATURAL 48"" X 120"" - 1/8"" ESPESOR",Producto almacenable,Producto almacenable,Retornable / Materia Prima (Retornable)
"PLACA HDPE NATURAL 48"" X 120"" - 3/16"" ESPESOR",Producto almacenable,Producto almacenable,Retornable / Materia Prima (Retornable)
"PLACA HDPE NATURAL 48"" X 96"" - 1/16"" ESPESOR",Producto almacenable,Producto almacenable,Retornable / Materia Prima (Retornable)
"PLACA HDPE NATURAL 48"" X 96"" - 1/8"" ESPESOR",Producto almacenable,Producto almacenable,Retornable / Materia Prima (Retornable)
"PLACA HDPE NATURAL 48"" X 96"" - 3/8"" ESPESOR",Producto almacenable,Producto almacenable,Retornable / Materia Prima (Retornable)
PLACA HDPE NATURAL 981MM*1340MM 1/16 ESPESOR,Producto almacenable,Producto almacenable,Retornable / Materia Prima (Retornable)
PLACA HDPE NATURAL CALIBRE 40,Producto almacenable,Producto almacenable,Retornable / Materia Prima (Retornable)
PLACA PARA ARRASTRE - ARMREST,Producto almacenable,Producto almacenable,Retornable / Materia Prima (Retornable)
PLACA PARA GUIA DE ANIDACION - G42,Producto almacenable,Producto almacenable,Retornable / Materia Prima (Retornable)
PLACA PARA RUEDA RACK WIP 200MM*200MM,Producto almacenable,Producto almacenable,Retornable / Materia Prima (Retornable)
PLACA PARA TIRON - G42,Producto almacenable,Producto almacenable,Retornable / Materia Prima (Retornable)
PLACA PORTAETIQUETA - G42,Producto almacenable,Producto almacenable,Retornable / Materia Prima (Retornable)
PLACA RODAPIE CHICA - G42,Producto almacenable,Producto almacenable,Retornable / Materia Prima (Retornable)
PLACA RODAPIE GRANDE - G42,Producto almacenable,Producto almacenable,Retornable / Materia Prima (Retornable)
PLACA TOPE 1 - ARMREST,Producto almacenable,Producto almacenable,Retornable / Materia Prima (Retornable)
PLACA TOPE 2 - ARMREST,Producto almacenable,Producto almacenable,Retornable / Materia Prima (Retornable)
"PLACA TOPE EN PLACA DE 1/2"" DE ESPESOR",Producto almacenable,Producto almacenable,Retornable / Materia Prima (Retornable)
"PLACA XLPE CROSSLINK 6LB 2""",Producto almacenable,Producto almacenable,Retornable / Materia Prima (Retornable)
PLANTA B 32,Producto almacenable,Producto almacenable,Cartón / Materia Prima (Cartón)
PLASTIC BAG HONDA EXPORT ,Producto almacenable,Producto almacenable,Cartón / Producto Terminado (Cartón)
PLASTIC PALLET/COVER PT,Producto almacenable,Producto almacenable,Retornable / Producto Terminado (Retornable)
PLASTIFICADO,Consumible,Consumible,Cartón / Consumibles (Cartón)
PLASTIFICADO DE CARTON,Producto almacenable,Producto almacenable,Cartón / Materia Prima (Cartón)
PLASTIGANCHO WIESE 60GMS,Consumible,Consumible,Cartón / Consumibles (Cartón)
PLASTILONA ANTI DUST 18 PLUS,Producto almacenable,Producto almacenable,Cartón / Materia Prima (Cartón)
PLASTILONA ANTI STAT  (ESD),Producto almacenable,Producto almacenable,Retornable / Materia Prima (Retornable)
PLASTILONA BICOLOR TOP COAT 19,Producto almacenable,Producto almacenable,Retornable / Materia Prima (Retornable)
PLASTILONA BLANCA ANTI DUST 18 PLUS,Producto almacenable,Producto almacenable,Retornable / Materia Prima (Retornable)
PLASTILONA INCOLORA ANTI DUST 18 PLUS,Producto almacenable,Producto almacenable,Retornable / Materia Prima (Retornable)
PLATE ASM IP CSTR TR PAINTED -A,Producto almacenable,Producto almacenable,Retornable / Producto Terminado (Retornable)
PLEDGE,Consumible,Consumible,Cartón / Consumibles (Cartón)
POLIBURBUJA CHICA 784,Producto almacenable,Producto almacenable,Cartón / Producto en proceso (Cartón)
POLIBURBUJA CHICA RENAULT,Producto almacenable,Producto almacenable,Cartón / Producto en proceso (Cartón)
POLIBURBUJA GRANDE 784,Producto almacenable,Producto almacenable,Cartón / Producto en proceso (Cartón)
POLIBURBUJA GRANDE RENAULT,Producto almacenable,Producto almacenable,Cartón / Producto en proceso (Cartón)
POLIFOAM,Producto almacenable,Producto almacenable,Cartón / Producto en proceso (Cartón)
"POLIFOAM 120 MM DE LARGO X 20 MM DE ANCHO X 1/2"" DE ESPESOR, EN 1.2 LBS",Producto almacenable,Producto almacenable,Retornable / Materia Prima (Retornable)
POLIFOAM DE 1/16 2MTS CON CORTE A 30CM,Producto almacenable,Producto almacenable,Cartón / Materia Prima (Cartón)
POLIFOAM DE 1/4,Producto almacenable,Producto almacenable,Todos
POLIFOAM DE 1/4 - PISO 22 X 24,Producto almacenable,Producto almacenable,Cartón / Materia Prima (Cartón)
POLIFOAM DE 1/4 DE 2 X 55MTS,Producto almacenable,Producto almacenable,Cartón / Materia Prima (Cartón)
POLIFOAM DE 1/4 DE 2 X 55MTS C/CORTE A 33CMS,Producto almacenable,Producto almacenable,Cartón / Materia Prima (Cartón)
POLIFOAM DE 1/4 DE 2 X 55MTS C/CORTE A 35CMS,Producto almacenable,Producto almacenable,Cartón / Materia Prima (Cartón)
POLIFOAM DE 1/4 DE 2 X 55MTS C/CORTE A 35CMS,Producto almacenable,Producto almacenable,Cartón / Materia Prima (Cartón)
POLIFOAM DE 1/4 DE 2 X 55MTS C/CORTE A 53.5CMS,Producto almacenable,Producto almacenable,Retornable / Producto en proceso (Retornable)
POLIFOAM DE 1/4 DE 2 X 55MTS C/CORTE A 53.5CMS,Producto almacenable,Producto almacenable,Cartón / Materia Prima (Cartón)
POLIFOAM DE 1/8 DE 2 X 55MTS C/CORTE A 30CM PRECORTE A 54CM,Producto almacenable,Producto almacenable,Cartón / Materia Prima (Cartón)
PORTA ETIQUETA 180 X 60,Consumible,Consumible,Retornable / Consumibles (Retornable)
PORTA-FICHAS - A24,Producto almacenable,Producto almacenable,Cartón / Producto en proceso (Cartón)
PORTACUCHILLAS - BACKFRAME 60%,Producto almacenable,Producto almacenable,Retornable / Materia Prima (Retornable)
PRIMARIO ANTICORROSIVO BLANCO GL,Consumible,Consumible,Retornable / Consumibles (Retornable)
PRISMA CAJA ENSAMBLE,Producto almacenable,Producto almacenable,Cartón / Producto en proceso (Cartón)
PRISMA CELDA A,Producto almacenable,Producto almacenable,Cartón / Producto Terminado (Cartón)
PRISMA CELDA B,Producto almacenable,Producto almacenable,Cartón / Producto Terminado (Cartón)
PRISMA CELDA C,Producto almacenable,Producto almacenable,Cartón / Producto Terminado (Cartón)
PRISMA CELDA D,Producto almacenable,Producto almacenable,Cartón / Producto Terminado (Cartón)
PRISMA CELDA ENSAMBLADA,Producto almacenable,Producto almacenable,Cartón / Producto en proceso (Cartón)
PRISMA CUERPO CAJA,Producto almacenable,Producto almacenable,Cartón / Producto en proceso (Cartón)
PRISMA ENSAMBLE,Producto almacenable,Producto almacenable,Retornable / Producto Terminado (Retornable)
PRISMA PARA SUAJE 3,Servicio,Servicio,Servicios
PRISMA PARED DE CAJA,Producto almacenable,Producto almacenable,Cartón / Producto en proceso (Cartón)
PRISMA PISO,Producto almacenable,Producto almacenable,Cartón / Producto en proceso (Cartón)
PRISMA SUAJE 1,Servicio,Servicio,Servicios
PRISMA SUAJE 2,Servicio,Servicio,Servicios
PRISMA TAPA ENSAMBLE,Producto almacenable,Producto almacenable,Cartón / Producto en proceso (Cartón)
PRISMA TAPA PANEL A,Producto almacenable,Producto almacenable,Cartón / Producto Terminado (Cartón)
PRISMA TAPA PANEL B,Producto almacenable,Producto almacenable,Cartón / Producto Terminado (Cartón)
PRODUCTOS DE OFICINA PAPELERIA,Servicio,Servicio,Servicios
PRODUCTOS IND,Consumible,Consumible,Todos
PRODUCTOS INDIRECTOS DE FABRICACION,Servicio,Servicio,Todos
PROTECCION U CUPRUM,Producto almacenable,Producto almacenable,Cartón / Producto Terminado (Cartón)
PROTOTIPO DE DEMPAQUE PARA SERVICE PARTS EVEREST - SR REQUISITION,Servicio,Servicio,Servicios
PROTOTIPO Mod 1271,Servicio,Servicio,Servicios
PROTOTIPO Mod 1295,Servicio,Servicio,Servicios
PROTOTIPO Module 1108_S06,Servicio,Servicio,Servicios
PROTOTIPO Module 1112,Servicio,Servicio,Servicios
PROTOTYPE SEN DECOR CARRIER,Servicio,Servicio,Servicios
PROTOTYPE TOP SUNBLIND,Servicio,Servicio,Servicios
PROYECTO DE ERP ODOO,Servicio,Servicio,Todos
PRUEBA,Producto almacenable,Producto almacenable,Cartón / Producto Comercialización (Cartón)
PRUEBA,Producto almacenable,Producto almacenable,Cartón / Kit (Cartón)
PRUEBA ISTA 3E SILAO PLANT DEPT 1531 QUOTE LAB 09 0008 23,Servicio,Servicio,Servicios
PRUEBAS DE RESISTENCIA,Servicio,Servicio,Todos
PTN.U502 RR UPR,Servicio,Servicio,Servicios
"PTR 1  1/4""  X 1   1/4"" CAL. 14",Producto almacenable,Producto almacenable,Cartón / Materia Prima (Cartón)
"PTR 1 1/2"" X 1 1/2"" CAL 12",Producto almacenable,Producto almacenable,Retornable / Materia Prima (Retornable)
"PTR 1 1/2"" X 1 1/2"" CAL 14",Producto almacenable,Producto almacenable,Retornable / Materia Prima (Retornable)
"PTR 1 1/2"" X 3"" CAL 18",Producto almacenable,Producto almacenable,Retornable / Materia Prima (Retornable)
"PTR 1 1/2"" x 1 1/2"" CAL. 11",Producto almacenable,Producto almacenable,Retornable / Materia Prima (Retornable)
"PTR 1 1/4"" X 1 1/4"" CAL 14",Producto almacenable,Producto almacenable,Retornable / Materia Prima (Retornable)
PTR 1 X 1 CAL 12,Producto almacenable,Producto almacenable,Retornable / Materia Prima (Retornable)
"PTR 1"" X 1"" CAL 14",Producto almacenable,Producto almacenable,Retornable / Materia Prima (Retornable)
"PTR 1"" X 1"" CAL 16",Producto almacenable,Producto almacenable,Retornable / Materia Prima (Retornable)
"PTR 1"" X 1"" CAL. 14",Producto almacenable,Producto almacenable,Cartón / Materia Prima (Cartón)
"PTR 1"" X 1"" CAL. 16",Producto almacenable,Producto almacenable,Retornable / Materia Prima (Retornable)
"PTR 1"" X 1"" CAL. 18",Producto almacenable,Producto almacenable,Retornable / Materia Prima (Retornable)
"PTR 1. 5"" CAL. 12",Producto almacenable,Producto almacenable,Retornable / Materia Prima (Retornable)
"PTR 1.5"" X 1.5"" CAL. 11",Producto almacenable,Producto almacenable,Retornable / Materia Prima (Retornable)
"PTR 1.5"" X 1.5"" CAL. 12",Producto almacenable,Producto almacenable,Retornable / Materia Prima (Retornable)
"PTR 1.5"" X 3"" CAL. 18",Producto almacenable,Producto almacenable,Retornable / Materia Prima (Retornable)
"PTR 1.5"" x 1.5"" CAL. 14",Producto almacenable,Producto almacenable,Retornable / Materia Prima (Retornable)
"PTR 1/2"" X 1/2"" CAL 16",Producto almacenable,Producto almacenable,Retornable / Materia Prima (Retornable)
"PTR 1/2"" X 1/2"" CAL 18",Producto almacenable,Producto almacenable,Cartón / Materia Prima (Cartón)
"PTR 2 1/2"" X 2 1/2"" CAL 11",Producto almacenable,Producto almacenable,Cartón / Materia Prima (Cartón)
"PTR 2 1/2"" X 2 1/2"" CAL 11",Producto almacenable,Producto almacenable,Retornable / Materia Prima (Retornable)
"PTR 2"" * 1"" CAL 16",Producto almacenable,Producto almacenable,Retornable / Materia Prima (Retornable)
"PTR 2"" X 1"" CAL 14",Producto almacenable,Producto almacenable,Retornable / Materia Prima (Retornable)
"PTR 2"" X 1"" CAL 16",Producto almacenable,Producto almacenable,Retornable / Materia Prima (Retornable)
"PTR 2"" X 2"" CAL 11",Producto almacenable,Producto almacenable,Retornable / Materia Prima (Retornable)
"PTR 2"" X 2"" CAL 12",Producto almacenable,Producto almacenable,Retornable / Materia Prima (Retornable)
"PTR 2"" X 2"" CAL 14",Producto almacenable,Producto almacenable,Retornable / Materia Prima (Retornable)
"PTR 2"" X 2"" CAL 16",Producto almacenable,Producto almacenable,Retornable / Materia Prima (Retornable)
"PTR 2"" X 2"" CAL. 11",Producto almacenable,Producto almacenable,Cartón / Materia Prima (Cartón)
"PTR 2"" X 2"" CAL. 12",Producto almacenable,Producto almacenable,Cartón / Materia Prima (Cartón)
"PTR 2"" X 2"" CAL. 16",Producto almacenable,Producto almacenable,Retornable / Materia Prima (Retornable)
"PTR 2"" X 3"" CAL 14",Producto almacenable,Producto almacenable,Retornable / Materia Prima (Retornable)
"PTR 2"" X 3"" CAL. 14",Producto almacenable,Producto almacenable,Cartón / Materia Prima (Cartón)
"PTR 2"" x 2"" CAL. 11",Producto almacenable,Producto almacenable,Retornable / Materia Prima (Retornable)
"PTR 2"" x 2"" CAL. 12",Producto almacenable,Producto almacenable,Retornable / Materia Prima (Retornable)
"PTR 2""X1"" CAL 14",Producto almacenable,Producto almacenable,Cartón / Materia Prima (Cartón)
"PTR 3"" X 3"" CAL 11",Producto almacenable,Producto almacenable,Retornable / Materia Prima (Retornable)
"PTR 3"" X 3"" CAL 11",Producto almacenable,Producto almacenable,Cartón / Materia Prima (Cartón)
"PTR 3/4"" X 3/4"" CAL 14",Producto almacenable,Producto almacenable,Retornable / Materia Prima (Retornable)
"PTR 3/4"" X 3/4"" CAL. 14",Producto almacenable,Producto almacenable,Retornable / Materia Prima (Retornable)
PTR BRAZO RACK BODY,Producto almacenable,Producto almacenable,Retornable / Producto en proceso (Retornable)
PTR CUADRADO 1 1/2 CAL. 16 R.C (38 MM. X 1.5 MM. ) X 6.0 MTS.,Producto almacenable,Producto almacenable,Retornable / Materia Prima (Retornable)
"PTR DE 1 1/4"" CALIBRE 12",Producto almacenable,Producto almacenable,Retornable / Materia Prima (Retornable)
PTR RACK BOLSTER PASSENGER,Producto almacenable,Producto almacenable,Retornable / Producto en proceso (Retornable)
PTW 3320,Consumible,Consumible,Servicios
"PUNTAS CAJA MAGNETICA 5/16""",Consumible,Consumible,Cartón / Consumibles (Cartón)
"PUNTAS PHILLIPS #2, LARGO 2"" C/5",Consumible,Consumible,Retornable / Consumibles (Retornable)
PVC CALIBRE CAL 20 TRANSPARENTE,Producto almacenable,Producto almacenable,Retornable / Materia Prima (Retornable)
PVC CALIBRE CAL10 TRANSPARENTE,Producto almacenable,Producto almacenable,Cartón / Materia Prima (Cartón)
PVC SOFTEK DUBETINA 1C,Producto almacenable,Producto almacenable,Retornable / Materia Prima (Retornable)
PZA A DUNNAGE ARM REST FRONT,Producto almacenable,Producto almacenable,Retornable / Producto en proceso (Retornable)
PZA A DUNNAGE SWITCH BEZEL,Producto almacenable,Producto almacenable,Retornable / Producto en proceso (Retornable)
PZA A SEPAKER GRILLE SURROUND,Producto almacenable,Producto almacenable,Retornable / Producto en proceso (Retornable)
PZA B DUNNAGE ARM REST FRONT,Producto almacenable,Producto almacenable,Retornable / Producto en proceso (Retornable)
PZA B DUNNAGE SWITCH BEZEL,Producto almacenable,Producto almacenable,Retornable / Producto en proceso (Retornable)
PZA B SEPAKER GRILLE SURROUND,Producto almacenable,Producto almacenable,Retornable / Producto en proceso (Retornable)
PZA C DUNNAGE ARM REST FRONT,Producto almacenable,Producto almacenable,Retornable / Producto en proceso (Retornable)
PZA C DUNNAGE SWITCH BEZEL,Producto almacenable,Producto almacenable,Retornable / Producto en proceso (Retornable)
PZA C SEPAKER GRILLE SURROUND,Producto almacenable,Producto almacenable,Retornable / Producto en proceso (Retornable)
PZA D DUNNAGE ARM REST FRONT,Producto almacenable,Producto almacenable,Retornable / Producto en proceso (Retornable)
PZA D DUNNAGE SWITCH BEZEL,Producto almacenable,Producto almacenable,Cartón / Producto en proceso (Cartón)
PZA D SEPAKER GRILLE SURROUND,Producto almacenable,Producto almacenable,Retornable / Producto en proceso (Retornable)
PZA E DUNNAGE SWITCH BEZEL,Producto almacenable,Producto almacenable,Retornable / Producto en proceso (Retornable)
Packaging Lab Tests for South Africa,Servicio,Servicio,Servicios
Packaging Lab Tests for Spartanburg P1,Servicio,Servicio,Servicios
Packaging Lab Tests for Spartanburg P2,Servicio,Servicio,Servicios
Packaging Services Dunnage Close Out,Servicio,Servicio,Servicios
Packaging Services Ropack Close Out,Servicio,Servicio,Servicios
"Pallet 67.5"" x 48""",Servicio,Servicio,Servicios
Pallet de Madera Requisition #: 92815,Servicio,Servicio,Servicios
Panel caja para resortes,Producto almacenable,Producto almacenable,Cartón / Producto Terminado (Cartón)
Par de peines XLINK para empaques de glass front,Servicio,Servicio,Servicios
Par de tapas para Rack Glove Box Outer en lona tranflex,Producto almacenable,Producto almacenable,Retornable / Producto en proceso (Retornable)
Particion AAW,Producto almacenable,Producto almacenable,Retornable / Producto Comercialización (Retornable)
Particion ACW,Producto almacenable,Producto almacenable,Retornable / Producto Comercialización (Retornable)
Particion EBW,Producto almacenable,Producto almacenable,Retornable / Producto Comercialización (Retornable)
Particion GBW,Producto almacenable,Producto almacenable,Retornable / Producto Comercialización (Retornable)
Particion HBW,Producto almacenable,Producto almacenable,Retornable / Producto Comercialización (Retornable)
Patin para manejo de pallets,Producto almacenable,Producto almacenable,Retornable / Producto Terminado (Retornable)
Pieza 1 40x92x40mm con adhesivo,Producto almacenable,Producto almacenable,Retornable / Materia Prima (Retornable)
Pieza 2 16x58x195mm con adhesivo,Producto almacenable,Producto almacenable,Retornable / Materia Prima (Retornable)
Pieza 3 48x121x51mm con adhesivo,Producto almacenable,Producto almacenable,Retornable / Materia Prima (Retornable)
Pieza 4 15x45x75mm con adhesivo,Producto almacenable,Producto almacenable,Retornable / Materia Prima (Retornable)
"Pieza foam 1.2lb 120x20mm esp. 0.5""",Producto almacenable,Producto almacenable,Retornable / Materia Prima (Retornable)
Piso caja para resortes,Producto almacenable,Producto almacenable,Cartón / Producto en proceso (Cartón)
Planificación o administración de proyectos,Servicio,Servicio,Servicios
"Plastic corrugated dunnage for cx727 FG full Assy, pcorr sleeve, foam dunnage, velcro straps, and assy to rack. Rack WIP Y0124113. Mangas.",Producto almacenable,Producto almacenable,Retornable / Producto Terminado (Retornable)
Polipropileno Blanco 463mm x 1143mm cal 1mm,Producto almacenable,Producto almacenable,Retornable / Materia Prima (Retornable)
Polipropileno Blanco 470mm x 1050mm cal 1mm,Producto almacenable,Producto almacenable,Retornable / Materia Prima (Retornable)
Polipropileno Blanco 470mm x 1050mm cal 1mm,Producto almacenable,Producto almacenable,Retornable / Materia Prima (Retornable)
Productos Varios,Servicio,Servicio,Servicios
Proteccion U ventanas.,Producto almacenable,Producto almacenable,Cartón / Producto Terminado (Cartón)
Protector de plástico corrugado 4mm,Producto almacenable,Producto almacenable,Retornable / Producto Terminado (Retornable)
Prototipo GH front,Servicio,Servicio,Servicios
Prototipo GH rear,Servicio,Servicio,Servicios
Prototype Front Main Carrier,Producto almacenable,Producto almacenable,Retornable / Producto Terminado (Retornable)
Prototype Rear Main Carrier,Producto almacenable,Producto almacenable,Retornable / Producto Terminado (Retornable)
Prueba de resistencia a la compresión,Servicio,Servicio,Servicios
Puerta lado A - Armrest G42,Producto almacenable,Producto almacenable,Retornable / Producto en proceso (Retornable)
Puerta lado A - Map pocket G42,Producto almacenable,Producto almacenable,Retornable / Producto en proceso (Retornable)
Puerta lado A - RU,Producto almacenable,Producto almacenable,Retornable / Producto en proceso (Retornable)
Puerta lado A - Rack universal Ramos,Producto almacenable,Producto almacenable,Retornable / Producto en proceso (Retornable)
Puerta lado B - Armrest G42,Producto almacenable,Producto almacenable,Retornable / Producto en proceso (Retornable)
Puerta lado B - Map pocket G42,Producto almacenable,Producto almacenable,Retornable / Producto en proceso (Retornable)
Puerta lado B - RU,Producto almacenable,Producto almacenable,Retornable / Producto en proceso (Retornable)
Puerta lado B - Rack universal Ramos,Producto almacenable,Producto almacenable,Retornable / Producto en proceso (Retornable)
Pull handle carrier,Producto almacenable,Producto almacenable,Retornable / Producto Terminado (Retornable)
Pull handle carrier - dunnage,Producto almacenable,Producto almacenable,Retornable / Producto Terminado (Retornable)
R00013859 RACK FOR FG PARTS,Servicio,Servicio,Servicios
R233. Door Panel. Emp. Des. A. Pieza.,Producto almacenable,Producto almacenable,Cartón / Producto en proceso (Cartón)
R233. Door Panel. Emp. Des. B. Pieza.,Producto almacenable,Producto almacenable,Cartón / Producto en proceso (Cartón)
R233. Door Panel. Emp. Des. Celdado.,Producto almacenable,Producto almacenable,Cartón / Producto Terminado (Cartón)
R233. Door Panel. Emp. Des. Cuello.,Producto almacenable,Producto almacenable,Retornable / Producto Terminado (Retornable)
R233. Door Panel. Emp. Des. Tapa Gral.,Producto almacenable,Producto almacenable,Cartón / Producto Terminado (Cartón)
"RACK 43X64"", WITH DUNNAGE STD: 260 CAVITIES, WITH SEPARATION BETWEEN [LH Y RH]",Producto almacenable,Producto almacenable,Retornable / Producto Terminado (Retornable)
RACK ARMADO SUSTRATO DE TOP COVER IP,Producto almacenable,Producto almacenable,Retornable / Producto en proceso (Retornable)
RACK BUILT BY HT MODEL 1 TO,Producto almacenable,Producto almacenable,Cartón / Producto Terminado (Cartón)
RACK BUILT D&T MODIFIED,Consumible,Consumible,Cartón / Consumibles (Cartón)
"RACK DE 43X64"" STD: 400 CAVITIES, WITH SEPARATION BETWEEN [LH Y RH]",Producto almacenable,Producto almacenable,Retornable / Producto Terminado (Retornable)
"RACK HIDER RACK 154 CAVIDADES, CONSIDERANDO 2 RFID'S",Producto almacenable,Producto almacenable,Retornable / Producto Terminado (Retornable)
RACK HIDER RACK CON DUNNAGE 154 CAVIDADES 2 RFID'S(VERSION ANTERIOR),Producto almacenable,Producto almacenable,Retornable / Producto Terminado (Retornable)
"RACK IP LOWER IMGL RACK 22 CAVIDADES, CONSIDERANDO 2 RFID'S",Producto almacenable,Producto almacenable,Retornable / Producto Terminado (Retornable)
RACK IP MID PANEL SUBSTRATE ASM,Producto almacenable,Producto almacenable,Retornable / Producto Terminado (Retornable)
RACK L233 METALES,Servicio,Servicio,Servicios
RACK MANGAS ESTRUCTURA,Producto almacenable,Producto almacenable,Retornable / Producto Terminado (Retornable)
RACK METALICO CON ACCESORIOS + BOLSAS DE DUNNAGES 48 CAVIDADES,Servicio,Servicio,Servicios
RACK METALICO CON DUNNAGE,Producto almacenable,Producto almacenable,Retornable / Producto Terminado (Retornable)
"RACK MID PANEL RACK 55 CAVIDADES, CONSIDERANDO 2 RFID'S",Producto almacenable,Producto almacenable,Retornable / Producto Terminado (Retornable)
"RACK MODEL S PASSTROUGH 33.4"" X 28"" X 48.8""",Producto almacenable,Producto almacenable,Retornable / Producto Terminado (Retornable)
RACK OUTER - GLOVE BOXRACK UNIVERSAL 280 CAVIDADES CONSIDERANDO 2 RFID ?S,Producto almacenable,Producto almacenable,Retornable / Producto Terminado (Retornable)
RACK P708,Producto almacenable,Producto almacenable,Retornable / Producto Terminado (Retornable)
RACK P708 BASE,Producto almacenable,Producto almacenable,Retornable / Producto en proceso (Retornable)
RACK TYPE #11 GRILLE CARRIER,Producto almacenable,Producto almacenable,Retornable / Producto Terminado (Retornable)
RACK TYPE #3 RAM EMBLEM PLINTH,Producto almacenable,Producto almacenable,Retornable / Producto Terminado (Retornable)
RACK TYPE #4 Y #5 SIDE APPLIQUE LH & RH,Producto almacenable,Producto almacenable,Retornable / Producto Terminado (Retornable)
RACK TYPE #4 Y #5 SIDE APPLIQUE LH & RH,Producto almacenable,Producto almacenable,Retornable / Producto Terminado (Retornable)
"RACK UNIVERSAL 43”X54”, WITH DUNNAGE STD: 400 CAVITIES, WITH SEPARATION BETWEEN [LH Y RH]",Producto almacenable,Producto almacenable,Retornable / Producto Terminado (Retornable)
RACK UNIVERSAL 52 CAVIDADES (MAP POCKET FRONTAL),Producto almacenable,Producto almacenable,Retornable / Producto Terminado (Retornable)
RACK UNIVERSAL PARA DUNNAGE R233 FRT BASE LWR BASE,Producto almacenable,Producto almacenable,Retornable / Producto Terminado (Retornable)
RACKS BUILT HT AND FORM,Producto almacenable,Producto almacenable,Cartón / Producto Terminado (Cartón)
RACKS BUILT HT AND FORM,Servicio,Servicio,Servicios
"RACKS DE BSM FRONTALES RACKS EN PTR CON LLANTAS DE USO RUDO, MATERIAL EN LONA COLOR BLANCO Y REFUERZOS EN COROPLAST",Producto almacenable,Producto almacenable,Retornable / Producto Terminado (Retornable)
RAFIA C 8,Consumible,Consumible,Cartón / Consumibles (Cartón)
RAM MODELO:2015  VIN: 3C7WRAKT1FG599463  VERSION:4000,Servicio,Servicio,Servicios
RAM MODELO:2015  VIN: 3C7WRAKT3FG599464  VERSION:4000,Servicio,Servicio,Servicios
REAR DOOR PANEL ARMREST,Producto almacenable,Producto almacenable,Cartón / Materia Prima (Cartón)
RECOGEDOR PLASTICO,Consumible,Consumible,Cartón / Consumibles (Cartón)
RECOLECCIÓN DE RESIDUOS,Servicio,Servicio,Todos
RECUBRIMIENTO DE FOAM PARA CHAROLA DE GLAS FRONT,Producto almacenable,Producto almacenable,Retornable / Producto Terminado (Retornable)
RECUBRIMIENTO DE VINIL,Producto almacenable,Producto almacenable,Retornable / Materia Prima (Retornable)
REDISEÑO DE MOTOR GEARBOX,Producto almacenable,Producto almacenable,Cartón / Kit (Cartón)
"REDONDO 1""",Producto almacenable,Producto almacenable,Retornable / Materia Prima (Retornable)
"REDONDO 1/2""",Producto almacenable,Producto almacenable,Retornable / Materia Prima (Retornable)
"REDONDO 1/4""",Producto almacenable,Producto almacenable,Retornable / Materia Prima (Retornable)
"REDONDO 5/8""",Producto almacenable,Producto almacenable,Retornable / Materia Prima (Retornable)
REDUCTOR #73,Producto almacenable,Producto almacenable,Retornable / Materia Prima (Retornable)
REFACCIONES COSTURA,Consumible,Consumible,Retornable / Consumibles (Retornable)
REFACCIONES FLEXO,Consumible,Consumible,Cartón / Consumibles (Cartón)
REFACCIONES PAILERA,Consumible,Consumible,Retornable
REFACCIONES ROTATIVA,Consumible,Consumible,Cartón / Consumibles (Cartón)
REFLECTOR INNER 00219196-01-0000 LH,Producto almacenable,Producto almacenable,Retornable / Producto Terminado (Retornable)
REFLECTOR INNER 00219197-01-0000 RH,Producto almacenable,Producto almacenable,Retornable / Producto Terminado (Retornable)
REFLECTOR OUTER 00219190-02-0000 LH,Producto almacenable,Producto almacenable,Retornable / Producto Terminado (Retornable)
REFLECTOR OUTER 00219191-02-0000 RH,Producto almacenable,Producto almacenable,Retornable / Producto Terminado (Retornable)
REFUERZO BMW IP PIELES W04003-C,Producto almacenable,Producto almacenable,Retornable / Producto en proceso (Retornable)
REFUERZO PARA TAPA PIELES,Producto almacenable,Producto almacenable,Retornable / Producto en proceso (Retornable)
REFUEZO DE SOLERA PARA CAJA U625,Producto almacenable,Producto almacenable,Retornable / Producto en proceso (Retornable)
"REGATON REDONDO PLANO 1"" DE PLÁSTICO",Producto almacenable,Producto almacenable,Retornable / Materia Prima (Retornable)
"REGATONES CUADRADO DE 1""",Producto almacenable,Producto almacenable,Retornable / Materia Prima (Retornable)
"REGATONES CUADRADO DE 3/4""",Producto almacenable,Producto almacenable,Retornable / Materia Prima (Retornable)
"REGATONES REDONDO DE 1"" CAL. 18",Producto almacenable,Producto almacenable,Retornable / Materia Prima (Retornable)
"REGLA XLPE 4# ESPESOR 1"" (45CM X 1CM)",Producto almacenable,Producto almacenable,Retornable / Materia Prima (Retornable)
"REGLA XLPE 6# DE 43.5"" x 4"" x 2""",Producto almacenable,Producto almacenable,Retornable / Materia Prima (Retornable)
REHABILITACION DE CONTENEDOR ROPAK,Servicio,Servicio,Servicios
REJILLA 760 - CELDA A,Producto almacenable,Producto almacenable,Cartón / Producto en proceso (Cartón)
REJILLA 760 - CELDA B,Producto almacenable,Producto almacenable,Cartón / Producto en proceso (Cartón)
REJILLA 760 - CELDA C,Producto almacenable,Producto almacenable,Cartón / Producto en proceso (Cartón)
REJILLA 760 - CELDA D,Producto almacenable,Producto almacenable,Cartón / Producto en proceso (Cartón)
REJILLA 964 - CELDA A,Producto almacenable,Producto almacenable,Cartón / Producto en proceso (Cartón)
REJILLA 964 - CELDA B,Producto almacenable,Producto almacenable,Cartón / Producto en proceso (Cartón)
REJILLA 989-CELDA A,Producto almacenable,Producto almacenable,Cartón / Producto en proceso (Cartón)
REJILLA 989-CELDA B,Producto almacenable,Producto almacenable,Cartón / Producto en proceso (Cartón)
REJILLA 989-TELA 17g,Producto almacenable,Producto almacenable,Cartón / Producto Terminado (Cartón)
REJILLA 989-TELA 17g A,Producto almacenable,Producto almacenable,Cartón / Producto en proceso (Cartón)
REJILLA 989-TELA 17g B,Producto almacenable,Producto almacenable,Cartón / Producto en proceso (Cartón)
REJILLA BADGE 28-CELDA A,Producto almacenable,Producto almacenable,Cartón / Producto en proceso (Cartón)
REJILLA BADGE 28-CELDA B,Producto almacenable,Producto almacenable,Cartón / Producto en proceso (Cartón)
REJILLA BADGE 54-CELDA A,Producto almacenable,Producto almacenable,Cartón / Producto en proceso (Cartón)
REJILLA BADGE 54-CELDA B,Producto almacenable,Producto almacenable,Cartón / Producto en proceso (Cartón)
REJILLA LENTE RO-CELDA A,Producto almacenable,Producto almacenable,Cartón / Producto en proceso (Cartón)
REJILLA LENTE RO-CELDA B,Producto almacenable,Producto almacenable,Cartón / Producto en proceso (Cartón)
REJILLA LENTE RO-TELA 17gr,Producto almacenable,Producto almacenable,Cartón / Producto Terminado (Cartón)
REJILLA PARA MINGITORIO,Consumible,Consumible,Cartón / Consumibles (Cartón)
REJILLA SASM-CELDA A,Producto almacenable,Producto almacenable,Cartón / Producto en proceso (Cartón)
REJILLA SASM-CELDA B,Producto almacenable,Producto almacenable,Cartón / Producto en proceso (Cartón)
REJILLA SASM-CELDA C,Producto almacenable,Producto almacenable,Cartón / Producto en proceso (Cartón)
REJILLA U502 110 CAV-CELDA A,Producto almacenable,Producto almacenable,Cartón / Producto en proceso (Cartón)
REJILLA U502 110 CAV-CELDA B,Producto almacenable,Producto almacenable,Cartón / Producto en proceso (Cartón)
REMACHE 4 .8 X 11,Consumible,Consumible,Retornable / Consumibles (Retornable)
REMACHE 4 .8 X 14,Consumible,Consumible,Retornable / Consumibles (Retornable)
REMACHE 4 .8 X 17,Consumible,Consumible,Retornable / Consumibles (Retornable)
REMACHE 4 .8 X 17 ALA LARGA,Consumible,Consumible,Retornable / Consumibles (Retornable)
REMACHE 4 .8 X 27,Consumible,Consumible,Cartón / Consumibles (Cartón)
REMACHE 4 .8 X 28,Consumible,Consumible,Cartón / Consumibles (Cartón)
REMACHE 4 .8 X 8,Consumible,Consumible,Cartón / Consumibles (Cartón)
REMACHE 4.7mm X 15.8mm,Producto almacenable,Producto almacenable,Retornable / Consumibles (Retornable)
REMACHE 4.8 X 24,Consumible,Consumible,Retornable / Consumibles (Retornable)
REMACHE DE 4.8 X 20,Consumible,Consumible,Retornable / Consumibles (Retornable)
REMACHE NO. 37,Consumible,Consumible,Retornable
REMACHE NO. 41,Consumible,Consumible,Retornable / Consumibles (Retornable)
RENTA DE BODEGA,Servicio,Servicio,Todos
RENTA DE GPS DE FLOTILLAS,Servicio,Servicio,Todos
RENTA DE IMPRESORAS,Servicio,Servicio,Todos
RENTA DE INMUEBLE,Servicio,Servicio,Todos
RENTA MENSUAL DE BODEGA,Servicio,Servicio,Servicios
REPARACION CONTENEDORES,Servicio,Servicio,Servicios
REPARACION DE ROPAKS,Servicio,Servicio,Servicios
REPARACIÓN / FABRICACIÓN DE SUAJES,Servicio,Servicio,Servicios
REPARACIÓN GENERAL ROPACK YF,Servicio,Servicio,Servicios
REPUESTO P/NAVAJA CUT6/6X TRUPER,Consumible,Consumible,Cartón / Consumibles (Cartón)
RESID+,Consumible,Consumible,Todos
RESISTOL 5000,Consumible,Consumible,Retornable / Consumibles (Retornable)
RETRABAJO DE CHAROLA DE PLASTICO CORRUGADO VERDE BOTELLA AGREGANDO FOAM EN LAS 10 CAVIDADES,Producto almacenable,Producto almacenable,Retornable / Producto Terminado (Retornable)
RETRABAJO DE RACK PARA PACK BODY,Producto almacenable,Producto almacenable,Retornable / Producto Terminado (Retornable)
RIEL 1400 CAL. 18,Producto almacenable,Producto almacenable,Retornable / Materia Prima (Retornable)
RIEL 1500 CAL 14,Producto almacenable,Producto almacenable,Retornable / Materia Prima (Retornable)
RIEL 391,Producto almacenable,Producto almacenable,Cartón / Producto en proceso (Cartón)
RIEL A ARMADO BOLSTER PASSENGER,Producto almacenable,Producto almacenable,Retornable / Producto en proceso (Retornable)
RIEL ARMADO 391,Producto almacenable,Producto almacenable,Cartón / Producto en proceso (Cartón)
RIEL B ARMADO BOLSTER PASSENGER,Producto almacenable,Producto almacenable,Retornable / Producto en proceso (Retornable)
RISER DU,Servicio,Servicio,Servicios
RIVIAN BODY SIDE RH,Producto almacenable,Producto almacenable,Cartón / Producto Terminado (Cartón)
RIVIAN TAILGATE CELDA A,Producto almacenable,Producto almacenable,Cartón / Producto en proceso (Cartón)
RIVIAN TAILGATE CELDA ARMADA,Producto almacenable,Producto almacenable,Cartón / Producto Terminado (Cartón)
RIVIAN TAILGATE CELDA B,Producto almacenable,Producto almacenable,Cartón / Producto en proceso (Cartón)
RIVIAN TAILGATE CELDA C,Producto almacenable,Producto almacenable,Cartón / Producto en proceso (Cartón)
RIVIAN TAILGATE RSC,Producto almacenable,Producto almacenable,Cartón / Producto Terminado (Cartón)
RIVIAN TAILGATE TAPA,Producto almacenable,Producto almacenable,Cartón / Producto en proceso (Cartón)
ROD-JIR-2*7/8,Producto almacenable,Producto almacenable,Cartón / Materia Prima (Cartón)
"RODAJA 5"" X 2"" FIJA",Producto almacenable,Producto almacenable,Retornable / Materia Prima (Retornable)
"RODAJA 5"" X 2"" FIJA CON FRENO",Producto almacenable,Producto almacenable,Retornable / Materia Prima (Retornable)
"RODAJA 5"" X 2"" GIRATORIA",Producto almacenable,Producto almacenable,Retornable / Materia Prima (Retornable)
"RODAJA 5"" X 2"" GIRATORIA CON FRENO",Producto almacenable,Producto almacenable,Retornable / Materia Prima (Retornable)
"RODAJA 6"" X 3"" FIJA",Producto almacenable,Producto almacenable,Retornable / Materia Prima (Retornable)
"RODAJA 6"" X 3"" GIRATORIA",Producto almacenable,Producto almacenable,Retornable / Materia Prima (Retornable)
"RODAJA 8"" X 3"" FIJA",Producto almacenable,Producto almacenable,Retornable / Materia Prima (Retornable)
"RODAJA 8"" X 3"" GIRATORIA",Producto almacenable,Producto almacenable,Retornable / Materia Prima (Retornable)
"RODAJA FIJA 4"" X 2"" CON RUEDA DE POLIURETANO DURATOUGH",Producto almacenable,Producto almacenable,Cartón / Materia Prima (Cartón)
"RODAJA FIJA 4"" X 2"" FENOLICA",Producto almacenable,Producto almacenable,Retornable / Materia Prima (Retornable)
"RODAJA FIJA 6"" X 2",Producto almacenable,Producto almacenable,Retornable / Materia Prima (Retornable)
"RODAJA FIJA 8 X 2"" TWERGO (DOBLE RUEDA)",Producto almacenable,Producto almacenable,Retornable / Materia Prima (Retornable)
"RODAJA FIJA 8X2"" OVALADA VERDE",Producto almacenable,Producto almacenable,Retornable / Materia Prima (Retornable)
"RODAJA FIJA 8X2"" OVALADA VERDE",Producto almacenable,Producto almacenable,Retornable / Materia Prima (Retornable)
RODAJA GIR 4X2,Producto almacenable,Producto almacenable,Cartón / Materia Prima (Cartón)
"RODAJA GIRATORIA 3 1/2"" X 1 1/4""",Producto almacenable,Producto almacenable,Retornable / Materia Prima (Retornable)
"RODAJA GIRATORIA 4"" X 2"" CON RUEDA DE POLIURETANO DURATOUGH",Producto almacenable,Producto almacenable,Cartón / Materia Prima (Cartón)
"RODAJA GIRATORIA 4"" X 2"" FENOLICA",Producto almacenable,Producto almacenable,Cartón / Materia Prima (Cartón)
"RODAJA GIRATORIA 6"" X 2",Producto almacenable,Producto almacenable,Retornable / Materia Prima (Retornable)
"RODAJA GIRATORIA 8 X 2"" TWERGO (DOBLE RUEDA)",Producto almacenable,Producto almacenable,Retornable / Materia Prima (Retornable)
"RODAJA GIRATORIA 8X2"" OVALADA VERDE",Producto almacenable,Producto almacenable,Retornable / Materia Prima (Retornable)
"RODAJA GIRATORIA 8X2"" OVALADA VERDE M",Producto almacenable,Producto almacenable,Retornable / Materia Prima (Retornable)
RODAPIE 45 X 10,Producto almacenable,Producto almacenable,Retornable / Materia Prima (Retornable)
"RODAPIE DE 56"" LGO. EN PLACA DE 1/8"" ESP.",Producto almacenable,Producto almacenable,Retornable / Materia Prima (Retornable)
"RODAPIE DE 69"" LGO. EN PLACA 1/8""",Producto almacenable,Producto almacenable,Retornable / Materia Prima (Retornable)
RODAPIE LARGO - BACKFRAME 60%,Producto almacenable,Producto almacenable,Retornable / Materia Prima (Retornable)
"RODAPIÉ CORTO 36.06"" EN LÁMINA DE 1/8"" ESP.",Producto almacenable,Producto almacenable,Retornable / Materia Prima (Retornable)
"RODAPIÉ HIDER 59"" EN LÁMINA DE 1/8"" ESP.",Producto almacenable,Producto almacenable,Retornable / Materia Prima (Retornable)
"RODAPIÉ LOWER 55.98"" EN LÁMINA DE 1/8"" ESP.",Producto almacenable,Producto almacenable,Retornable / Materia Prima (Retornable)
"RODAPIÉ UNIVERSAL 45.98"" EN LÁMINA DE 1/8"" ESP.",Producto almacenable,Producto almacenable,Retornable / Materia Prima (Retornable)
"ROPACK 45"" X 48"" X 25""",Producto almacenable,Producto almacenable,Retornable / Producto Comercialización (Retornable)
"ROPACK 45"" X 48"" X 42""",Producto almacenable,Producto almacenable,Retornable / Materia Prima (Retornable)
"ROPACK 45"" X 48"" X34""",Producto almacenable,Producto almacenable,Cartón / Producto Terminado (Cartón)
ROPACK 45X48X25,Servicio,Servicio,Servicios
ROPACK 45X48X34 36 CAVIDADES (MAP POCKET REAR),Producto almacenable,Producto almacenable,Retornable / Producto Terminado (Retornable)
ROPACK 45X48X34 84 CAVIDADES (DUNNAGE CLOSE OUT),Producto almacenable,Producto almacenable,Retornable / Producto Terminado (Retornable)
"ROPACK 45x48x39""",Servicio,Servicio,Servicios
ROPACK 45”X48”X34,Producto almacenable,Producto almacenable,Retornable / Producto Comercialización (Retornable)
"ROPACK SEMINUEVO 45"" X 48"" X 34"", + 5 SEPARADORES DE PLASTICO CORRUGADO DE 4 MM",Producto almacenable,Producto almacenable,Retornable / Producto Terminado (Retornable)
ROPAK AUTOMOTRIZ SEMINUEVO CLASE A CON 5 SEPARADORES DE PLASTICO CORRUGADO 4MM SUJETOS AL CONTENEDOR CON TIRA DE NYLON,Producto almacenable,Producto almacenable,Retornable / Producto Terminado (Retornable)
"RTM-1168 VELCRO 1"" AUTOADHERIBLE FELPA",Producto almacenable,Producto almacenable,Todos
"RTM-1181 VELCRO 1"" AUTOADHERIBLE GANCHO",Producto almacenable,Producto almacenable,Todos
RTM-4490,Consumible,Consumible,Todos
RTM-8126 INSERTO EXTERIOR 6LBS ABC,Producto almacenable,Producto almacenable,Retornable / Materia Prima (Retornable)
RTM-8127 INSERTO CENTRAL 6 LBS ABC,Producto almacenable,Producto almacenable,Retornable / Materia Prima (Retornable)
RTM-8128 INSERTO INFERIOR 6LBS ABC,Producto almacenable,Producto almacenable,Retornable / Materia Prima (Retornable)
Rack FR Top Shoulder LH - YF,Producto almacenable,Producto almacenable,Retornable / Producto Terminado (Retornable)
Rack FR Top Shoulder RH - YF,Producto almacenable,Producto almacenable,Retornable / Producto Terminado (Retornable)
Rack MC front - YF,Producto almacenable,Producto almacenable,Retornable / Producto Terminado (Retornable)
Rack MC rear - YF,Producto almacenable,Producto almacenable,Retornable / Producto Terminado (Retornable)
Rack Map pocket - YF G42,Producto almacenable,Producto almacenable,Retornable / Producto Terminado (Retornable)
"Rack Metálico L232 Inner LH & RH, Std",Servicio,Servicio,Servicios
"Rack Metálico L232 Outer LH, Std Pack 54 Cav",Producto almacenable,Producto almacenable,Retornable / Producto Terminado (Retornable)
"Rack Metálico L232 Outer RH, Std Pack 54 Cav",Producto almacenable,Producto almacenable,Retornable / Producto Terminado (Retornable)
Rack RR Top Shoulder LH - YF,Producto almacenable,Producto almacenable,Retornable / Producto Terminado (Retornable)
Rack RR Top Shoulder RH - YF,Producto almacenable,Producto almacenable,Retornable / Producto Terminado (Retornable)
Rack Universal - YF Ramos,Producto almacenable,Producto almacenable,Retornable / Producto en proceso (Retornable)
Rack Universal base  - YF QRO,Producto almacenable,Producto almacenable,Retornable / Producto en proceso (Retornable)
Rack Universal base  - YF Ramos,Producto almacenable,Producto almacenable,Retornable / Producto en proceso (Retornable)
Re trabajo en racks de body side CX727,Producto almacenable,Producto almacenable,Retornable / Producto Terminado (Retornable)
Re trabajo rodajas rack body,Producto almacenable,Producto almacenable,Retornable / Producto en proceso (Retornable)
Re trabajo tiron rack body side,Producto almacenable,Producto almacenable,Retornable / Producto en proceso (Retornable)
Refacciones. P1. A. Pieza.,Producto almacenable,Producto almacenable,Cartón / Producto en proceso (Cartón)
Refacciones. P1. B. Pieza.,Producto almacenable,Producto almacenable,Cartón / Producto en proceso (Cartón)
Refacciones. P1. C. Pieza.,Producto almacenable,Producto almacenable,Cartón / Producto en proceso (Cartón)
Refacciones. P1. Celdado.,Producto almacenable,Producto almacenable,Cartón / Producto Terminado (Cartón)
Refacciones. P1. D. Pieza.,Producto almacenable,Producto almacenable,Cartón / Producto en proceso (Cartón)
Refacciones. P1. E. Pieza.,Producto almacenable,Producto almacenable,Cartón / Producto en proceso (Cartón)
Refacciones. P2. A. Pieza.,Producto almacenable,Producto almacenable,Cartón / Producto en proceso (Cartón)
Refacciones. P2. B. Pieza.,Producto almacenable,Producto almacenable,Cartón / Producto en proceso (Cartón)
Refacciones. P2. C. Pieza.,Producto almacenable,Producto almacenable,Cartón / Producto en proceso (Cartón)
Refacciones. P2. Celdado.,Producto almacenable,Producto almacenable,Cartón / Producto Terminado (Cartón)
Refacciones. P2. D. Pieza.,Producto almacenable,Producto almacenable,Cartón / Producto en proceso (Cartón)
Reparaciones Generales de Ropacks 4845-3,Servicio,Servicio,Servicios
Retrabajo en material de empaque,Servicio,Servicio,Servicios
Retrabajo rack 6,Servicio,Servicio,Servicios
Revised Fender Sample Box for service,Servicio,Servicio,Servicios
Rollo Adhesivo Doble Capa 1.50m*225m,Producto almacenable,Producto almacenable,Retornable / Materia Prima (Retornable)
S1B1,Producto almacenable,Producto almacenable,Retornable / Producto en proceso (Retornable)
S1B3,Producto almacenable,Producto almacenable,Retornable / Producto en proceso (Retornable)
S2.8. INSTRUMENT P703. Charola 10 cav. Coroplast Negro 4 m.m.,Producto almacenable,Producto almacenable,Retornable / Producto Terminado (Retornable)
S2B1,Producto almacenable,Producto almacenable,Retornable / Producto en proceso (Retornable)
S2B2,Producto almacenable,Producto almacenable,Retornable / Producto en proceso (Retornable)
S2B3,Producto almacenable,Producto almacenable,Retornable / Producto en proceso (Retornable)
SALDO INICIAL,Servicio,Servicio,Servicios
SARRICIDA 4LTS,Consumible,Consumible,Cartón / Consumibles (Cartón)
SBW DUBETINA STICKER,Producto almacenable,Producto almacenable,Retornable / Producto Terminado (Retornable)
SDD2,Producto almacenable,Producto almacenable,Retornable / Producto en proceso (Retornable)
SDD2 FI,Producto almacenable,Producto almacenable,Retornable / Producto en proceso (Retornable)
SEGUROS,Consumible,Consumible,Todos
SEGUROS Y FIANZAS,Servicio,Servicio,Todos
SELLO CON LETRAS GRABADAS CON LA LEYENDA,Servicio,Servicio,Servicios
SELLO DE SEGURIDAD,Consumible,Consumible,Cartón / Consumibles (Cartón)
"SEMIFLECHA 1/2""",Producto almacenable,Producto almacenable,Cartón / Materia Prima (Cartón)
SEMIFLECHA 1/4,Producto almacenable,Producto almacenable,Cartón / Materia Prima (Cartón)
"SEMIFLECHA 3/16""",Producto almacenable,Producto almacenable,Cartón / Materia Prima (Cartón)
"SEMIFLECHA 3/8""",Producto almacenable,Producto almacenable,Retornable
SEPARADOR 1008.4 mm X 344 mm X 37 mm XLPE 4# STD. NGB 3X48X72,Producto almacenable,Producto almacenable,Retornable / Producto Comercialización (Retornable)
SEPARADOR 342 VARROC,Producto almacenable,Producto almacenable,Cartón / Producto Terminado (Cartón)
SEPARADOR 40007,Producto almacenable,Producto almacenable,Cartón / Materia Prima (Cartón)
SEPARADOR 4291AL,Producto almacenable,Producto almacenable,Cartón / Producto Terminado (Cartón)
SEPARADOR 732 VARROC,Producto almacenable,Producto almacenable,Cartón / Producto Terminado (Cartón)
SEPARADOR 733 VARROC,Producto almacenable,Producto almacenable,Cartón / Producto Terminado (Cartón)
SEPARADOR 734 VARROC,Producto almacenable,Producto almacenable,Cartón / Producto Terminado (Cartón)
SEPARADOR 745 VARROC,Producto almacenable,Producto almacenable,Cartón / Producto Terminado (Cartón)
SEPARADOR 785,Producto almacenable,Producto almacenable,Cartón / Producto Terminado (Cartón)
SEPARADOR A450 CONTENEDOR CARTON,Producto almacenable,Producto almacenable,Cartón / Producto Terminado (Cartón)
SEPARADOR AQ450,Producto almacenable,Producto almacenable,Cartón / Kit (Cartón)
SEPARADOR CALAVERA 4548 BMW G01 LCI,Producto almacenable,Producto almacenable,Cartón / Producto en proceso (Cartón)
SEPARADOR CENTRAL - KIT 330 MCA,Producto almacenable,Producto almacenable,Cartón / Producto en proceso (Cartón)
SEPARADOR CHICO 4007,Producto almacenable,Producto almacenable,Cartón / Producto Terminado (Cartón)
SEPARADOR CK 32 ECT,Producto almacenable,Producto almacenable,Cartón / Producto Terminado (Cartón)
SEPARADOR COROPLAST BLANCO 1.02 X 1.11,Producto almacenable,Producto almacenable,Retornable / Producto en proceso (Retornable)
SEPARADOR DE CARTON (09DS MAGNA),Producto almacenable,Producto almacenable,Cartón / Producto Terminado (Cartón)
SEPARADOR DE CARTÓN 1041x1118mm PARA ROPAK DE PROGRAMA DJ,Producto almacenable,Producto almacenable,Cartón / Producto Terminado (Cartón)
SEPARADOR DE CARTÓN 1041x1118mm PARA ROPAK DE PROGRAMA DJ,Producto almacenable,Producto almacenable,Cartón / Producto en proceso (Cartón)
SEPARADOR DE CARTÓN PARA CARGO BOX (DIVIDER) 1028x1458mm,Producto almacenable,Producto almacenable,Cartón / Producto Terminado (Cartón)
SEPARADOR DE COROPLAST BLANCO 3/16 (5MM) CON MEDIDAS 21 3/8 x 12 7/8,Producto almacenable,Producto almacenable,Retornable / Producto Terminado (Retornable)
SEPARADOR DE COROPLAST NEGRO 5MM INSERTOS DE XLINK 8LBS,Producto almacenable,Producto almacenable,Retornable / Producto Terminado (Retornable)
SEPARADOR GRANDE 7365,Producto almacenable,Producto almacenable,Cartón / Producto Terminado (Cartón)
SEPARADOR HOUSING DS,Producto almacenable,Producto almacenable,Cartón / Producto Terminado (Cartón)
SEPARADOR HOUSING DS09,Producto almacenable,Producto almacenable,Cartón / Producto Terminado (Cartón)
SEPARADOR KIT RETEINER,Producto almacenable,Producto almacenable,Cartón / Producto Terminado (Cartón)
SEPARADOR MEDIANO 7373,Producto almacenable,Producto almacenable,Cartón / Producto Terminado (Cartón)
SEPARADOR PARA RACK,Producto almacenable,Producto almacenable,Retornable / Producto Terminado (Retornable)
SEPARADOR PARA RACK (CANALETA A),Producto almacenable,Producto almacenable,Retornable / Producto en proceso (Retornable)
SEPARADOR PARA RACK (CANALETA B),Producto almacenable,Producto almacenable,Retornable / Producto en proceso (Retornable)
SEPARADOR PARA RACK (COROPLAST),Producto almacenable,Producto almacenable,Retornable / Producto en proceso (Retornable)
SEPARADOR PARA RACK (TIRA),Producto almacenable,Producto almacenable,Retornable / Producto en proceso (Retornable)
SEPARADOR PIVOTE CONTENEDOR RETORNABLE,Producto almacenable,Producto almacenable,Cartón / Producto Terminado (Cartón)
SEPARADOR STRYKER,Producto almacenable,Producto almacenable,Cartón / Materia Prima (Cartón)
SEPARADOR TUNDRA TOYOTA,Producto almacenable,Producto almacenable,Muestras / Producto Terminado (Muestras)
SEPARADOR WS,Producto almacenable,Producto almacenable,Cartón / Producto Terminado (Cartón)
SEPARADORES DE CAJAS FLOCKING,Producto almacenable,Producto almacenable,Cartón / Producto Terminado (Cartón)
SERIGRAFIA “PROPIEDAD FORVIA HELLA” // “RETORNAR NOVATEC”,Producto almacenable,Producto almacenable,Todos
SERVICIO,Servicio,Servicio,Servicios
SERVICIO DE DISEÑO DE EMPAQUE PARA SERVICE PARTS EVEREST-SR REQUISITION,Servicio,Servicio,Servicios
SERVICIO DE ENERGÍA ELÉCTRICA,Servicio,Servicio,Todos
SERVICIO LUZ,Servicio,Servicio,Todos
SERVICIO MEDICO,Servicio,Servicio,Todos
SERVICIOS DE TELEFONÍA,Servicio,Servicio,Todos
SERVICIOS PROFESIONALES,Servicio,Servicio,Todos
SERVICO,Consumible,Consumible,Todos
SERVILLETA TRAD. C/ 500 PZAS,Consumible,Consumible,Cartón / Consumibles (Cartón)
SHAMPOO P/MANOS 4LTS.,Consumible,Consumible,Cartón / Consumibles (Cartón)
SOBRANTE DOBLE,Producto almacenable,Producto almacenable,Cartón / Materia Prima (Cartón)
SOBRANTE EVOLON,Producto almacenable,Producto almacenable,Retornable / Materia Prima (Retornable)
SOBRANTE SENCILLO,Producto almacenable,Producto almacenable,Cartón / Materia Prima (Cartón)
"SOBRE VINIL C/ADHESIVO 8 1/2  X 11""",Consumible,Consumible,Retornable / Consumibles (Retornable)
SOFTEK HEADLINER DUBETINA,Producto almacenable,Producto almacenable,Retornable / Materia Prima (Retornable)
"SOLERA ""A"" PARA REFUERZO PARA TAPA PIELES",Producto almacenable,Producto almacenable,Retornable / Producto en proceso (Retornable)
"SOLERA ""B"" PARA REFUERZO PARA TAPA PIELES",Producto almacenable,Producto almacenable,Retornable / Producto en proceso (Retornable)
"SOLERA 1 1/2""  GROSOR 1/8""",Producto almacenable,Producto almacenable,Retornable / Materia Prima (Retornable)
"SOLERA 1 1/2""  GROSOR 5/16""",Producto almacenable,Producto almacenable,Retornable / Materia Prima (Retornable)
"SOLERA 1 1/2"" GROSOR 1/4""",Producto almacenable,Producto almacenable,Retornable / Materia Prima (Retornable)
"SOLERA 1 1/2"" GROSOR 3/16",Producto almacenable,Producto almacenable,Retornable / Materia Prima (Retornable)
"SOLERA 1 1/4"" GROSOR 1/8""",Producto almacenable,Producto almacenable,Retornable / Materia Prima (Retornable)
"SOLERA 1"" 1/8 GROSOR",Producto almacenable,Producto almacenable,Cartón / Materia Prima (Cartón)
"SOLERA 1"" 1/8 GROSOR (copia)",Producto almacenable,Producto almacenable,Cartón / Materia Prima (Cartón)
SOLERA 1/2X1/8,Producto almacenable,Producto almacenable,Cartón / Materia Prima (Cartón)
"SOLERA 1/4"" X 1 1/2""",Producto almacenable,Producto almacenable,Retornable / Materia Prima (Retornable)
"SOLERA 1/4"" X 2""",Producto almacenable,Producto almacenable,Retornable / Materia Prima (Retornable)
"SOLERA 1/8 "" X 2 1/2""",Producto almacenable,Producto almacenable,Retornable / Materia Prima (Retornable)
"SOLERA 1/8"" X 1 1/2""",Producto almacenable,Producto almacenable,Retornable / Materia Prima (Retornable)
"SOLERA 1/8"" X 1 1/4""",Producto almacenable,Producto almacenable,Retornable / Materia Prima (Retornable)
"SOLERA 1/8"" X 1""",Producto almacenable,Producto almacenable,Retornable / Materia Prima (Retornable)
"SOLERA 1/8"" X 1/2""",Producto almacenable,Producto almacenable,Retornable / Materia Prima (Retornable)
"SOLERA 1/8"" X 11/2""",Producto almacenable,Producto almacenable,Cartón / Materia Prima (Cartón)
"SOLERA 1/8"" X 2 1/2""",Producto almacenable,Producto almacenable,Cartón / Materia Prima (Cartón)
"SOLERA 1/8"" X 2""",Producto almacenable,Producto almacenable,Retornable / Materia Prima (Retornable)
"SOLERA 1/8"" X 3""",Producto almacenable,Producto almacenable,Retornable / Materia Prima (Retornable)
"SOLERA 1/8"" X 3/4""",Producto almacenable,Producto almacenable,Retornable / Materia Prima (Retornable)
"SOLERA 2"" X 1/4"" GROSOR",Producto almacenable,Producto almacenable,Retornable / Materia Prima (Retornable)
"SOLERA 2"" X 1/8"" GROSOR",Producto almacenable,Producto almacenable,Retornable / Materia Prima (Retornable)
"SOLERA 2"" x 1/2"" GROSOR",Producto almacenable,Producto almacenable,Retornable / Materia Prima (Retornable)
"SOLERA 3/16 1""",Producto almacenable,Producto almacenable,Cartón / Materia Prima (Cartón)
"SOLERA 3/16"" * 3""",Producto almacenable,Producto almacenable,Retornable / Materia Prima (Retornable)
"SOLERA 3/16"" X 1  1/2""",Producto almacenable,Producto almacenable,Cartón / Materia Prima (Cartón)
"SOLERA 3/16"" X 1 1/2""",Producto almacenable,Producto almacenable,Retornable / Materia Prima (Retornable)
"SOLERA 3/16"" X 2""",Producto almacenable,Producto almacenable,Retornable / Materia Prima (Retornable)
SOLERA 3/16X2,Producto almacenable,Producto almacenable,Cartón / Materia Prima (Cartón)
"SOLERA 3/4"" GROSOR 1/8""",Producto almacenable,Producto almacenable,Cartón / Materia Prima (Cartón)
"SOLERA 3/8 X 2""",Producto almacenable,Producto almacenable,Retornable / Materia Prima (Retornable)
"SOLERA 3/8"" X 1 1/2""",Producto almacenable,Producto almacenable,Retornable / Materia Prima (Retornable)
"SOLERA 3/8"" X 2""",Producto almacenable,Producto almacenable,Retornable / Materia Prima (Retornable)
SOLERA 3/8X 1 1/2,Producto almacenable,Producto almacenable,Cartón / Materia Prima (Cartón)
"SOLERA 5/16"" X 1 1/2""",Producto almacenable,Producto almacenable,Retornable / Materia Prima (Retornable)
SOLERA A BMW IP PIELES W04003-C,Producto almacenable,Producto almacenable,Retornable / Producto en proceso (Retornable)
SOLERA B BMW IP PIELES W04003-C,Producto almacenable,Producto almacenable,Retornable / Producto en proceso (Retornable)
"SOLERA DE 1 1/2"" GROSOR 3/8",Producto almacenable,Producto almacenable,Retornable / Materia Prima (Retornable)
"SOLERA DE 1 1/4"" X 1/4""",Producto almacenable,Producto almacenable,Retornable / Materia Prima (Retornable)
"SOLERA DE 1/2"" * 2""",Producto almacenable,Producto almacenable,Retornable / Materia Prima (Retornable)
"SOLERA DE 1/8*3""",Producto almacenable,Producto almacenable,Retornable / Materia Prima (Retornable)
"SOLERA DE 1/8*3"" (copia)",Producto almacenable,Producto almacenable,Retornable / Materia Prima (Retornable)
"SOLERA DE 1/8*3"" (copia)",Producto almacenable,Producto almacenable,Retornable / Materia Prima (Retornable)
SOLERA RACK BODY,Producto almacenable,Producto almacenable,Retornable / Producto en proceso (Retornable)
SOLERA RACK BOLSTER PASSENGER,Producto almacenable,Producto almacenable,Retornable / Producto en proceso (Retornable)
SOLERA3/16,Producto almacenable,Producto almacenable,Cartón / Materia Prima (Cartón)
"SOLIDO 1 1/4""",Producto almacenable,Producto almacenable,Cartón / Materia Prima (Cartón)
SOLIDO ESTIBA,Producto almacenable,Producto almacenable,Cartón / Materia Prima (Cartón)
"SOLIDO REDONDO 1""",Producto almacenable,Producto almacenable,Retornable / Materia Prima (Retornable)
"SOLIDO REDONDO 1/2""",Producto almacenable,Producto almacenable,Retornable / Materia Prima (Retornable)
"SOLIDO REDONDO 5/8""",Producto almacenable,Producto almacenable,Retornable / Materia Prima (Retornable)
SOLVENTE DIELECTRICO,Consumible,Consumible,Retornable / Consumibles (Retornable)
SOPORTE CONSOLA XLPE 6# LH,Producto almacenable,Producto almacenable,Retornable / Materia Prima (Retornable)
SOPORTE CONSOLA XLPE 6# RH,Producto almacenable,Producto almacenable,Retornable / Materia Prima (Retornable)
SOPORTE CX482,Producto almacenable,Producto almacenable,Cartón / Materia Prima (Cartón)
SOPORTE DE CARTON PARA FIJAR DUNNAGE MCV 115 E EN TOTE GEN RICO DE ORBIS,Producto almacenable,Producto almacenable,Cartón / Producto Terminado (Cartón)
SOPORTE LAMINADO PAD PARA SOPORTE CALAVERA 4548 BMW G01 LCI,Producto almacenable,Producto almacenable,Cartón / Producto en proceso (Cartón)
"SOPORTE PARA PINES EN PLACA DE A36 DE 3/16"" ESPESOR, SEGUN DIBUJO",Producto almacenable,Producto almacenable,Retornable / Materia Prima (Retornable)
SOPORTE SUPERIOR DECO ASSY DIRVER,Producto almacenable,Producto almacenable,Retornable / Producto en proceso (Retornable)
SOPORTE SUPERIOR EN LAMINA NEGRA CAL 16 SEGUN DIBUJO,Producto almacenable,Producto almacenable,Retornable / Materia Prima (Retornable)
SOPORTE TECNICO SISTEMAS,Servicio,Servicio,Servicios
SOPORTE XLPE  DEN/6 soporte 4- 323mm x 65mm x 51mm,Producto almacenable,Producto almacenable,Retornable / Materia Prima (Retornable)
SOPORTE XLPE DEN/ 2 soporte 5 -  80mm x 110mm x 6.4mm,Producto almacenable,Producto almacenable,Retornable / Materia Prima (Retornable)
SOPORTE XLPE DEN/2  soporte 5 -  80mm x 110mm x 6.4mm (copia),Producto almacenable,Producto almacenable,Retornable / Materia Prima (Retornable)
SOPORTE XLPE DEN/2  soporte 6-45mm x 75mm x 15mm,Producto almacenable,Producto almacenable,Retornable / Materia Prima (Retornable)
SOPORTE XLPE DEN/2 soporte 3- 195mmx 60mm x 16mm,Producto almacenable,Producto almacenable,Retornable / Materia Prima (Retornable)
SOPORTE XLPE DEN/6  Soporte 1- 92 mm x 65mm x 25mm,Producto almacenable,Producto almacenable,Retornable / Materia Prima (Retornable)
SPEAKER GRILL,Servicio,Servicio,Servicios
"ST95CD-G8VTA CD4 FORD 5 CELL CORRUGATED BLACK PLASTIC, DUNNAGE WITH WHITE TYVEK 2473-L",Producto almacenable,Producto almacenable,Retornable / Producto Terminado (Retornable)
STABOMAT 643920,Producto almacenable,Producto almacenable,Cartón / Materia Prima (Cartón)
"STACKCAPS 1 1/2""",Producto almacenable,Producto almacenable,Retornable / Materia Prima (Retornable)
"STACKING CAP  DE 2""",Producto almacenable,Producto almacenable,Retornable / Materia Prima (Retornable)
STICKER SOFTEK DUBETINA,Producto almacenable,Producto almacenable,Retornable
SUAJE CHAROLA / CELDADO HUD 30AA,Consumible,Consumible,Servicios
SUAJE PARA CAJA 5,Servicio,Servicio,Servicios
SUAJE PARA TAPA 5,Servicio,Servicio,Servicios
SUJETADOR CHICO,Producto almacenable,Producto almacenable,Cartón / Materia Prima (Cartón)
SUJETADOR GRANDE,Producto almacenable,Producto almacenable,Cartón / Materia Prima (Cartón)
SUJETADORES DE CABLE,Producto almacenable,Producto almacenable,Retornable / Materia Prima (Retornable)
SUPERLONA,Producto almacenable,Producto almacenable,Retornable
SWITCH BEZEL CELDA A,Producto almacenable,Producto almacenable,Retornable / Producto en proceso (Retornable)
SWITCH BEZEL CELDA B,Producto almacenable,Producto almacenable,Retornable / Producto en proceso (Retornable)
SWITCH BEZEL CELDA C,Producto almacenable,Producto almacenable,Retornable / Producto en proceso (Retornable)
SWITCH BEZEL CELDA D,Producto almacenable,Producto almacenable,Retornable / Producto en Proceso MTS (Retornable)
SWITCH BEZEL SUAJE CELDA A Y B,Producto almacenable,Producto almacenable,Retornable / Producto en proceso (Retornable)
Seat Back. A. Pieza.,Producto almacenable,Producto almacenable,Cartón / Producto en proceso (Cartón)
Seat Back. B. Pieza.,Producto almacenable,Producto almacenable,Cartón / Producto en proceso (Cartón)
Seat Back. Caja HSC 1/2,Producto almacenable,Producto almacenable,Cartón / Producto Terminado (Cartón)
Seat Back. Celda Armada.,Producto almacenable,Producto almacenable,Cartón / Producto Terminado (Cartón)
Seat Back. Tapa.,Producto almacenable,Producto almacenable,Cartón / Producto Terminado (Cartón)
Separador Array - Prolamsa,Producto almacenable,Producto almacenable,Cartón / Producto en proceso (Cartón)
Separador negro,Producto almacenable,Producto almacenable,Cartón / Materia Prima (Cartón)
Separador | J34A,Producto almacenable,Producto almacenable,Cartón / Producto Terminado (Cartón)
Servicio en parte de horas,Servicio,Servicio,Todos
Servicios de planeación búsqueda e identificación y administración en la implementación de nuevos proyectos de ventas de exportación a USA.,Servicio,Servicio,Servicios
"Servicios de planeación, búsqueda e identificación y administración en la implementación de nuevos proyectos",Servicio,Servicio,Servicios
Shifter Bezel floor insert - insert to complete repair of returnable totes causing damage to shifter bezel.,Producto almacenable,Producto almacenable,Retornable / Producto Terminado (Retornable)
Shock Tower. Cuello Doble ( altura de 310 correcta),Producto almacenable,Producto almacenable,Cartón / Producto en proceso (Cartón)
Shock Tower. Cuello Gral.,Producto almacenable,Producto almacenable,Cartón / Producto Terminado (Cartón)
Shock Tower. Cuello Sencillo.,Producto almacenable,Producto almacenable,Cartón / Producto en proceso (Cartón)
Shock Tower. Mitad Cuello.,Producto almacenable,Producto almacenable,Cartón / Producto en proceso (Cartón)
Sobrante COROPLAST 4MM 0.560X2.44 mts  BLANCO,Producto almacenable,Producto almacenable,Cartón / Materia Prima (Cartón)
Sobrante de Microcorrugado 32,Producto almacenable,Producto almacenable,Cartón / Materia Prima (Cartón)
"Sobres para Listas de Empaque con Abertura Superior - Transparentes, 7 1/2 x 5 1/2"". Avanzar. TGTX. P558.",Producto almacenable,Producto almacenable,Retornable / Consumibles (Retornable)
"Solera de 1/8""*2"" (3.2*51mm) * 6.10mts",Producto almacenable,Producto almacenable,Retornable / Materia Prima (Retornable)
Soporte Trasero S2,Producto almacenable,Producto almacenable,Retornable / Producto Terminado (Retornable)
Soporte frontal S1,Producto almacenable,Producto almacenable,Retornable / Producto Terminado (Retornable)
Spartamburg,Producto almacenable,Producto almacenable,Cartón / Producto Comercialización (Cartón)
Speaker badge - Cell,Producto almacenable,Producto almacenable,Cartón / Producto Terminado (Cartón)
Speaker badge - Cell A,Producto almacenable,Producto almacenable,Cartón / Producto en proceso (Cartón)
Speaker badge - Cell B,Producto almacenable,Producto almacenable,Cartón / Producto en proceso (Cartón)
Speaker badge - RSC,Producto almacenable,Producto almacenable,Cartón / Producto Terminado (Cartón)
"Steel RACK 96"" X 48"" X 50"", Y0124113",Producto almacenable,Producto almacenable,Retornable / Producto Terminado (Retornable)
Sudáfrica. Celda Armada,Producto almacenable,Producto almacenable,Cartón / Producto en proceso (Cartón)
Sudáfrica. Celdas en Contenedor.,Producto almacenable,Producto almacenable,Cartón / Producto Terminado (Cartón)
Sudáfrica. Contenedor para Embarque.,Producto almacenable,Producto almacenable,Cartón / Producto en proceso (Cartón)
Sudáfrica. Contenedor. Cuello C.,Producto almacenable,Producto almacenable,Cartón / Producto en proceso (Cartón)
Sudáfrica. Contenedor. Esquineros.,Producto almacenable,Producto almacenable,Cartón / Producto en proceso (Cartón)
Sudáfrica. Contenedor. Pared Gral.,Producto almacenable,Producto almacenable,Cartón / Producto en proceso (Cartón)
Sudáfrica. Contenedor. Separador.,Producto almacenable,Producto almacenable,Cartón / Producto en proceso (Cartón)
Sudáfrica. Inserto Foam.,Producto almacenable,Producto almacenable,Cartón / Producto Terminado (Cartón)
Sudáfrica. Tapa Gral.,Producto almacenable,Producto almacenable,Cartón / Producto en proceso (Cartón)
T1XX. A. Pieza.,Producto almacenable,Producto almacenable,Cartón / Producto en proceso (Cartón)
T1XX. B. Pieza.,Producto almacenable,Producto almacenable,Cartón / Producto en proceso (Cartón)
T1XX. C. Pieza.,Producto almacenable,Producto almacenable,Cartón / Producto en proceso (Cartón)
T1XX. D. Pieza.,Producto almacenable,Producto almacenable,Cartón / Producto en proceso (Cartón)
T7 DIAL BOLSA TELA NO TEJIDA,Producto almacenable,Producto almacenable,Cartón / Producto Terminado (Cartón)
T7 PRISMA BOLSA DE TELA NO TEJIDA,Producto almacenable,Producto almacenable,Cartón / Producto Terminado (Cartón)
TACON ESPIRAL ALTO,Producto almacenable,Producto almacenable,Cartón / Producto en proceso (Cartón)
TACÓN BAJO,Producto almacenable,Producto almacenable,Cartón / Producto en proceso (Cartón)
TAPA,Producto almacenable,Producto almacenable,Cartón / Producto Terminado (Cartón)
TAPA,Producto almacenable,Producto almacenable,Cartón / Producto Terminado (Cartón)
TAPA  FORTIFLEX PARA TOTE 24X15X9,Producto almacenable,Producto almacenable,Retornable / Producto Terminado (Retornable)
TAPA  QTR LOWER 5 CAV,Producto almacenable,Producto almacenable,Cartón / Materia Prima (Cartón)
TAPA - A PILLAR GARNISH,Producto almacenable,Producto almacenable,Cartón / Producto Terminado (Cartón)
TAPA - B PILLAR LOWER GARNISH,Producto almacenable,Producto almacenable,Cartón / Producto Terminado (Cartón)
TAPA - BOLSTER PASSENGER,Producto almacenable,Producto almacenable,Retornable / Producto Terminado (Retornable)
TAPA - DUNNAGE 18X,Producto almacenable,Producto almacenable,Retornable / Producto en proceso (Retornable)
TAPA - DUNNAGE 40X,Producto almacenable,Producto almacenable,Retornable / Producto en proceso (Retornable)
TAPA - EMC SHIELD FRAME 780B,Producto almacenable,Producto almacenable,Retornable / Producto en proceso (Retornable)
TAPA - HEAT SINK 780B,Producto almacenable,Producto almacenable,Retornable / Producto en proceso (Retornable)
TAPA - LOWERCASE 780B,Producto almacenable,Producto almacenable,Retornable / Producto en proceso (Retornable)
TAPA - WINDOWPLATE 780B,Producto almacenable,Producto almacenable,Retornable / Producto en proceso (Retornable)
TAPA / BASE - KIT 330 MCA,Producto almacenable,Producto almacenable,Cartón / Producto en proceso (Cartón)
TAPA / BASE CALAVERA 4548 BMW G01 LCI,Producto almacenable,Producto almacenable,Cartón / Producto en proceso (Cartón)
TAPA / BASE INDUSTRIAL 48,Producto almacenable,Producto almacenable,Cartón / Producto Terminado (Cartón)
TAPA /BASE GLOVE BOX Y0981384,Producto almacenable,Producto almacenable,Cartón / Producto en proceso (Cartón)
TAPA 2224 ARMADA,Producto almacenable,Producto almacenable,Retornable / Producto en proceso (Retornable)
TAPA 4291AL,Producto almacenable,Producto almacenable,Cartón / Producto Terminado (Cartón)
TAPA 45X48X3,Producto almacenable,Producto almacenable,Cartón / Producto Terminado (Cartón)
TAPA 718,Producto almacenable,Producto almacenable,Cartón / Producto Terminado (Cartón)
TAPA 733 VARROC,Producto almacenable,Producto almacenable,Cartón / Producto Terminado (Cartón)
TAPA 734 VARROC,Producto almacenable,Producto almacenable,Cartón / Producto Terminado (Cartón)
TAPA 734949,Producto almacenable,Producto almacenable,Cartón / Producto Terminado (Cartón)
TAPA 745 VARROC,Producto almacenable,Producto almacenable,Cartón / Producto Terminado (Cartón)
TAPA 746/747,Producto almacenable,Producto almacenable,Cartón / Materia Prima (Cartón)
TAPA 767,Producto almacenable,Producto almacenable,Cartón / Producto Terminado (Cartón)
TAPA 824,Producto almacenable,Producto almacenable,Cartón / Producto Terminado (Cartón)
TAPA A - DUNNAGE CLUSTER,Producto almacenable,Producto almacenable,Retornable / Producto en proceso (Retornable)
TAPA A24,Producto almacenable,Producto almacenable,Retornable / Producto Terminado (Retornable)
TAPA ALABAMA,Producto almacenable,Producto almacenable,Cartón / Producto Terminado (Cartón)
TAPA AQ 450 CONTENEDOR CARTON,Producto almacenable,Producto almacenable,Cartón / Producto Terminado (Cartón)
TAPA ARMADA,Producto almacenable,Producto almacenable,Retornable / Producto en proceso (Retornable)
TAPA ARMADA 2415,Producto almacenable,Producto almacenable,Retornable / Producto en proceso (Retornable)
TAPA ARMADA 2415,Producto almacenable,Producto almacenable,Retornable / Producto en proceso (Retornable)
TAPA ARMADA CLUSTER BEZEL,Producto almacenable,Producto almacenable,Retornable / Producto en proceso (Retornable)
TAPA ARMADA CLUSTER CAP,Producto almacenable,Producto almacenable,Retornable / Producto en proceso (Retornable)
TAPA ARMADA PARA SPEAKER GRILLE,Producto almacenable,Producto almacenable,Retornable / Producto en proceso (Retornable)
TAPA ARMADA WINDOW PLATE,Producto almacenable,Producto almacenable,Retornable / Producto en proceso (Retornable)
TAPA ARMADA WL FRONT REFLECTOR,Producto almacenable,Producto almacenable,Retornable / Producto en proceso (Retornable)
TAPA ARMADA WL REAR REFLECTOR,Producto almacenable,Producto almacenable,Retornable / Producto en proceso (Retornable)
TAPA ATI,Producto almacenable,Producto almacenable,Cartón / Producto en proceso (Cartón)
TAPA AUTOENSAMBLE BARRAS ALEMANIA,Producto almacenable,Producto almacenable,Cartón / Producto Terminado (Cartón)
TAPA B - DUNNAGE CLUSTER,Producto almacenable,Producto almacenable,Retornable / Producto en proceso (Retornable)
TAPA BACKFRAME 2,Producto almacenable,Producto almacenable,Cartón / Materia Prima (Cartón)
TAPA BILLET BARS,Producto almacenable,Producto almacenable,Cartón / Producto Terminado (Cartón)
TAPA BILLET BARS 56 X 48,Producto almacenable,Producto almacenable,Cartón / Producto Terminado (Cartón)
TAPA BMW IP PIELES W04003-C,Producto almacenable,Producto almacenable,Retornable / Producto en proceso (Retornable)
TAPA BRAZEWAY,Producto almacenable,Producto almacenable,Cartón / Producto Terminado (Cartón)
TAPA BSM OUTER FRONT 10X,Producto almacenable,Producto almacenable,Cartón / Producto Terminado (Cartón)
TAPA BSM OUTER REAR 12X,Producto almacenable,Producto almacenable,Cartón / Producto Terminado (Cartón)
TAPA CARGO BOX (DIVIDER),Producto almacenable,Producto almacenable,Cartón / Producto Terminado (Cartón)
TAPA CARTON,Producto almacenable,Producto almacenable,Cartón / Producto Terminado (Cartón)
TAPA CONTENEDOR 45X48,Producto almacenable,Producto almacenable,Cartón / Producto Terminado (Cartón)
TAPA DE CAJA EFC,Producto almacenable,Producto almacenable,Cartón / Producto Terminado (Cartón)
TAPA DE CARTON (09DS MAGNA),Producto almacenable,Producto almacenable,Cartón / Producto Terminado (Cartón)
TAPA DE LONA CRISTAL,Producto almacenable,Producto almacenable,Retornable / Producto Terminado (Retornable)
TAPA DE LONA CRISTAL CON REFUERZOS DE PLASTICO  CORRUGADO PARA TOTE 15X24X11,Servicio,Servicio,Servicios
TAPA DE LONA CRISTAL PARA TOTE  DE 646D GLASS FRONT,Servicio,Servicio,Servicios
TAPA DE LONA TRASNFELX PARA ID 20240,Producto almacenable,Producto almacenable,Retornable / Producto en proceso (Retornable)
TAPA DE PLASTICO,Producto almacenable,Producto almacenable,Retornable / Producto en proceso (Retornable)
TAPA DE PLÁSTICO CORRUGADO CON REFUERZOS Y 2 ETIQUETAS TIPO KENEDY,Producto almacenable,Producto almacenable,Retornable / Producto Terminado (Retornable)
TAPA DECO ASSY PASSENGER MP552 (CON CAMBIOS GENERADOS),Producto almacenable,Producto almacenable,Retornable / Producto Terminado (Retornable)
TAPA ESM BMW IP PIELES W04003-C,Producto almacenable,Producto almacenable,Retornable / Producto en proceso (Retornable)
TAPA FAN SYSTEM  / T. CC91,Producto almacenable,Producto almacenable,Cartón / Materia Prima (Cartón)
TAPA FAN SYSTEM  / T. CC91 NM,Producto almacenable,Producto almacenable,Cartón / Materia Prima (Cartón)
TAPA FAN SYSTEM 42,Producto almacenable,Producto almacenable,Cartón / Materia Prima (Cartón)
TAPA FAN SYSTEM VALEO VW,Producto almacenable,Producto almacenable,Cartón / Producto Terminado (Cartón)
TAPA GENERAL NEXTRACKER,Producto almacenable,Producto almacenable,Cartón / Materia Prima (Cartón)
TAPA GENERAL NEXTRACKER 42,Producto almacenable,Producto almacenable,Cartón / Materia Prima (Cartón)
TAPA GENERAL NEXTRACKER ALTERNO,Producto almacenable,Producto almacenable,Cartón / Materia Prima (Cartón)
TAPA GENERAL PARA CAJA U625,Producto almacenable,Producto almacenable,Retornable / Producto en proceso (Retornable)
TAPA GLOVE BOX,Producto almacenable,Producto almacenable,Cartón / Materia Prima (Cartón)
TAPA H STICK,Producto almacenable,Producto almacenable,Cartón / Materia Prima (Cartón)
TAPA H STICK,Producto almacenable,Producto almacenable,Cartón / Materia Prima (Cartón)
TAPA HSC 45X48X34,Producto almacenable,Producto almacenable,Cartón / Producto Terminado (Cartón)
TAPA HSC HOUSING DS09 LH/RH,Producto almacenable,Producto almacenable,Cartón / Producto Terminado (Cartón)
TAPA HW 45.5X48.5,Producto almacenable,Producto almacenable,Cartón / Producto Terminado (Cartón)
TAPA IP,Producto almacenable,Producto almacenable,Cartón / Materia Prima (Cartón)
TAPA IP,Producto almacenable,Producto almacenable,Cartón / Materia Prima (Cartón)
TAPA JC 49,Producto almacenable,Producto almacenable,Cartón / Producto Terminado (Cartón)
TAPA KIA ECU + BRACKET,Producto almacenable,Producto almacenable,Cartón / Producto Terminado (Cartón)
TAPA LONA CRISTAL PARA TOTE 24 X 15 X 9,Producto almacenable,Producto almacenable,Retornable / Producto Terminado (Retornable)
"TAPA MCV FR 152E PLASTICO CORRUGADO 4 MM, EN COLOR BLANCO CON NYLON",Producto almacenable,Producto almacenable,Retornable / Producto Terminado (Retornable)
TAPA NEXTRACKER /SHOCK T,Producto almacenable,Producto almacenable,Cartón / Materia Prima (Cartón)
TAPA NEXTRACKER /SHOCK T,Producto almacenable,Producto almacenable,Cartón / Materia Prima (Cartón)
TAPA PANEL A WINDOW PLATE,Producto almacenable,Producto almacenable,Cartón / Producto en proceso (Cartón)
TAPA PANEL B WINDOW PLATE,Producto almacenable,Producto almacenable,Cartón / Producto en proceso (Cartón)
TAPA PANEL LOAD FLOOR 24X,Producto almacenable,Producto almacenable,Cartón / Producto Terminado (Cartón)
TAPA PARA CAJA DJ ALTERNO (UNITARIO),Producto almacenable,Producto almacenable,Cartón / Producto en proceso (Cartón)
TAPA PARA CAJA DJ ALTERNO (UNITARIO),Producto almacenable,Producto almacenable,Cartón / Producto Terminado (Cartón)
TAPA PARA CAJA HSC,Producto almacenable,Producto almacenable,Cartón / Producto Terminado (Cartón)
TAPA PARA CHAROLA  U625,Producto almacenable,Producto almacenable,Retornable / Producto en proceso (Retornable)
TAPA PARA CONTENDEOR,Consumible,Consumible,Servicios
TAPA PARA GLASS DZ1 TAPA EN LONA CRISTAL CAL 20+ REFUERZO,Servicio,Servicio,Servicios
TAPA PARA KIT MCV CARTON,Producto almacenable,Producto almacenable,Cartón / Producto Terminado (Cartón)
"TAPA PLASTICA DE 22""X24""",Producto almacenable,Producto almacenable,Retornable / Materia Prima (Retornable)
TAPA PUERTAS NM,Producto almacenable,Producto almacenable,Cartón / Materia Prima (Cartón)
TAPA PUERTAS NM,Producto almacenable,Producto almacenable,Cartón / Materia Prima (Cartón)
TAPA RT/ P1LL IAC RAMOS,Producto almacenable,Producto almacenable,Cartón / Producto Terminado (Cartón)
TAPA TARIMA 42*48,Producto almacenable,Producto almacenable,Cartón / Producto en proceso (Cartón)
TAPA TERMOFORMADA EN PET CON CORTE PERIMETRAL 520 x 600 MM,Producto almacenable,Producto almacenable,Retornable / Materia Prima (Retornable)
TAPA TERMOFORMADA EN PET CON CORTE PERIMETRAL 570 x 604 MM,Producto almacenable,Producto almacenable,Retornable / Materia Prima (Retornable)
TAPA TESLA NV26,Producto almacenable,Producto almacenable,Cartón / Producto Terminado (Cartón)
"TAPA TFT 500B 4.2""",Producto almacenable,Producto almacenable,Retornable / Producto en proceso (Retornable)
"TAPA TFT 500B 7""",Producto almacenable,Producto almacenable,Retornable / Producto en proceso (Retornable)
TAPA TFT CX430,Producto almacenable,Producto almacenable,Retornable / Producto en proceso (Retornable)
TAPA TIPO PAD PARA CAJA 2415-9 HSC,Producto almacenable,Producto almacenable,Cartón / Producto en proceso (Cartón)
TAPA TRANSFLEX PARA TAPA GLASS DZ1,Servicio,Servicio,Servicios
TAPA TRANSFLEX TAPA TRANSFLEX U554,Servicio,Servicio,Servicios
TAPA TUNDRA TOYOTA,Producto almacenable,Producto almacenable,Muestras / Producto Terminado (Muestras)
TAPA VOLKSWAGUEN,Producto almacenable,Producto almacenable,Cartón / Producto Terminado (Cartón)
TAPA WINDWO PLATE,Producto almacenable,Producto almacenable,Cartón / Producto en proceso (Cartón)
TAPA WOM FRONT FG,Producto almacenable,Producto almacenable,Cartón / Producto Terminado (Cartón)
TAPA WOM REAR,Producto almacenable,Producto almacenable,Cartón / Producto Terminado (Cartón)
TAPA WOM REAR FG,Producto almacenable,Producto almacenable,Cartón / Producto Terminado (Cartón)
TAPA Y BASE BACK UP T90,Producto almacenable,Producto almacenable,Cartón / Producto Terminado (Cartón)
TAPAS HIDER,Producto almacenable,Producto almacenable,Retornable / Producto en proceso (Retornable)
TAPAS MID PANEL,Producto almacenable,Producto almacenable,Retornable / Producto en proceso (Retornable)
TAPAS PARA ESTRUCTURA PARA  L232,Producto almacenable,Producto almacenable,Retornable / Producto en proceso (Retornable)
TAPAS RACK HIDER,Producto almacenable,Producto almacenable,Retornable / Producto en proceso (Retornable)
TAPETE,Consumible,Consumible,Cartón / Consumibles (Cartón)
TAPON PARA TUBO  3/4,Producto almacenable,Producto almacenable,Retornable / Materia Prima (Retornable)
TAQUETE P/TABLAROCA THORSMAN TPD 003934,Consumible,Consumible,Retornable / Consumibles (Retornable)
"TAQUETE TABLAROCA 1""",Producto almacenable,Producto almacenable,Retornable / Materia Prima (Retornable)
TARIMA,Producto almacenable,Producto almacenable,Cartón / Producto Terminado (Cartón)
TARIMA (MADERA),Producto almacenable,Producto almacenable,Servicios
"TARIMA 45"" X 63"" HT NUEVA",Producto almacenable,Producto almacenable,Cartón / Materia Prima (Cartón)
"TARIMA 46.25"" X 44.5"" HT DE PRIMERA",Producto almacenable,Producto almacenable,Cartón / Materia Prima (Cartón)
"TARIMA 46.25"" X 44.5"" HT DE PRIMERA (copia)",Producto almacenable,Producto almacenable,Cartón / Materia Prima (Cartón)
"TARIMA 46X54""",Producto almacenable,Producto almacenable,Cartón / Producto Comercialización (Cartón)
"TARIMA 47"" X 63"" HT NUEVA",Producto almacenable,Producto almacenable,Cartón / Materia Prima (Cartón)
"TARIMA 47"" X 63"" HT RECICLADA",Producto almacenable,Producto almacenable,Cartón / Materia Prima (Cartón)
TARIMA 47X63,Producto almacenable,Producto almacenable,Todos
TARIMA 48 x 48 CUBO,Producto almacenable,Producto almacenable,Cartón / Producto Terminado (Cartón)
"TARIMA 48"" X 40"" NUEVA",Producto almacenable,Producto almacenable,Cartón / Materia Prima (Cartón)
"TARIMA 48"" X 42"" HT",Producto almacenable,Producto almacenable,Cartón / Materia Prima (Cartón)
TARIMA 745,Producto almacenable,Producto almacenable,Cartón / Materia Prima (Cartón)
TARIMA 745,Producto almacenable,Producto almacenable,Cartón / Materia Prima (Cartón)
TARIMA ARRAY,Producto almacenable,Producto almacenable,Cartón / Materia Prima (Cartón)
TARIMA BRAZEWAY 71254 CHICA,Producto almacenable,Producto almacenable,Cartón / Producto Terminado (Cartón)
TARIMA BRAZEWAY 71254 GRANDE,Producto almacenable,Producto almacenable,Cartón / Producto Terminado (Cartón)
TARIMA CONSOLA,Producto almacenable,Producto almacenable,Cartón / Materia Prima (Cartón)
TARIMA DE CARTON DE 110 X 130,Producto almacenable,Producto almacenable,Cartón / Producto Terminado (Cartón)
TARIMA DE MADERA 29.5X27.5,Producto almacenable,Producto almacenable,Cartón / Producto Terminado (Cartón)
TARIMA DE MADERA 48X30 in TOY,Producto almacenable,Producto almacenable,Cartón / Producto Terminado (Cartón)
TARIMA DE MADERA 49 X73,Producto almacenable,Producto almacenable,Cartón / Producto Terminado (Cartón)
TARIMA DE MADERA 52x41”,Producto almacenable,Producto almacenable,Cartón / Materia Prima (Cartón)
TARIMA DE MADERA 60x48”,Producto almacenable,Producto almacenable,Cartón / Materia Prima (Cartón)
TARIMA DE MADERA 71x46”,Producto almacenable,Producto almacenable,Cartón / Materia Prima (Cartón)
TARIMA DUCTO / PARA  P8,Producto almacenable,Producto almacenable,Cartón / Materia Prima (Cartón)
TARIMA DUCTO MAHLE,Producto almacenable,Producto almacenable,Cartón / Producto Terminado (Cartón)
TARIMA JC49,Producto almacenable,Producto almacenable,Cartón / Producto Terminado (Cartón)
TARIMA JC49,Producto almacenable,Producto almacenable,Cartón / Materia Prima (Cartón)
TARIMA NEXTRACKER,Producto almacenable,Producto almacenable,Cartón / Materia Prima (Cartón)
"TARIMA NEXTRACKER 38"" X 40""",Producto almacenable,Producto almacenable,Cartón / Materia Prima (Cartón)
TARIMA NEXTRACKER IMPROVED,Producto almacenable,Producto almacenable,Cartón / Materia Prima (Cartón)
"TARIMA PLYWOOD 48"" X 45"" X 5""",Producto almacenable,Producto almacenable,Cartón / Materia Prima (Cartón)
"TARIMA PLYWOOD 58 1/4"" X 45"" X 5""",Producto almacenable,Producto almacenable,Cartón / Materia Prima (Cartón)
TARIMA PROLAMSA,Producto almacenable,Producto almacenable,Cartón / Materia Prima (Cartón)
TARIMA REC 40X48 (copia),Consumible,Consumible,Cartón / Consumibles (Cartón)
TARIMA RECICLADA,Producto almacenable,Producto almacenable,Cartón / Producto Comercialización (Cartón)
TARIMA SHOCKTOWER 46.875 x 29.9375,Producto almacenable,Producto almacenable,Cartón / Materia Prima (Cartón)
TARIMA TESLA IP EVEREST - TARIMA IP EVEREST COWL,Producto almacenable,Producto almacenable,Cartón / Producto Comercialización (Cartón)
TARIMA TESLA IP EVEREST IP -TARIMA  IP LOWER,Producto almacenable,Producto almacenable,Cartón / Producto Terminado (Cartón)
TARIMA TESLA IP EVEREST IP -TARIMA IP LOWER,Consumible,Consumible,Todos
TARIMA TESLA IP EVEREST IP-  TARIMA IP DEFROST PANEL,Producto almacenable,Producto almacenable,Cartón / Producto Terminado (Cartón)
TARIMA TESLA IP EVEREST- TARIMA IP EVEREST QTR,Producto almacenable,Producto almacenable,Cartón / Producto Terminado (Cartón)
TARIMA TESLA IP EVEREST- TARIMA IP GLOVE BOX,Producto almacenable,Producto almacenable,Cartón / Producto Terminado (Cartón)
TARIMA TESLA IP EVEREST- TARIMA IP MID PANEL,Producto almacenable,Producto almacenable,Cartón / Producto Terminado (Cartón)
TARIMA TESLA IP TOP PAD,Producto almacenable,Producto almacenable,Cartón / Producto Terminado (Cartón)
TARJETAS DE PRESENTACION,Servicio,Servicio,Servicios
TELA CELTEX C/ 20 PZAS,Consumible,Consumible,Cartón / Consumibles (Cartón)
TELA MAGITEL  C/ 5,Consumible,Consumible,Cartón / Consumibles (Cartón)
TELA MOSQUITERA GALVANIZADA MZ-105,Consumible,Consumible,Retornable / Consumibles (Retornable)
TELA NO TEJIDA 35GRS,Producto almacenable,Producto almacenable,Cartón / Materia Prima (Cartón)
TELA NO TEJIDA 50GRS,Producto almacenable,Producto almacenable,Cartón / Materia Prima (Cartón)
TELA NO TEJIDA ADHESIVA 70GRS,Producto almacenable,Producto almacenable,Retornable / Materia Prima (Retornable)
TELA NO TEJIDA ADHESIVA 75GRS,Producto almacenable,Producto almacenable,Retornable / Materia Prima (Retornable)
TELSA IP - TAPA 71X46,Producto almacenable,Producto almacenable,Cartón / Producto Terminado (Cartón)
TELSA IP COWL PANEL - TAPA BASE,Producto almacenable,Producto almacenable,Cartón / Producto Terminado (Cartón)
TELSA IP GLOVEBOX - CUELLO (copia),Producto almacenable,Producto almacenable,Cartón / Producto Terminado (Cartón)
TELSA IP GLOVEBOX - PAD CUELLO,Producto almacenable,Producto almacenable,Cartón / Producto Terminado (Cartón)
TESLA BOX TMC 070,Producto almacenable,Producto almacenable,Cartón / Producto Comercialización (Cartón)
TESLA IP CELDAS,Producto almacenable,Producto almacenable,Cartón / Materia Prima (Cartón)
TESLA IP COWL PANEL - CELDA A,Producto almacenable,Producto almacenable,Cartón / Producto en proceso (Cartón)
TESLA IP COWL PANEL - CELDA B,Producto almacenable,Producto almacenable,Cartón / Producto en proceso (Cartón)
TESLA IP CUELLOS,Producto almacenable,Producto almacenable,Cartón / Materia Prima (Cartón)
TESLA IP EVEREST COWL PANEL STD 13 CAVIDADES,Producto almacenable,Producto almacenable,Cartón / Kit (Cartón)
TESLA IP EVEREST MID PANEL STD 10 CAVIDADES,Producto almacenable,Producto almacenable,Cartón / Kit (Cartón)
TESLA IP MID PANEL - CELDA A,Producto almacenable,Producto almacenable,Cartón / Producto en proceso (Cartón)
TESLA IP MID PANEL - CELDA B,Producto almacenable,Producto almacenable,Cartón / Producto en proceso (Cartón)
TESLA IP PAD,Producto almacenable,Producto almacenable,Cartón / Materia Prima (Cartón)
TESLA IP. COWL PANEL. CELDADO.,Producto almacenable,Producto almacenable,Cartón / Producto Terminado (Cartón)
TESLA IP. COWL PANEL. TAPA BASE.,Producto almacenable,Producto almacenable,Cartón / Producto Terminado (Cartón)
TESLA IP. QTR PANEL LH. B. Pieza.,Producto almacenable,Producto almacenable,Cartón / Producto en proceso (Cartón)
TESLA IP. QTR PANEL LH. Caja 1/2.,Producto almacenable,Producto almacenable,Cartón / Producto en proceso (Cartón)
TESLA IP. TOP PAD Gap. A. Pieza.,Producto almacenable,Producto almacenable,Cartón / Producto en proceso (Cartón)
TESLA IP. TOP PAD Gap. B. Pieza.,Producto almacenable,Producto almacenable,Cartón / Producto en proceso (Cartón)
TESLA NV26 ESQUINEROS DOOR PANEL,Producto almacenable,Producto almacenable,Muestras / Producto Terminado (Muestras)
TESLA NV26 ESQUINEROS END PANEL,Producto almacenable,Producto almacenable,Muestras / Producto Terminado (Muestras)
TESLA NV26 ESQUINEROS FLOOR CONSOLE,Producto almacenable,Producto almacenable,Muestras / Producto Terminado (Muestras)
TESLA NV26 FLR CNSL END PANEL,Producto almacenable,Producto almacenable,Cartón / Kit (Cartón)
TESLA NV26 FRL CONL END ITEM,Producto almacenable,Producto almacenable,Cartón / Kit (Cartón)
TESLA NV26 KIT PARA DOOR PANEL,Producto almacenable,Producto almacenable,Cartón / Kit (Cartón)
TEST DE VIBRACIÓN,Servicio,Servicio,Servicios
"TFT 500B 7""",Producto almacenable,Producto almacenable,Retornable / Producto Terminado (Retornable)
TFT CX430,Producto almacenable,Producto almacenable,Retornable / Producto Terminado (Retornable)
TGTX. A. Pieza.,Producto almacenable,Producto almacenable,Cartón / Producto en proceso (Cartón)
TGTX. B. Pieza.,Producto almacenable,Producto almacenable,Cartón / Producto en proceso (Cartón)
TGTX. C. Pieza.,Producto almacenable,Producto almacenable,Cartón / Producto en proceso (Cartón)
TGTX. Caja RSC.,Producto almacenable,Producto almacenable,Cartón / Producto en proceso (Cartón)
TGTX. Celdado.,Producto almacenable,Producto almacenable,Cartón / Producto en proceso (Cartón)
THINER,Consumible,Consumible,Cartón / Consumibles (Cartón)
TIJERA MODISTA/CI 890,Consumible,Consumible,Retornable / Consumibles (Retornable)
TIP DOWN TOW PACKAGE,Producto almacenable,Producto almacenable,Retornable / Materia Prima (Retornable)
TIP DOWN TOW PACKAGE,Producto almacenable,Producto almacenable,Retornable / Materia Prima (Retornable)
TIRA DE ESPUMA POLIURETANO CON ADHESIVO,Producto almacenable,Producto almacenable,Cartón / Producto Comercialización (Cartón)
TIRA WL FRONT REFELCTOR,Producto almacenable,Producto almacenable,Retornable / Producto en proceso (Retornable)
TIRA WL REAR REFLECTOR,Producto almacenable,Producto almacenable,Retornable / Producto en proceso (Retornable)
TIRA XLINK DECO ASSY PASSENGER,Producto almacenable,Producto almacenable,Retornable / Materia Prima (Retornable)
TIRON PARA RACK CX727,Producto almacenable,Producto almacenable,Retornable / Producto Terminado (Retornable)
TMC 045,Producto almacenable,Producto almacenable,Cartón / Producto Terminado (Cartón)
TOALLA INT. FAPSA BLANCA C/2000,Consumible,Consumible,Cartón / Consumibles (Cartón)
TOALLA ROLLO FAPSA BCA C/ 6 ROLLOS,Consumible,Consumible,Cartón / Consumibles (Cartón)
TONILLO ESTUFA 1/4 X 1 1/2,Consumible,Consumible,Retornable / Consumibles (Retornable)
TOOL,Servicio,Servicio,Servicios
TOOL RETURNABLE CONTAINER DJPE GLSS SUB ASSY RH-LH CORTO,Producto almacenable,Producto almacenable,Retornable / Producto Terminado (Retornable)
TOOL RETURNABLE CONTAINER DJPE GLSS SUB ASSY RH-LH GRANDE,Producto almacenable,Producto almacenable,Retornable / Producto Terminado (Retornable)
TOOL RETURNABLE CONTAINER DJPE GLSS SUB ASSY RH-LH LARGO,Producto almacenable,Producto almacenable,Retornable / Producto Terminado (Retornable)
TOOLING,Servicio,Servicio,Servicios
TOOLING,Consumible,Consumible,Retornable / Consumibles (Retornable)
TOOLING COST FOR CCB EXPENDABLE PACKAGING,Servicio,Servicio,Servicios
TOOLING NEW TOOLING U725 PARA KIT TR18740 DMS 32 CAV,Servicio,Servicio,Servicios
TOOLING PARA KIT INSERTO FORD CHINA,Servicio,Servicio,Servicios
TOPE P/PUERTA PISO,Servicio,Servicio,Servicios
TORNILLO  STD 1/2 X 1,Consumible,Consumible,Retornable / Consumibles (Retornable)
"TORNILLO  STD 1/2 X 1.5""",Consumible,Consumible,Retornable / Consumibles (Retornable)
"TORNILLO 3/4"" X 6""",Consumible,Consumible,Retornable / Consumibles (Retornable)
"TORNILLO 3/4"" X 6""",Consumible,Consumible,Retornable / Consumibles (Retornable)
TORNILLO ALLEN CABEZA PLANA M.M. 10 x 30,Consumible,Consumible,Todos
TORNILLO ALLEN CABEZA PLANA M.M. 10 x 40,Consumible,Consumible,Cartón / Consumibles (Cartón)
"TORNILLO ALLEN STD. 3/8-16 X 1 1/2""",Consumible,Consumible,Cartón / Consumibles (Cartón)
"TORNILLO BOTON DE HEXAGONO INTERIOR STD 1/2"" X 4""",Producto almacenable,Producto almacenable,Retornable / Materia Prima (Retornable)
"TORNILLO HEX. STD 1/2 X 3 1/2"" ZINC",Consumible,Consumible,Retornable / Consumibles (Retornable)
"TORNILLO HEX. STD 3/8 X 3 1/2"" ZINC",Consumible,Consumible,Retornable / Consumibles (Retornable)
"TORNILLO HEXAGONAL 1/2"" X 3 1/2""",Producto almacenable,Producto almacenable,Retornable / Materia Prima (Retornable)
"TORNILLO HEXAGONAL DE 1/2"" X 2 1/2""",Producto almacenable,Producto almacenable,Retornable / Consumibles (Retornable)
"TORNILLO HEXAGONAL STANDAR 5/16"" X 1 3/4""",Consumible,Consumible,Retornable / Consumibles (Retornable)
"TORNILLO HEXAGONAL STANDAR 5/16"" X 2""",Consumible,Consumible,Retornable / Consumibles (Retornable)
TORNILLO HEXAGONAL STD 1/2 X 2 1/2,Consumible,Consumible,Retornable / Consumibles (Retornable)
TORNILLO HEXAGONAL STD 3/8 X 2 1/2,Consumible,Consumible,Retornable / Consumibles (Retornable)
TORNILLO HEXAGONAL STD 3/8 X 3,Consumible,Consumible,Retornable / Consumibles (Retornable)
TORNILLO STD 3/8 X 1 1/4,Consumible,Consumible,Retornable / Consumibles (Retornable)
TOTE #1 CAMERA RETAINER,Producto almacenable,Producto almacenable,Retornable / Producto Terminado (Retornable)
TOTE #2 LRR BEZEL MIC,Producto almacenable,Producto almacenable,Retornable / Producto Terminado (Retornable)
"TOTE 12"" X 15"" X 5"" FONDO REFORZADO",Producto almacenable,Producto almacenable,Retornable / Consumibles (Retornable)
"TOTE 15"" X 12"" X 9"" FONDO LISO",Producto almacenable,Producto almacenable,Retornable / Materia Prima (Retornable)
"TOTE 15"" x 12"" x 7"" LISO",Producto almacenable,Producto almacenable,Retornable / Materia Prima (Retornable)
"TOTE 24"" X 15"" X 11"" FONDO LISO",Producto almacenable,Producto almacenable,Retornable / Producto Comercialización (Retornable)
"TOTE 24"" X 15"" X 11"" FONDO LISO",Producto almacenable,Producto almacenable,Retornable / Producto Comercialización (Retornable)
"TOTE 24"" X 15"" X 14"" FONDO REFORZADO",Producto almacenable,Producto almacenable,Retornable / Materia Prima (Retornable)
"TOTE 24"" X 15"" X 7"" FONDO REFORZADO",Producto almacenable,Producto almacenable,Todos
"TOTE 24"" X 22"" X 11"" LISO",Producto almacenable,Producto almacenable,Retornable / Producto Comercialización (Retornable)
"TOTE 24"" X 22"" X 14"" FONDO LISO",Producto almacenable,Producto almacenable,Retornable / Producto Comercialización (Retornable)
"TOTE 24"" X 22"" X 14"" FONDO REFORZADO",Producto almacenable,Producto almacenable,Retornable / Materia Prima (Retornable)
"TOTE 24"" X 22"" X 7"" FONDO REFORZADO",Producto almacenable,Producto almacenable,Retornable / Materia Prima (Retornable)
"TOTE 24"" X 22"" X 9"" FONDO REFORZADO",Producto almacenable,Producto almacenable,Retornable / Materia Prima (Retornable)
"TOTE 24"" X 22.5"" X 7"" FONDO LISO",Producto almacenable,Producto almacenable,Retornable / Producto Comercialización (Retornable)
"TOTE 24"" x 15"" x 9"" FONDO REFORZADO",Producto almacenable,Producto almacenable,Retornable / Materia Prima (Retornable)
TOTE 24X15X7.5 NUEVO CON FONDO LISO,Producto almacenable,Producto almacenable,Retornable / Producto Comercialización (Retornable)
TOTE 24X22X14NUEVO CON FONDO LISO + ETIQUETA,Producto almacenable,Producto almacenable,Retornable / Producto Comercialización (Retornable)
TOYOTA 780B - EMC SHIELD,Consumible,Consumible,Retornable / Consumibles (Retornable)
TOYOTA 780B - HEAT SINK,Consumible,Consumible,Retornable / Consumibles (Retornable)
TOYOTA 780B - WINDOWPLATE,Consumible,Consumible,Retornable / Consumibles (Retornable)
TOYOTA 780B – FRAME,Producto almacenable,Producto almacenable,Retornable / Consumibles (Retornable)
TOYOTA 780B – LOWERCASE,Consumible,Consumible,Retornable / Consumibles (Retornable)
TOYOTA MASTERPACK 3088,Producto almacenable,Producto almacenable,Cartón / Producto Terminado (Cartón)
"TOYOTA SIENNA 2015, COLOR BLANCO, TAPICERIA BEIGE VIN 5TDYK3DC6FS619131 NUMERO DE MOTOR 2GR-E840516",Servicio,Servicio,Servicios
TR-059-16838 CAJA SBW RSC-P702 C/DIVISOR ELITE 40 CAVID,Producto almacenable,Producto almacenable,Cartón / Producto Terminado (Cartón)
TR10344 CAJA ICP  CONTROL ESTEREO P702,Producto almacenable,Producto almacenable,Cartón / Producto Terminado (Cartón)
TR10345 TAPA ICP CONTROL ESTEREO P702,Producto almacenable,Producto almacenable,Cartón / Producto Terminado (Cartón)
TR10985 KIT 780 SHIFT LEVER,Producto almacenable,Producto almacenable,Cartón / Kit (Cartón)
TR11389 CAJA ICP 539,Producto almacenable,Producto almacenable,Cartón / Kit (Cartón)
TR11390 TAPA ICP 539,Producto almacenable,Producto almacenable,Cartón / Producto Terminado (Cartón)
TR11590 - CAJA ICP 539,Producto almacenable,Producto almacenable,Cartón / Producto Terminado (Cartón)
TR11591 - TAPA ICP 539,Producto almacenable,Producto almacenable,Cartón / Producto Terminado (Cartón)
TR11592 - HSC INTERNA ICP 539,Producto almacenable,Producto almacenable,Cartón / Producto Terminado (Cartón)
TR11908 CAJA EN CARTON SENCILLO CORRUGADO C/2DIV #20 SMO,Producto almacenable,Producto almacenable,Cartón / Kit (Cartón)
TR11909 TAPA 2415-2.75 E/CARTON CORRUGADO C/SELLO ID FOR,Producto almacenable,Producto almacenable,Cartón / Producto Terminado (Cartón)
TR13773. Caja con Porta Etiqueta.,Producto almacenable,Producto almacenable,Cartón / Producto Terminado (Cartón)
TR13774. Caja Imp.,Producto almacenable,Producto almacenable,Cartón / Producto Terminado (Cartón)
TR13775. Caja con Porta Etiqueta.,Producto almacenable,Producto almacenable,Cartón / Producto Terminado (Cartón)
TR14085 KIT BRASIL CAJA 32 ECT CS LINER 28 PTS TELA 40 GRMS,Producto almacenable,Producto almacenable,Cartón / Producto Terminado (Cartón)
"TR14154 Caja KCS 32 ECT 365x555x320mm, Brasil",Producto almacenable,Producto almacenable,Cartón / Producto Terminado (Cartón)
TR16879 CAJA BRASIL CK CS 32ECT FLAUTA C 360X555X320MM,Producto almacenable,Producto almacenable,Cartón / Kit (Cartón)
TR16880 DIVISOR CAPLE 33 PTS TELA 54 PUNTOS 339 X 546MM,Producto almacenable,Producto almacenable,Cartón / Kit (Cartón)
TR16881 INSERTO CK CS 32ECT FLAUTA C 962X540X348MM,Producto almacenable,Producto almacenable,Cartón / Producto Terminado (Cartón)
TR16882 PAD CABLE 33 PTS TELA NO TEJIDA 54 PTS 340X545MM,Producto almacenable,Producto almacenable,Cartón / Kit (Cartón)
TR18678 KIT CAJA TAPA DIVISOR CAPLE 8 CAVS 380D HVAC,Producto almacenable,Producto almacenable,Cartón / Producto Terminado (Cartón)
TR18740 ITB 32 CAVS+CAMA AIRE KIT DMS ITB 32 CAVS 32 ECT CAJA+CAMA DE AIRE 61 ECT,Producto almacenable,Producto almacenable,Cartón / Kit (Cartón)
"TR21513 DUNNAGE 10CAVS+COROPLAST 4MM+TNT AZUL 1 PZ T11158265641 - DUNNAGE DE 10 CAVIDADES, CON PLASTICO CORRUGADO 4 MM + TELA NO TEJIDA STICKER COLOR AZÚL + PAD DE X-LINK",Servicio,Servicio,Servicios
"TR21514 DUNNAGE 45CAVS+COROPLAST 4MM+DUBETINA+PAD T11158486552-DUNNAGE DE 45 CAVIDADES, CON PLASTICO CORRUGADO 4MM + DUBETINA STICKER + TAPA + TAPA DE CORTILONA + PAD DE X-LINK",Servicio,Servicio,Servicios
TR21515 DUNNAGE 6CAVS+COROPLAST 2MM NEGRO+DUBETINA T11158724698- DUNNAGE DE 6 CAVIDADES EN PLASTICO CORRUGADO COLOR NEGRO 2MM CON DOBLEZ EN CELDADOS + DUBETINA EN SEPARADOR,Servicio,Servicio,Servicios
"TR21516 DUNNAGE 36CAVS+COROPLAST 4MM+DUBETINA 4 PZ T11158713015 - DUNNAGE DE 36 CAVIDADES, CON PLASTICO CORRUGADO 4 MM + DUBETINA STICKER",Servicio,Servicio,Servicios
TR21593 DUNNAGE PLAS CORR. + DUBETINA 60 CAVS,Servicio,Servicio,Servicios
TR8276 Charola de 21.5x15x9.5 TMMGT,Producto almacenable,Producto almacenable,Retornable / Producto Terminado (Retornable)
TRAMO 10 - HEAT SINK 780B,Producto almacenable,Producto almacenable,Retornable / Producto en proceso (Retornable)
TRAMO 10 - LOWERCASE 780B,Producto almacenable,Producto almacenable,Retornable / Producto en proceso (Retornable)
TRAMO 10 - WINDOWPLATE 780B,Producto almacenable,Producto almacenable,Retornable / Producto en proceso (Retornable)
TRAMO 5 - HEAT SINK 780B,Producto almacenable,Producto almacenable,Retornable / Producto en proceso (Retornable)
TRAMO 5 - LOWERCASE 780B,Producto almacenable,Producto almacenable,Retornable / Producto en proceso (Retornable)
TRAMO 5 - WINDOWPLATE 780B,Producto almacenable,Producto almacenable,Retornable / Producto en proceso (Retornable)
TRAMO PERFIL 5 MM,Producto almacenable,Producto almacenable,Retornable / Materia Prima (Retornable)
TRANSFELX TAPA 2224,Producto almacenable,Producto almacenable,Retornable / Producto en proceso (Retornable)
TRANSFELX TAPA SPEAKER GRILLE,Producto almacenable,Producto almacenable,Retornable / Producto en proceso (Retornable)
"TRANSFLEX - MEDIA TAPA 45""",Producto almacenable,Producto almacenable,Retornable / Producto en proceso (Retornable)
"TRANSFLEX - MEDIA TAPA 45"" + ALMA",Producto almacenable,Producto almacenable,Retornable / Producto en proceso (Retornable)
TRANSFLEX PARA TAPA ARMADA 2415,Producto almacenable,Producto almacenable,Retornable / Producto en proceso (Retornable)
TRANSFLEX TAPA - DUNNAGE 40X,Producto almacenable,Producto almacenable,Retornable / Producto en proceso (Retornable)
TRANSFLEX TAPA 2422 - LADO 22 AL DUNNAGE,Producto almacenable,Producto almacenable,Retornable / Producto en proceso (Retornable)
TRANSFLEX TAPA 4548 PASSENGER,Producto almacenable,Producto almacenable,Retornable / Producto en proceso (Retornable)
TRANSFLEX TAPA BOLSTER DRIVER,Producto almacenable,Producto almacenable,Retornable / Producto en proceso (Retornable)
TRANSFLEX TAPA CLUSTER BEZEL,Producto almacenable,Producto almacenable,Retornable / Producto en proceso (Retornable)
TRANSFLEX TAPA CLUSTER CAP,Producto almacenable,Producto almacenable,Retornable / Producto en proceso (Retornable)
TRAPEADOR ALGODON 1KG,Consumible,Consumible,Cartón / Consumibles (Cartón)
TRAPO,Consumible,Consumible,Todos
TRAPO INDUSTRIAL,Consumible,Consumible,Retornable / Consumibles (Retornable)
"TUBO  3/4""  CED 40",Producto almacenable,Producto almacenable,Cartón / Materia Prima (Cartón)
"TUBO 1"" CED 30",Producto almacenable,Producto almacenable,Cartón / Materia Prima (Cartón)
"TUBO 1"" CED 40",Producto almacenable,Producto almacenable,Cartón / Materia Prima (Cartón)
TUBO 3/4 CAL. 14,Producto almacenable,Producto almacenable,Cartón / Materia Prima (Cartón)
"TUBO 3/4"" CED .30",Producto almacenable,Producto almacenable,Retornable / Materia Prima (Retornable)
"TUBO 3/4"" CED. 30",Producto almacenable,Producto almacenable,Retornable / Materia Prima (Retornable)
"TUBO 5/8""  CED 40",Producto almacenable,Producto almacenable,Cartón / Materia Prima (Cartón)
"TUBO ACERO 1"" CAL.16",Producto almacenable,Producto almacenable,Retornable / Materia Prima (Retornable)
"TUBO ACERO 1"" CAL.18",Producto almacenable,Producto almacenable,Retornable / Materia Prima (Retornable)
"TUBO ACERO 1"" CAL.20",Producto almacenable,Producto almacenable,Retornable / Materia Prima (Retornable)
"TUBO ACERO 1.5"" CAL.20",Producto almacenable,Producto almacenable,Retornable / Materia Prima (Retornable)
"TUBO ACERO 1.75"" CAL. 18",Producto almacenable,Producto almacenable,Retornable / Materia Prima (Retornable)
"TUBO ACERO 1/2"" CED. 30",Producto almacenable,Producto almacenable,Retornable / Materia Prima (Retornable)
"TUBO ACERO 2"" CAL. 20",Producto almacenable,Producto almacenable,Retornable / Materia Prima (Retornable)
TUBO ACERO 3/4 CAL. 18,Producto almacenable,Producto almacenable,Retornable / Materia Prima (Retornable)
TUBO ACERO C 40,Producto almacenable,Producto almacenable,Cartón / Materia Prima (Cartón)
TUBO BRAZO RACK BODY,Producto almacenable,Producto almacenable,Retornable / Producto en proceso (Retornable)
TUBO CED. 30 DE 1/2 (13 MM.) (1.91 MM ESP) A 6 MTS,Producto almacenable,Producto almacenable,Retornable / Materia Prima (Retornable)
TUBO RACK BOLSTER PASSENGER,Producto almacenable,Producto almacenable,Retornable / Producto en proceso (Retornable)
"TUERCA DE SEGURIDAD 1/2""",Producto almacenable,Producto almacenable,Retornable / Materia Prima (Retornable)
"TUERCA DE SEGURIDAD 3/4""",Consumible,Consumible,Retornable / Consumibles (Retornable)
"TUERCA DE SEGURIDAD NYLON STD 9.5MM 3/8"" ZINC",Consumible,Consumible,Retornable / Consumibles (Retornable)
TUERCA DE SEGURIDAD PARA TORNILLO 1/2,Consumible,Consumible,Retornable / Consumibles (Retornable)
TUERCA EXAGONAL 1/4 TOSI 015,Consumible,Consumible,Retornable / Consumibles (Retornable)
"TUERCA HEXAGONAL STD 7.9MM 5/16""",Consumible,Consumible,Retornable / Consumibles (Retornable)
TUNDRA TOYOTA,Producto almacenable,Producto almacenable,Muestras / Kit (Muestras)
TUNDRA-CELDA A,Producto almacenable,Producto almacenable,Cartón / Producto en proceso (Cartón)
TUNDRA-CELDA B,Producto almacenable,Producto almacenable,Cartón / Producto en proceso (Cartón)
TUNDRA-TELA 17gr,Producto almacenable,Producto almacenable,Cartón / Producto Terminado (Cartón)
TURNTABLE T75-75RT-SL,Producto almacenable,Producto almacenable,Retornable / Materia Prima (Retornable)
TYVECK-  2473L,Producto almacenable,Producto almacenable,Cartón / Materia Prima (Cartón)
TYVECK- LONA,Producto almacenable,Producto almacenable,Cartón / Materia Prima (Cartón)
Tapa 2415 parte A,Producto almacenable,Producto almacenable,Retornable / Producto en proceso (Retornable)
Tapa 2415 parte A,Producto almacenable,Producto almacenable,Retornable / Producto Terminado (Retornable)
Tapa 2415 parte b,Producto almacenable,Producto almacenable,Retornable / Producto en proceso (Retornable)
Tapa 2415 parte b,Producto almacenable,Producto almacenable,Retornable / Producto Terminado (Retornable)
Tapa 2422 parte A,Producto almacenable,Producto almacenable,Retornable / Producto en proceso (Retornable)
Tapa 2422 parte A,Producto almacenable,Producto almacenable,Retornable / Producto en proceso (Retornable)
Tapa 2422 parte A,Producto almacenable,Producto almacenable,Retornable / Producto en proceso (Retornable)
Tapa 2422 parte b,Producto almacenable,Producto almacenable,Retornable / Producto en proceso (Retornable)
Tapa 2422 parte b,Producto almacenable,Producto almacenable,Retornable / Producto en proceso (Retornable)
Tapa 2422 parte b,Producto almacenable,Producto almacenable,Retornable / Producto en proceso (Retornable)
Tapa A WS Central,Producto almacenable,Producto almacenable,Retornable / Producto en proceso (Retornable)
Tapa A WS Driver,Producto almacenable,Producto almacenable,Retornable / Producto en proceso (Retornable)
Tapa A WS passenger,Producto almacenable,Producto almacenable,Retornable / Producto en proceso (Retornable)
Tapa B WS Central,Producto almacenable,Producto almacenable,Retornable / Producto en proceso (Retornable)
Tapa B WS Driver,Producto almacenable,Producto almacenable,Retornable / Producto en proceso (Retornable)
Tapa B WS Passenger,Producto almacenable,Producto almacenable,Retornable / Producto en proceso (Retornable)
Tapa armada front and rear,Producto almacenable,Producto almacenable,Retornable / Producto en proceso (Retornable)
Tapa backframe,Producto almacenable,Producto almacenable,Cartón / Materia Prima (Cartón)
Tapa backup Chrysler,Producto almacenable,Producto almacenable,Cartón / Producto Terminado (Cartón)
Tapa inferior Array - Prolamsa,Producto almacenable,Producto almacenable,Cartón / Producto en proceso (Cartón)
Tapa para cuello BC48,Consumible,Consumible,Servicios
Tapa para resortes,Producto almacenable,Producto almacenable,Cartón / Producto en proceso (Cartón)
Tapa superior Array - Prolamsa,Producto almacenable,Producto almacenable,Cartón / Producto en proceso (Cartón)
"Tarima Audi 48"" X 42"" HT",Producto almacenable,Producto almacenable,Cartón / Materia Prima (Cartón)
Tarima Nueva con tratamiento ht,Consumible,Consumible,Servicios
Tarima de madera 40x48 inches de rehuso,Producto almacenable,Producto almacenable,Cartón / Producto Comercialización (Cartón)
"Tarima de madera 45""X48"" con  tratamiento térmico",Producto almacenable,Producto almacenable,Cartón / Producto Comercialización (Cartón)
Tarima de madera nueva 40x48 con tratamiento HT,Consumible,Consumible,Servicios
Tesla & Hasagui & MOPF. Bolsa Evolon. Gde. ( Impresion igual Tesla y MOPF).,Producto almacenable,Producto almacenable,Retornable / Producto Terminado (Retornable)
Tesla Armrest,Producto almacenable,Producto almacenable,Cartón / Producto Terminado (Cartón)
Tesla IP. Glove Box 2.60 x 48. A pieza.,Producto almacenable,Producto almacenable,Cartón / Producto Terminado (Cartón)
Tesla IP. Glove Box 2.60 x 48. B pieza.,Producto almacenable,Producto almacenable,Cartón / Producto Terminado (Cartón)
Tesla IP. Glove Box 2.60 x 48. C pieza.,Producto almacenable,Producto almacenable,Cartón / Producto Terminado (Cartón)
Tesla IP. Glove Box 2.60 x 48. CELDADO.,Producto almacenable,Producto almacenable,Cartón / Producto Terminado (Cartón)
Tesla IP. Glove Box 2.60 x 48. Cuello Comp. 60 x 48,Producto almacenable,Producto almacenable,Cartón / Producto Terminado (Cartón)
Tesla IP. Glove Box 2.60 x 48. INSERTO 1.,Producto almacenable,Producto almacenable,Cartón / Producto Terminado (Cartón)
Tesla IP. Glove Box 2.60 x 48. MEDIO CUELLO,Producto almacenable,Producto almacenable,Cartón / Producto Terminado (Cartón)
Tesla IP. Glove Box 2.60 x 48. PAD,Producto almacenable,Producto almacenable,Cartón / Producto Terminado (Cartón)
Tesla Y. Console. End Panel & Console Armrest. Tapa para Ropack 4845,Producto almacenable,Producto almacenable,Retornable / Producto en proceso (Retornable)
Tesla Y. Console. End Panel. Dunnage con textil especializado para ropak 45*48*25 Std pack de 65 cav.,Producto almacenable,Producto almacenable,Retornable / Producto Terminado (Retornable)
Tesla viniles P2 - Phone deco Dunnage,Producto almacenable,Producto almacenable,Retornable / Producto Comercialización (Retornable)
Tesla viniles P2 - Phone dock deco Dunnage,Producto almacenable,Producto almacenable,Retornable / Producto Comercialización (Retornable)
Tesla viniles P2 - Side panel RH,Producto almacenable,Producto almacenable,Retornable / Producto Terminado (Retornable)
Tesla viniles P2 - Side panel RH particion,Producto almacenable,Producto almacenable,Retornable / Producto en proceso (Retornable)
Tesla viniles P2 - Side panel RH tray,Producto almacenable,Producto almacenable,Retornable / Producto en proceso (Retornable)
Tesla viniles P2 - top cover dunnage,Producto almacenable,Producto almacenable,Retornable / Producto Comercialización (Retornable)
Thermoformed Tray for 252.181-00,Servicio,Servicio,Servicios
Thermoformed Tray for 252.541-00,Servicio,Servicio,Servicios
Thermoformed cap design for inner lens,Servicio,Servicio,Servicios
Tira para tapa front and rear,Producto almacenable,Producto almacenable,Retornable / Producto en proceso (Retornable)
Tiron 2 RU - YF QRO,Producto almacenable,Producto almacenable,Retornable / Producto en proceso (Retornable)
Tiron RU - YF QRO,Producto almacenable,Producto almacenable,Retornable / Producto en proceso (Retornable)
Tiron RU - YF ramos,Producto almacenable,Producto almacenable,Retornable / Producto en proceso (Retornable)
Tooling for 646D Cardboard pkg development,Servicio,Servicio,Servicios
Tooling for dunnage (Herramental para celdado sudafrica),Servicio,Servicio,Servicios
Tooling for dunnage XLINK (Herramental para soporte XLINK celdado sudafrica),Servicio,Servicio,Servicios
Tote 2415-07 reforzado,Producto almacenable,Producto almacenable,Retornable / Producto Comercialización (Retornable)
Toyota. MCV. A. Pieza.,Producto almacenable,Producto almacenable,Cartón / Producto en proceso (Cartón)
Toyota. MCV. B. Pieza.,Producto almacenable,Producto almacenable,Cartón / Producto en proceso (Cartón)
Toyota. MCV. C. Pieza.,Producto almacenable,Producto almacenable,Cartón / Producto en proceso (Cartón)
Toyota. MCV. Caja Armada.,Producto almacenable,Producto almacenable,Cartón / Producto en proceso (Cartón)
Toyota. MCV. Caja Troquelada.,Producto almacenable,Producto almacenable,Cartón / Producto en proceso (Cartón)
Toyota. MCV. Celda Armada.,Producto almacenable,Producto almacenable,Cartón / Producto en proceso (Cartón)
Toyota. MCV. D. Inserto.,Producto almacenable,Producto almacenable,Cartón / Producto en proceso (Cartón)
Toyota. MCV. E. Inserto.,Producto almacenable,Producto almacenable,Cartón / Producto en proceso (Cartón)
Toyota. MCV. Esquinero.,Producto almacenable,Producto almacenable,Cartón / Producto en proceso (Cartón)
Toyota. MCV. Pad Polifoam.,Producto almacenable,Producto almacenable,Cartón / Producto en proceso (Cartón)
Toyota. MCV. Tapa Gral. Pieza.,Producto almacenable,Producto almacenable,Cartón / Producto en proceso (Cartón)
Toyota. MCV. Tapa Individual.,Producto almacenable,Producto almacenable,Cartón / Producto en proceso (Cartón)
Tramo Perfil 10mm ( 2440 mm).,Producto almacenable,Producto almacenable,Retornable / Materia Prima (Retornable)
"Tubo ced 40 de 1/2"" (13 mm) (2.77 mm esp) a 6mts",Producto almacenable,Producto almacenable,Retornable / Materia Prima (Retornable)
Tubo soporte - YF RU QRO,Producto almacenable,Producto almacenable,Retornable / Producto en proceso (Retornable)
Tubo soporte corto - YF RU Ramos,Producto almacenable,Producto almacenable,Retornable / Producto en proceso (Retornable)
Tubo soporte largo - YF RU Ramos,Producto almacenable,Producto almacenable,Retornable / Producto en proceso (Retornable)
U DE LA 745,Producto almacenable,Producto almacenable,Cartón / Producto Terminado (Cartón)
U553 ALTERNO CELDA A,Producto almacenable,Producto almacenable,Cartón / Producto en proceso (Cartón)
U553 ALTERNO CELDA ARMADA,Producto almacenable,Producto almacenable,Cartón / Producto Terminado (Cartón)
U553 ALTERNO CELDA B,Producto almacenable,Producto almacenable,Cartón / Producto en proceso (Cartón)
U553 ALTERNO CELDA C,Producto almacenable,Producto almacenable,Cartón / Producto en proceso (Cartón)
U553 ALTERNO CELDA D,Producto almacenable,Producto almacenable,Cartón / Producto en proceso (Cartón)
U553 ALTERNO CELDA E,Producto almacenable,Producto almacenable,Cartón / Producto en proceso (Cartón)
U553 ALTERNO CELDA F,Producto almacenable,Producto almacenable,Cartón / Producto en proceso (Cartón)
U553 ALTERNO CELDA G,Producto almacenable,Producto almacenable,Cartón / Producto en proceso (Cartón)
U553 ALTERNO KIT,Producto almacenable,Producto almacenable,Cartón / Kit (Cartón)
U553 ALTERNO RSC,Producto almacenable,Producto almacenable,Cartón / Producto Terminado (Cartón)
U554. Hud. Outer Case.,Producto almacenable,Producto almacenable,Retornable / Producto Terminado (Retornable)
U725 DOOR PANEL REAR con ITB,Producto almacenable,Producto almacenable,Cartón / Producto Terminado (Cartón)
U725 DP - FRT,Producto almacenable,Producto almacenable,Cartón / Producto Terminado (Cartón)
U725 DUNNAGE,Producto almacenable,Producto almacenable,Retornable / Producto Terminado (Retornable)
U725 DUNNAGE CELDA A,Producto almacenable,Producto almacenable,Retornable / Producto en proceso (Retornable)
U725 DUNNAGE CELDA B,Producto almacenable,Producto almacenable,Retornable / Producto en proceso (Retornable)
U725 DUNNAGE CELDA C,Producto almacenable,Producto almacenable,Retornable / Producto en proceso (Retornable)
U725 DUNNAGE CELDA D,Producto almacenable,Producto almacenable,Retornable / Producto en proceso (Retornable)
U725 DUNNAGE CELDA E,Producto almacenable,Producto almacenable,Retornable / Producto en proceso (Retornable)
U725 DUNNAGE CELDA F,Producto almacenable,Producto almacenable,Retornable / Producto en proceso (Retornable)
U725 DUNNAGE CUNA CORTA,Producto almacenable,Producto almacenable,Retornable / Producto en proceso (Retornable)
U725 DUNNAGE CUNA LARGA,Producto almacenable,Producto almacenable,Retornable / Producto en proceso (Retornable)
U725 DUNNAGE PERFIL CORTO,Producto almacenable,Producto almacenable,Retornable / Producto en proceso (Retornable)
U725 DUNNAGE PERFIL LARGO,Producto almacenable,Producto almacenable,Retornable / Producto en proceso (Retornable)
U725 DUNNAGE TAPA CORTA,Producto almacenable,Producto almacenable,Retornable / Producto en proceso (Retornable)
U725 DUNNAGE TAPA LARGA,Producto almacenable,Producto almacenable,Retornable / Producto en proceso (Retornable)
U725 Door Panel Reae. HSC,Producto almacenable,Producto almacenable,Cartón / Producto en proceso (Cartón)
U725 FC,Producto almacenable,Producto almacenable,Cartón / Materia Prima (Cartón)
U725 FC - Celda A,Producto almacenable,Producto almacenable,Cartón / Producto en proceso (Cartón)
U725 FC - Celda B,Producto almacenable,Producto almacenable,Cartón / Producto en proceso (Cartón)
U725 Floor console,Producto almacenable,Producto almacenable,Cartón / Kit (Cartón)
U725 Floor console - Caja HSC,Producto almacenable,Producto almacenable,Cartón / Producto Terminado (Cartón)
U725. DIAL. A. Insert. XLPE BLACK D-2# PCF (220 X 133 X 38 mm),Producto almacenable,Producto almacenable,Retornable / Materia Prima (Retornable)
U725. DIAL. A. Insert. XLPE BLACK D-2# PCF (220 X 133 X 38 mm) (copia),Producto almacenable,Producto almacenable,Retornable / Materia Prima (Retornable)
U725. DIAL. B. Insert. XLPE BLACK D-2# PCF ( 220 X 38 X 25 mm),Producto almacenable,Producto almacenable,Retornable / Materia Prima (Retornable)
U725. DIAL. Charola.,Producto almacenable,Producto almacenable,Retornable / Producto en proceso (Retornable)
U725. DMS. Caja.,Producto almacenable,Producto almacenable,Cartón / Producto en proceso (Cartón)
U725. DMS. Celda ITB.,Producto almacenable,Producto almacenable,Cartón / Materia Prima (Cartón)
U725DP - FRONT,Producto almacenable,Producto almacenable,Cartón / Materia Prima (Cartón)
U725DP - REAR,Producto almacenable,Producto almacenable,Cartón / Materia Prima (Cartón)
USE FOR CNC MACHINE TO RUN SAMPLES,Consumible,Consumible,Servicios
"Un vehículo usado en las condiciones en las que se encuentra marca DODGE, tipo RAM 4000 Chasis Cabina PL 5.7L 5MT 4X2 año modelo 2024, número de serie 3C7WRAKT3RG183192, número de motor H EN MEXICO. Este comprobante sustituye a la factura número A048292 expedida por MIRADOR AUTOMOTRIZ, S.A. DE C.V. el 15 de febrero de 2024.",Servicio,Servicio,Servicios
VA. 3895. Large. Pad.,Producto almacenable,Producto almacenable,Cartón / Producto Terminado (Cartón)
VA40-64230 - J34A - CX-X,Producto almacenable,Producto almacenable,Retornable / Producto Terminado (Retornable)
VA40-64230 Dunnage,Producto almacenable,Producto almacenable,Retornable / Producto en proceso (Retornable)
VA40-64240 Dunnage,Producto almacenable,Producto almacenable,Retornable / Producto en proceso (Retornable)
VA40-6804X - J34A - CX-X,Producto almacenable,Producto almacenable,Retornable / Producto Terminado (Retornable)
VA40-6804X Dunnage,Producto almacenable,Producto almacenable,Retornable / Producto en proceso (Retornable)
VA40-6804Y Dunnage,Producto almacenable,Producto almacenable,Retornable / Producto en proceso (Retornable)
VA40-68160 - J34A - CX-X,Producto almacenable,Producto almacenable,Retornable / Producto Terminado (Retornable)
VA40-68160 Dunnage,Producto almacenable,Producto almacenable,Retornable / Producto en proceso (Retornable)
VA40-68170 Dunnage,Producto almacenable,Producto almacenable,Retornable / Producto en proceso (Retornable)
VA40-68894 Dunnage,Producto almacenable,Producto almacenable,Retornable / Producto Terminado (Retornable)
VA40-68940 Dunnage,Producto almacenable,Producto almacenable,Retornable / Producto Terminado (Retornable)
VA40-68HXX - Dunnage,Producto almacenable,Producto almacenable,Retornable / Producto en proceso (Retornable)
VA40-68HXX - Tray,Producto almacenable,Producto almacenable,Retornable / Producto en proceso (Retornable)
VA40-68HXX - ensamble 1,Producto almacenable,Producto almacenable,Retornable / Producto en proceso (Retornable)
"VARILLA REDONDA 3/16""",Producto almacenable,Producto almacenable,Retornable / Materia Prima (Retornable)
VASO CONICO C/250 PZAS,Consumible,Consumible,Cartón / Consumibles (Cartón)
VA_CHN_ITB CELL,Producto almacenable,Producto almacenable,Cartón / Materia Prima (Cartón)
VA_CHN_ITB CELL,Producto almacenable,Producto almacenable,Cartón / Materia Prima (Cartón)
VC167. 249.595-01-02. Dunnage 165 cav. en Totte con Tapas.,Producto almacenable,Producto almacenable,Retornable / Producto Terminado (Retornable)
VC167. 249.595-01-02. Totte con Tapa y 4 Charolas con Dunnage.,Producto almacenable,Producto almacenable,Retornable / Producto Terminado (Retornable)
VC167. 249.602-01-02. Dunnage 104 cav. en Totte con Tapas.,Producto almacenable,Producto almacenable,Retornable / Producto Terminado (Retornable)
VC167. LENS SMR. Dunnage evolon 135 cav. en Totte con Tapas.,Producto almacenable,Producto almacenable,Retornable / Producto Terminado (Retornable)
"VELCOR CORTO 1"" LENTE INNER",Producto almacenable,Producto almacenable,Retornable / Producto en proceso (Retornable)
"VELCOR LARGO 1"" LENTE INNER",Producto almacenable,Producto almacenable,Retornable / Producto en proceso (Retornable)
VELCRO 1 CORTO PARA DUNNAGE 2415,Producto almacenable,Producto almacenable,Retornable / Producto en proceso (Retornable)
VELCRO 1 FELPA,Producto almacenable,Producto almacenable,Retornable / Materia Prima (Retornable)
VELCRO 1 GANCHO,Producto almacenable,Producto almacenable,Cartón / Materia Prima (Cartón)
VELCRO 1 LARGO PARA DUNNAGE 2415,Producto almacenable,Producto almacenable,Retornable / Producto en proceso (Retornable)
"VELCRO 1"" AUTO - MEDIA TAPA 4548 ROPACK",Producto almacenable,Producto almacenable,Retornable / Producto en proceso (Retornable)
"VELCRO 1"" AUTO FELPA TAPA CLUSTER CAP",Producto almacenable,Producto almacenable,Retornable / Producto en proceso (Retornable)
"VELCRO 1"" FELPA AUTOADHERIBLE",Producto almacenable,Producto almacenable,Retornable / Producto Comercialización (Retornable)
"VELCRO 1"" FELPA AUTOADHERIBLE",Producto almacenable,Producto almacenable,Retornable / Materia Prima (Retornable)
"VELCRO 1"" FELPA PARA TAPA ARMADA 2415",Producto almacenable,Producto almacenable,Retornable / Producto en proceso (Retornable)
"VELCRO 1"" FELPA PARA TAPA BOLSTER DRIVER",Producto almacenable,Producto almacenable,Retornable / Producto en proceso (Retornable)
"VELCRO 1"" FELPA TAPA CLUSTER BEZEL",Producto almacenable,Producto almacenable,Retornable / Producto en proceso (Retornable)
"VELCRO 1"" FELPA TAPA SEPAKER GRILLE",Producto almacenable,Producto almacenable,Retornable / Producto en proceso (Retornable)
"VELCRO 1"" GANCHO AUTOADHERIBLE",Producto almacenable,Producto almacenable,Retornable / Materia Prima (Retornable)
"VELCRO 1"" GANCHO PARA TAPA ARMADA 2415",Producto almacenable,Producto almacenable,Retornable / Producto en proceso (Retornable)
"VELCRO 1"" GANCHO PARA TAPA BOLSTER DRIVER",Producto almacenable,Producto almacenable,Retornable / Producto en proceso (Retornable)
"VELCRO 1"" GANCHO TAPA CLUSTER BEZEL",Producto almacenable,Producto almacenable,Retornable / Producto en proceso (Retornable)
"VELCRO 1"" GANCHO TAPA SPEAKER GRILLE",Producto almacenable,Producto almacenable,Retornable / Producto en proceso (Retornable)
VELCRO 2 FELPA,Producto almacenable,Producto almacenable,Cartón / Materia Prima (Cartón)
VELCRO 2 GANCHO,Producto almacenable,Producto almacenable,Cartón / Materia Prima (Cartón)
"VELCRO 2"" FELPA AUTOADHERIBLE",Producto almacenable,Producto almacenable,Retornable / Materia Prima (Retornable)
"VELCRO 2"" GANCHO AUTOADHERIBLE",Producto almacenable,Producto almacenable,Retornable / Materia Prima (Retornable)
"VELCRO 2"" GANCHO PARA BOLSTER DRIVER",Producto almacenable,Producto almacenable,Retornable / Producto en proceso (Retornable)
"VELCRO 2"" GANCHO TAPA CLUSTER BEZEL",Producto almacenable,Producto almacenable,Retornable / Producto en proceso (Retornable)
"VELCRO 2"" PARA TAPA ARMADA 2415",Producto almacenable,Producto almacenable,Retornable / Producto en proceso (Retornable)
"VELCRO 2"" TAPA SPEAKER GRILLE",Producto almacenable,Producto almacenable,Retornable / Producto en proceso (Retornable)
"VELCRO AUTO 1"" FELPA PARA TAPA BOLSTER DRIVER",Producto almacenable,Producto almacenable,Retornable / Producto en proceso (Retornable)
"VELCRO AUTO 1"" LENTE INNER",Producto almacenable,Producto almacenable,Retornable / Producto en proceso (Retornable)
"VELCRO AUTO 1"" PARA DUNNAGE 2415",Producto almacenable,Producto almacenable,Retornable / Producto en proceso (Retornable)
VELCRO AUTO DUNNAGE BOLSTER DRIVER,Producto almacenable,Producto almacenable,Retornable / Producto en proceso (Retornable)
VELCRO AUTO GANCHO PARA TAPA TOTE 2415,Producto almacenable,Producto almacenable,Retornable / Producto en proceso (Retornable)
"VELCRO AUTOADHERIBLE 1"" PARA DUNNAGE SPEAKER GRILLE",Producto almacenable,Producto almacenable,Retornable / Producto en proceso (Retornable)
VELCRO AUTOADHERIBLE 20MM,Producto almacenable,Producto almacenable,Retornable / Materia Prima (Retornable)
VELCRO AUTOADHERIBLE 25MM,Producto almacenable,Producto almacenable,Retornable / Materia Prima (Retornable)
VELCRO AUTOADHERIBLE FELPA PARA TAPA SPEAKER GRILLE,Producto almacenable,Producto almacenable,Retornable / Producto en proceso (Retornable)
"VELCRO CORTO 2"" GANCHO TAPA CLUSTER CAP",Producto almacenable,Producto almacenable,Retornable / Producto en proceso (Retornable)
VELCRO CORTO FELPA PARA DUNNAGE SPEAKER GRILLE,Producto almacenable,Producto almacenable,Retornable / Producto en proceso (Retornable)
"VELCRO FELPA 1"" - MEDIA TAPA 45""",Producto almacenable,Producto almacenable,Retornable / Producto en proceso (Retornable)
"VELCRO FELPA 1"" - MEDIA TAPA 4548 ROPACK",Producto almacenable,Producto almacenable,Retornable / Producto en proceso (Retornable)
"VELCRO FELPA 1"" - SHIFTER BEZEL",Producto almacenable,Producto almacenable,Retornable / Producto en proceso (Retornable)
"VELCRO FELPA 1"" TAPA 2224",Producto almacenable,Producto almacenable,Retornable / Producto en proceso (Retornable)
"VELCRO FELPA 1"" TAPA 4548 PASSENGER",Producto almacenable,Producto almacenable,Retornable / Producto en proceso (Retornable)
"VELCRO FELPA 2"" - MEDIA TAPA 45""",Producto almacenable,Producto almacenable,Retornable / Producto en proceso (Retornable)
VELCRO FELPA AUTO TAPA CLUSTER BEZEL,Producto almacenable,Producto almacenable,Retornable / Producto en proceso (Retornable)
VELCRO FELPA DUNNAGE BOLSTER DRIVER,Producto almacenable,Producto almacenable,Retornable / Producto en proceso (Retornable)
VELCRO FELPA TAPA 2224,Producto almacenable,Producto almacenable,Retornable / Producto en proceso (Retornable)
VELCRO FELPA TAPA A - DUNNAGE CLUSTER,Producto almacenable,Producto almacenable,Retornable / Producto en proceso (Retornable)
"VELCRO GANCHO 1"" - MEDIA TAPA 45""",Producto almacenable,Producto almacenable,Retornable / Producto en proceso (Retornable)
"VELCRO GANCHO 1"" - MEDIA TAPA 4548 ROPACK",Producto almacenable,Producto almacenable,Retornable / Producto en proceso (Retornable)
"VELCRO GANCHO 1"" TAPA 2224",Producto almacenable,Producto almacenable,Retornable / Producto en proceso (Retornable)
"VELCRO GANCHO 1"" TAPA 4548 PASSENGER",Producto almacenable,Producto almacenable,Retornable / Producto en proceso (Retornable)
"VELCRO GANCHO 2"" TAPA 2224",Producto almacenable,Producto almacenable,Retornable / Producto en proceso (Retornable)
"VELCRO GANCHO 2"" TAPA 4548 PASSENGER",Producto almacenable,Producto almacenable,Cartón / Producto en proceso (Cartón)
VELCRO GANCHO TAPA B - DUNNAGE CLUSTER,Producto almacenable,Producto almacenable,Retornable / Producto en proceso (Retornable)
"VELCRO LARGO 2"" GANCHO TAPA CLUSTER CAP",Producto almacenable,Producto almacenable,Retornable / Producto en proceso (Retornable)
VELCRO LARGO PARA DUNNAGE SPEAKER GRILLE,Producto almacenable,Producto almacenable,Retornable / Producto en proceso (Retornable)
VELCRO PARA HT B PILLAR,Producto almacenable,Producto almacenable,Retornable / Producto Terminado (Retornable)
VENTANA 745,Producto almacenable,Producto almacenable,Cartón / Producto Terminado (Cartón)
VENTANA 745,Producto almacenable,Producto almacenable,Cartón / Materia Prima (Cartón)
VENTILA-TELA 17 gr,Producto almacenable,Producto almacenable,Cartón / Producto Terminado (Cartón)
Venta de Dólares,Servicio,Servicio,Servicios
Vista portavasos - Celda,Producto almacenable,Producto almacenable,Cartón / Producto Terminado (Cartón)
Vista portavasos - Celda A,Producto almacenable,Producto almacenable,Cartón / Producto en proceso (Cartón)
Vista portavasos - Celda B,Producto almacenable,Producto almacenable,Cartón / Producto en proceso (Cartón)
Volvo 723 ip,Producto almacenable,Producto almacenable,Retornable / Producto Terminado (Retornable)
"W040003-C Returnable Pkg AR FR LH FIP, Y0199258",Producto almacenable,Producto almacenable,Retornable / Producto Terminado (Retornable)
W040003-C Returnable Pkg AR FR LH SUBSTRATE,Producto almacenable,Producto almacenable,Retornable / Producto Terminado (Retornable)
"W040003-C Returnable Pkg AR FR RH FIP, Y0199258",Producto almacenable,Producto almacenable,Retornable / Producto Terminado (Retornable)
W040003-C Returnable Pkg AR FR RH SUBSTRATE,Producto almacenable,Producto almacenable,Retornable / Producto Terminado (Retornable)
"W040003-C Returnable Pkg AR RR LH SUBSTRATE, Y0199258",Producto almacenable,Producto almacenable,Retornable / Producto Terminado (Retornable)
"W040003-C Returnable Pkg AR RR RH SUBSTRATE, Y0199258",Producto almacenable,Producto almacenable,Retornable / Producto Terminado (Retornable)
W04001,Consumible,Consumible,EMPAQUES
"W04001 CELDA ""A"" & INSERT ""E"" IP",Servicio,Servicio,Servicios
"W04001 CELL ""A"" & INSERT ""A"", ""B""",Servicio,Servicio,Servicios
"W04001 CELL ""A"" IP EVEREST GLOVE",Servicio,Servicio,Servicios
W04001 COSTO DE ESTADIAS POR,Servicio,Servicio,Servicios
"W04001 HERRAMENTAL CELDA ""E"" E",Servicio,Servicio,Servicios
W04001 TEST ISTA 3E WITH CENTRO,Servicio,Servicio,Servicios
W04002 - DUNNAGE 18X,Producto almacenable,Producto almacenable,Retornable / Producto Terminado (Retornable)
W04002 - DUNNAGE 40X,Producto almacenable,Producto almacenable,Retornable / Producto Terminado (Retornable)
W04002 Incremento Diferencia de costo,Producto almacenable,Producto almacenable,Retornable / Producto Terminado (Retornable)
W04002 Packaging - Other Packaging,Producto almacenable,Producto almacenable,Retornable / Producto Terminado (Retornable)
W04002-C Passenger ing Material Capex,Producto almacenable,Producto almacenable,Retornable / Producto Terminado (Retornable)
W04003 RETURNABLE PKG,Servicio,Servicio,Servicios
W04003 Rack Rework,Servicio,Servicio,Servicios
W04003 Returnable Pkg (NF200173 Rivian R1T/R1S Premium DP),Producto almacenable,Producto almacenable,Retornable / Producto Terminado (Retornable)
"W04003--C Returnable Pkg G45_dunnage_top shoulder_45""X45""40X en lona coating 13 oz con tapa transflex. Incluye montado de dunnage a contenedor_Y0952031",Producto almacenable,Producto almacenable,Retornable / Producto Terminado (Retornable)
W04003-C,Producto almacenable,Producto almacenable,Retornable / Producto Terminado (Retornable)
W04003-C RETURNABLE PKG,Producto almacenable,Producto almacenable,Retornable / Producto Terminado (Retornable)
W04003-C Returnable  PKG YO232763 Universal steel rack and textil dunnage,Producto almacenable,Producto almacenable,Retornable / Producto Terminado (Retornable)
W04003-C Returnable Dunnage - Dunnage 20 CAV HEADLINER,Producto almacenable,Producto almacenable,Retornable / Producto Terminado (Retornable)
W04003-C Returnable Dunnage DUNNAGE EN PLASTILONA CON 20 CAVIDADES PARA INSTALAR EN RACK 64X43X79,Producto almacenable,Producto almacenable,Retornable / Producto Terminado (Retornable)
W04003-C Returnable Dunnage- Dunnage de Cortilona Antidust con cubierta de lona transflex Piso de Polifoam No incluye ropack,Producto almacenable,Producto almacenable,Retornable / Producto Terminado (Retornable)
W04003-C Returnable PKG YO232752 Universal steel rack and textil dunnage,Producto almacenable,Producto almacenable,Retornable / Producto Terminado (Retornable)
W04003-C Returnable PKG YO232756 Universal steel rack and textil dunnage,Producto almacenable,Producto almacenable,Retornable / Producto Terminado (Retornable)
W04003-C Returnable PKG YO232764 Universal steel rack and textil dunnage,Producto almacenable,Producto almacenable,Retornable / Producto Terminado (Retornable)
"W04003-C Returnable Package REFURBISH (Incluye pintura, velcros, almas para colgado de tapa, consumibles para cardado de areas oxidadas, etiquetas kennedy y tubo de colgado de bolsas)",Producto almacenable,Producto almacenable,Retornable / Producto Terminado (Retornable)
W04003-C Returnable Pkg Y0232753 UNIVERSAL STEEL RACK AND TEXTILE DUNNAGE LH,Producto almacenable,Producto almacenable,Retornable / Producto Terminado (Retornable)
W04003-C Returnable Pkg Y0232753 UNIVERSAL STEEL RACK AND TEXTILE DUNNAGE RH,Producto almacenable,Producto almacenable,Retornable / Producto Terminado (Retornable)
W04003-C Returnable Pkg Y0467197 - RACK UNIVERSAL,Producto almacenable,Producto almacenable,Retornable / Producto Terminado (Retornable)
W04003-C Returnable Pkg Y0467205 - RACK UNIVERSAL+ ACCESORIOS + RFID'S,Producto almacenable,Producto almacenable,Retornable / Producto Terminado (Retornable)
W04003-C Returnable Pkg YO232755 Universal steel rack and textile dunnage,Producto almacenable,Producto almacenable,Retornable / Producto Terminado (Retornable)
W04003-C Returnable Pkg YO232757 Universal steel rack and textil dunnage,Producto almacenable,Producto almacenable,Retornable / Producto Terminado (Retornable)
W04003-C Returnable Pkg YO232759 Universal steel rack and textil dunnage,Producto almacenable,Producto almacenable,Retornable / Producto Terminado (Retornable)
W04003-C Returnable Pkg YO232761 Universal steel rack and textil dunnage,Producto almacenable,Producto almacenable,Retornable / Producto Terminado (Retornable)
W04003-C Returnable Pkg YO232762 Universal Steel Rack and textile dunnage,Producto almacenable,Producto almacenable,Retornable / Producto Terminado (Retornable)
W04003-C Returnable Pkg YO232765 Universal steel rack and textile dunnage,Producto almacenable,Producto almacenable,Retornable / Producto Terminado (Retornable)
W04003-C Y1125690-WIP TOP PAD RACK UNIVERSAL CANTILIVER (parts to pack:/0466787 & Y0471709) 24 CAV,Producto almacenable,Producto almacenable,Retornable / Producto Terminado (Retornable)
W04003-C_Returnable pkg_VW 426 PLASTIC DUNNAGE WIP FRONT ARMREST 484534´s_DUNNAGE DE PLASTICOCORRUGADO 4MM CARRADA CON CALOR + TAPAS TRANSFLEX UEN CONTENEDOR48´´X45´´X34´´_CAVIDADES: 60 CAVIDADESDOBLES=120 PIEZAS,Servicio,Servicio,Servicios
W04003-C_Returnable pkg_VW 426 PLASTIC DUNNAGE WIP REAR ARMREST 484539´s_DUNNAGE DE PLASTICOCORRUGADO 4MM CARRADA CON CALOR + TAPAS TRANSFLEX UEN CONTENEDOR48´´X45´´X39´´_CAVIDADES: 77 CAVIDADESDOBLES=154 PIEZAS,Servicio,Servicio,Servicios
WINDOW PLATE 500B,Producto almacenable,Producto almacenable,Retornable / Producto Terminado (Retornable)
WL CAMARA CELDA A,Producto almacenable,Producto almacenable,Cartón / Producto en proceso (Cartón)
WL CAMARA CELDA ARMADA,Producto almacenable,Producto almacenable,Cartón / Producto Terminado (Cartón)
WL CAMARA CELDA B,Producto almacenable,Producto almacenable,Cartón / Producto en proceso (Cartón)
WL CAMARA CELDA C,Producto almacenable,Producto almacenable,Cartón / Producto en proceso (Cartón)
WL FRONT REFLECTOR PACKAGES,Producto almacenable,Producto almacenable,Retornable / Producto Terminado (Retornable)
WL FRONT. CCP. Charola Coroplast 6 cav.,Producto almacenable,Producto almacenable,Retornable / Producto Terminado (Retornable)
WL Front. Rack con Dunnage. CORTE de Plastilona Azul.,Producto almacenable,Producto almacenable,Retornable / Producto en proceso (Retornable)
WL Front. Rack con Dunnage. CORTE de Plastilona Blanca.,Producto almacenable,Producto almacenable,Retornable / Producto en proceso (Retornable)
WL REAR REFLECTOR PACKAGES,Producto almacenable,Producto almacenable,Retornable / Producto Terminado (Retornable)
WOM FRONT & REAR,Producto almacenable,Producto almacenable,Cartón / Materia Prima (Cartón)
WS - Cell,Producto almacenable,Producto almacenable,Cartón / Producto Terminado (Cartón)
WS - Cell A,Producto almacenable,Producto almacenable,Cartón / Producto en proceso (Cartón)
WS - Cell B,Producto almacenable,Producto almacenable,Cartón / Producto en proceso (Cartón)
WS - Cell C,Producto almacenable,Producto almacenable,Cartón / Producto en proceso (Cartón)
WS CAJA,Producto almacenable,Producto almacenable,Cartón / Producto Terminado (Cartón)
WS CELDA A,Producto almacenable,Producto almacenable,Cartón / Producto en proceso (Cartón)
WS CELDA B,Producto almacenable,Producto almacenable,Cartón / Producto en proceso (Cartón)
WS Central - Viniles,Producto almacenable,Producto almacenable,Retornable / Producto Terminado (Retornable)
WS DP - DUNNAGE,Producto almacenable,Producto almacenable,Retornable / Producto en proceso (Retornable)
WS DP - TAPA,Producto almacenable,Producto almacenable,Retornable / Producto en proceso (Retornable)
WS Driver - Viniles,Producto almacenable,Producto almacenable,Retornable / Producto Terminado (Retornable)
WS FC 2ND ROW BASE CARRIER 1/2 HSC,Producto almacenable,Producto almacenable,Muestras / Producto en proceso (Muestras)
WS IP BEZEL OC,Producto almacenable,Producto almacenable,Cartón / Materia Prima (Cartón)
WS IP BEZEL OC LOWER HSC,Producto almacenable,Producto almacenable,Cartón / Producto en proceso (Cartón)
WS IP KIN BEZEL,Producto almacenable,Producto almacenable,Cartón / Materia Prima (Cartón)
WS IP KIN Bezel 1/2 HSC,Producto almacenable,Producto almacenable,Muestras / Producto en proceso (Muestras)
WS Passenger - Viniles,Producto almacenable,Producto almacenable,Retornable / Producto Terminado (Retornable)
Window plate 780B & U554,Producto almacenable,Producto almacenable,Retornable / Producto Terminado (Retornable)
Window plate 780B HUD - Tapa A,Producto almacenable,Producto almacenable,Retornable / Producto en proceso (Retornable)
Window plate 780B HUD - Tapa B,Producto almacenable,Producto almacenable,Retornable / Producto en proceso (Retornable)
X247 GLOVE BOX COVER OUTER DUNNAGE,Producto almacenable,Producto almacenable,Retornable / Producto Terminado (Retornable)
X247 IP LOWER DUNNAGE,Producto almacenable,Producto almacenable,Retornable / Producto Terminado (Retornable)
X247 NOZZLE DUNNAGE,Producto almacenable,Producto almacenable,Retornable / Producto Terminado (Retornable)
XLINK BACKFRAME 60%,Producto almacenable,Producto almacenable,Retornable / Materia Prima (Retornable)
XLINK BACKFRAME 60%,Producto almacenable,Producto almacenable,Retornable / Materia Prima (Retornable)
XLINK BACKFRAME 60%,Producto almacenable,Producto almacenable,Retornable / Materia Prima (Retornable)
XLINK BACKFRAME 60% - PARTICION 2,Producto almacenable,Producto almacenable,Retornable / Materia Prima (Retornable)
XLINK BACKFRAME 60% - PARTICION 2,Producto almacenable,Producto almacenable,Retornable / Materia Prima (Retornable)
XLINK DUNNAGE 40X,Producto almacenable,Producto almacenable,Retornable / Materia Prima (Retornable)
XLPE 2# NGO/ADHESIVO 8302 - 535MM x 49MM x 25.4MM,Producto almacenable,Producto almacenable,Retornable / Materia Prima (Retornable)
XLPE 2# SUDAFRICA BMW G01,Producto almacenable,Producto almacenable,Retornable / Materia Prima (Retornable)
XLPE 2# TAPA DECO ASSY PASSENGER,Producto almacenable,Producto almacenable,Retornable / Materia Prima (Retornable)
XLPE 4# BARRA SUDAFRICA 393 X 89 X 25.4MM,Producto almacenable,Producto almacenable,Cartón / Producto Comercialización (Cartón)
XLPE 4# BASE IGNITION,Producto almacenable,Producto almacenable,Retornable / Materia Prima (Retornable)
XLPE 4# BEZEL ENDCAP,Producto almacenable,Producto almacenable,Retornable / Materia Prima (Retornable)
XLPE 4# BOLSTER PASSENGER RIEL A,Producto almacenable,Producto almacenable,Retornable / Materia Prima (Retornable)
XLPE 4# BOLSTER PASSENGER RIEL B,Producto almacenable,Producto almacenable,Retornable / Materia Prima (Retornable)
XLPE 4# DE 1120 x 84 x 76.20MM,Producto almacenable,Producto almacenable,Retornable / Materia Prima (Retornable)
XLPE 4# DECO ALTO ASSY PASSENGER RIEL A,Producto almacenable,Producto almacenable,Retornable / Materia Prima (Retornable)
XLPE 4# DECO ALTO ASSY PASSENGER RIEL B,Producto almacenable,Producto almacenable,Retornable / Materia Prima (Retornable)
XLPE 4# DECO ASSY DRIVER RIEL A,Producto almacenable,Producto almacenable,Retornable / Materia Prima (Retornable)
XLPE 4# DECO ASSY DRIVER RIEL B,Producto almacenable,Producto almacenable,Retornable / Materia Prima (Retornable)
XLPE 4# DECO ASSY PASSENGER RIEL A,Producto almacenable,Producto almacenable,Retornable / Materia Prima (Retornable)
XLPE 4# DECO ASSY PASSENGER RIEL B,Producto almacenable,Producto almacenable,Retornable / Materia Prima (Retornable)
XLPE 4# DECO SOPORTE,Producto almacenable,Producto almacenable,Retornable / Materia Prima (Retornable)
XLPE 4# SHIFTER BEZEL,Producto almacenable,Producto almacenable,Retornable / Materia Prima (Retornable)
Y 2R 20 HEADREST PUR BLK TX,Producto almacenable,Producto almacenable,Cartón / Kit (Cartón)
Y0104436 WS FC,Producto almacenable,Producto almacenable,Cartón / Materia Prima (Cartón)
"Y012098, BAG SUB ASSY SUSTRTATO AND FOAM Y0019863",Producto almacenable,Producto almacenable,Cartón / Producto Terminado (Cartón)
"Y0124100, BAG FOR LOWER COVER CLOSEOUT Y0019860",Producto almacenable,Producto almacenable,Retornable / Producto Terminado (Retornable)
"Y0124106, BAG FOR ARMREST PIVOT CAP LH/RH Y0019903/4",Producto almacenable,Producto almacenable,Retornable / Producto Terminado (Retornable)
"Y0124107, BAG FOR END PANEL SUBS Y0020112",Producto almacenable,Producto almacenable,Retornable / Producto Terminado (Retornable)
Y0124109 WIP RACK WITH cantilever arms (not universal rack) DOUBLE SIDE LOADING RACK. CX727. Y0124109. RACK BASE.,Producto almacenable,Producto almacenable,Retornable / Producto Terminado (Retornable)
"Y0124110 ,BAG FOR 36 CAVITIES FOR BRIDGE LOWER COVER Y0069948",Producto almacenable,Producto almacenable,Cartón / Producto Terminado (Cartón)
Y0124110. WIP RACK. Whith Bag System ( not Universal ) double side loading Rack 36 cav per side. CX727.,Producto almacenable,Producto almacenable,Retornable / Producto Terminado (Retornable)
"Y0124111, BAG FOR 36 CAVITIES FOR BRIDGE TOP COVER Y0069944",Producto almacenable,Producto almacenable,Cartón / Producto Terminado (Cartón)
"Y0124111, BAG FOR 36 CAVITIES FOR BRIDGE TOP COVER Y0071450",Producto almacenable,Producto almacenable,Cartón / Producto Terminado (Cartón)
Y0199488. Bezel. Caja con ITB 80 cav.,Producto almacenable,Producto almacenable,Cartón / Producto Terminado (Cartón)
Y0199489 PTN.WS IP 60 CELL IBT,Producto almacenable,Producto almacenable,Cartón / Producto Terminado (Cartón)
Y02002,Producto almacenable,Producto almacenable,Cartón / Kit (Cartón)
Y02002 HERRAMENTAL,Consumible,Consumible,Servicios
Y02002 HERRAMENTAL.,Servicio,Servicio,Servicios
Y0467197 - DUNNAGE DE PLASTILONA ANTIDUST 121 CAV,Producto almacenable,Producto almacenable,Retornable / Producto Terminado (Retornable)
Y0467205 - DUNNAGE DE PLASTILONA ANTIDUST 108 CAV,Producto almacenable,Producto almacenable,Retornable / Producto Terminado (Retornable)
Y0981385 KIT. TES IP DEFROST,Producto almacenable,Producto almacenable,Cartón / Kit (Cartón)
Y0981386 KIT. TES IP QTR PNL,Producto almacenable,Producto almacenable,Cartón / Producto Terminado (Cartón)
Y0981387 KIT.TES IP MID PANEL,Producto almacenable,Producto almacenable,Cartón / Kit (Cartón)
Y0981388 KIT. TES TOP PAD,Producto almacenable,Producto almacenable,Cartón / Kit (Cartón)
YO981383 KIT.TES IP LOWER,Producto almacenable,Producto almacenable,Cartón / Kit (Cartón)
YO981383 KIT.TES IP LOWER.,Producto almacenable,Producto almacenable,Cartón / Kit (Cartón)
[223264 AS 30 99 0000 00 000  INSERTO GM177] 13791. GM177. Charola Armada.,Producto almacenable,Producto almacenable,Todos
"[BOX 938591 SIZE 16""] CAJA INDUSTRIAL 16""",Producto almacenable,Producto almacenable,Todos
[CAJA TMC 110 DK 51 ECT PV BMM] G45 PV BMM / CAJA.,Producto almacenable,Producto almacenable,Todos
[CC-1000] REMACHE 4.8 X 24,Producto almacenable,Producto almacenable,Todos
[CC-1009] PORTA ETIQUETA 180 X 60,Producto almacenable,Producto almacenable,Todos
[CC-1040] DISCO LAMINADO 4 1/2 TENAZIT,Producto almacenable,Producto almacenable,Todos
[CC-1098] TAQUETE P/TABLAROCA THORSMAN TPD 003934,Producto almacenable,Producto almacenable,Todos
[CC-1139] REMACHE 4 .8 X 15,Producto almacenable,Producto almacenable,Todos
"[CC-1293] ARANDELA PLANA DE 12.70MM 1/2"" ZINC",Producto almacenable,Producto almacenable,Todos
"[CC-1351] TUERCA DE SEGURIDAD NYLON STD 9.5MM 3/8"" ZINC",Producto almacenable,Producto almacenable,Todos
[CCB - CELDA B] CCB - CELDA A,Producto almacenable,Producto almacenable,Todos
[CCB - INSERTO A] CCB - INSERTO B,Producto almacenable,Producto almacenable,Todos
[CELDA A ESCURRIMIENTO NEXTRACKER] CELDA A ESCURRIMIENTO NEXTRACKER,Producto almacenable,Producto almacenable,Todos
[CELDA A MCV] CELDA A MCV,Producto almacenable,Producto almacenable,Todos
[CELDA A MCV] CELDA A MCV1,Producto almacenable,Producto almacenable,Todos
[CHAROLA HDPE CON FRNAJA DE COLOR HONDA DU] MOLDE DE MADERA PARA PROTO (copia),Consumible,Consumible,Todos
[CL12-1] ,Consumible,Consumible,Todos
"[CMP-4189] TARIMA 47"" X 63"" HT NUEVA",Producto almacenable,Producto almacenable,Cartón / Materia Prima (Cartón)
[CMP-C29-0063] PLANTA B 32,Producto almacenable,Producto almacenable,Todos
[CMP-C29-0064] CAJA CAMRY,Producto almacenable,Producto almacenable,Todos
[CMP-C32-4457] CELDA A GLOVE BOX,Producto almacenable,Producto almacenable,Todos
[CMP-C32-4844] TESLA IP CELDAS,Producto almacenable,Producto almacenable,Todos
[DEFAULT-3697] [RTM-0066] VELCRO 1 FELPA,Producto almacenable,Producto almacenable,Todos
"[DEFAULT-3782] [RTM-1530] TUBO 3/4"" CED. 30.15",Producto almacenable,Producto almacenable,Todos
[DEFAULT-4000] CAJA 1/2 2 30AA BACK UP,Producto almacenable,Producto almacenable,Cartón / Producto en proceso (Cartón)
[DEFAULT-4165] TARIMA 47X63 MY AUSTIN,Producto almacenable,Producto almacenable,Todos
[DEFAULT-4724] CMP-D42-4211 MY AUSTIN CCB 3- TAPA,Producto almacenable,Producto almacenable,Todos
[EQUIPO DE MANTENIMIENTO] EQUIPO DE MANTENIMIENTO,Consumible,Consumible,Todos
[INSERTO A ATI] INSERTO A ATI1,Producto almacenable,Producto almacenable,Todos
[MANTENIMIENTO DE MAQUINARIA] MANTENIMIENTO DE MAQUINARIACOMPRA DE CHUMACERAS PARA EXTRACTOR DE PINTURA,Consumible,Consumible,Todos
[RTM-0029] LONA TRANSFLEX,Producto almacenable,Producto almacenable,Todos
[RTM-0031] MICROALAMBRE 0.35 ACERO AL CARBON,Producto almacenable,Producto almacenable,Todos
[RTM-0033] ESQUINERO IZQ Y DER ( Unidad en PARES).,Producto almacenable,Producto almacenable,Todos
[RTM-0036] PLASTILONA ANTI DUST 18 PLUS  AZUL34.,Producto almacenable,Producto almacenable,Todos
"[RTM-0051] SOLERA 3/4"" GROSOR 1/8""",Producto almacenable,Producto almacenable,Todos
[RTM-0066] VELCRO 1 FELPA,Producto almacenable,Producto almacenable,Todos
[RTM-0066] VELCRO 1 FELPA||,Producto almacenable,Producto almacenable,Todos
[RTM-0067] VELCRO 2 FELPA,Producto almacenable,Producto almacenable,Todos
[RTM-0068] VELCRO 1 GANCHO4,Producto almacenable,Producto almacenable,Todos
"[RTM-0072] PTR 1"" X 1"" CAL. 14",Producto almacenable,Producto almacenable,Todos
[RTM-0093] NYLON ( CINTA DE POLIPROPILENO) 25 MM,Producto almacenable,Producto almacenable,Todos
[RTM-0093] NYLON ( CINTA DE POLIPROPILENO) 25 MM,Producto almacenable,Producto almacenable,Todos
[RTM-0099] SUJETADOR CHICO,Producto almacenable,Producto almacenable,Todos
[RTM-0100] SUJETADOR GRANDE,Producto almacenable,Producto almacenable,Todos
[RTM-0101] TYVECK- LONA 2473,Producto almacenable,Producto almacenable,Todos
[RTM-0110] GAS CARBONO CO2,Producto almacenable,Producto almacenable,Todos
[RTM-0113] Canaleta 5mm ( 2440 mm).,Producto almacenable,Producto almacenable,Cartón / Materia Prima (Procesada)
"[RTM-1160] VELCRO 2"" GANCHO AUTOADHERIBLE",Producto almacenable,Producto almacenable,Todos
"[RTM-1181] VELCRO 1"" GANCHO AUTOADHERIBLE",Producto almacenable,Producto almacenable,Todos
"[RTM-1182] STACKCAPS 1 1/2""",Producto almacenable,Producto almacenable,Todos
"[RTM-1297] SOLIDO REDONDO 5/8""",Producto almacenable,Producto almacenable,Todos
[RTM-1433] CORTILONA ANTI STAT 13,Producto almacenable,Producto almacenable,Todos
"[RTM-1530] TUBO 3/4"" CED. 30.15",Producto almacenable,Producto almacenable,Todos
[RTM-1722] CORTILONA ANTIDUST 13 BLANCA,Producto almacenable,Producto almacenable,Retornable / Materia Prima (Retornable)
[RTM-1727] SOPORTE REAR XLPE 6#,Producto almacenable,Producto almacenable,Todos
[RTM-2085] HANDHOLE TERMOFORMADO EN HDPE NEGRO ( Ciego).,Producto almacenable,Producto almacenable,Todos
[RTM-CB4-0011] COROPLAST 4MM 122X244  BLANCO,Producto almacenable,Producto almacenable,Todos
[RTM-CB4-0011] COROPLAST 4MM 122X244 BLANCO,Producto almacenable,Producto almacenable,Todos
[RTM-CB5-6001] COROPLAST 5.0 MM ESD 140 X 244 NEGRO,Producto almacenable,Producto almacenable,Todos
[RTM-CN4-1099] COROPLAST 4.0 MM 1.40 X 2.44MTS NEGRO CONDUCTIVO,Producto almacenable,Producto almacenable,Todos
[SER-0011] FLETE,Consumible,Consumible,Todos
[SER-0011] FLETE,Consumible,Consumible,Servicios
[SERV-0010] SERVICIO,Consumible,Consumible,Todos
[SERVICIOS DE TELEFONÍA] SERVICIOS DE TELEFONÍA,Consumible,Consumible,Todos
[TARIMA TESLA IP EVEREST IP -TARIMA  IP LOWER] TARIMA TESLA IP EVEREST IP -TARIMA  IP LOWER,Consumible,Consumible,Todos
[TESLA IP MID PANEL CELDADO] 20297. TESLA IP. MID PANEL. CELDADO.,Producto almacenable,Producto almacenable,Todos
[caja hsc con insertos de polifiam] caja armada back up T90,Producto almacenable,Producto almacenable,Todos
ancho maquina ,Producto almacenable,Producto almacenable,Todos
bezel,Consumible,Consumible,Todos
c5200,Producto almacenable,Producto almacenable,Retornable / Kit (Retornable)
cc-3680,Producto almacenable,Producto almacenable,Todos
express,Consumible,Consumible,Todos
grapa,Consumible,Consumible,Todos
headrest fronr,Consumible,Consumible,Todos
indi3,Consumible,Consumible,Todos
lamina lisa Cal.18  de 4*10 ( 1.2MM *1.22*3.05MTS,Producto almacenable,Producto almacenable,Retornable / Materia Prima (Retornable)
ll,Producto almacenable,Producto almacenable,Cartón / Kit (Cartón)
lona trna,Producto almacenable,Producto almacenable,Todos
mcv,Consumible,Consumible,Todos
nueva caja de cartón,Producto almacenable,Producto almacenable,Cartón / Producto Terminado (Cartón)
planta b,Producto almacenable,Producto almacenable,Cartón / Materia Prima (Cartón)
planta b (copia),Producto almacenable,Producto almacenable,Cartón / Materia Prima (Cartón)
qtr,Consumible,Consumible,Todos
rtm-0029+,Producto almacenable,Producto almacenable,Todos
rtm-0036,Producto almacenable,Producto almacenable,Todos
rtm-0071,Producto almacenable,Producto almacenable,Todos
rtm14,Producto almacenable,Producto almacenable,Todos
shock,Consumible,Consumible,Todos
